image_path;file_name;label
data/images/2661734b21874fdf9e35a4319a9e7462.jpg;2661734b21874fdf9e35a4319a9e7462.jpg;6
data/images/0c8af9b8e62f4cb498392e806236e5e0.jpg;0c8af9b8e62f4cb498392e806236e5e0.jpg;6
data/images/ecb33a23f90b47fe8ee1dfe3e4d5f0df.jpg;ecb33a23f90b47fe8ee1dfe3e4d5f0df.jpg;6
data/images/adc88a3f9fb34ae79142ba9f12a6f1e1.jpg;adc88a3f9fb34ae79142ba9f12a6f1e1.jpg;6
data/images/bc228459f662459f80fbce99bedd9d20.jpg;bc228459f662459f80fbce99bedd9d20.jpg;6
data/images/2f33d7aaa7684ad9a96e21845c8c7126.jpg;2f33d7aaa7684ad9a96e21845c8c7126.jpg;6
data/images/61b90b63dcb9479c9a7064c07a4d6645.jpg;61b90b63dcb9479c9a7064c07a4d6645.jpg;6
data/images/a6805b35d09d4b1ea3f0b1b51de6e32e.jpg;a6805b35d09d4b1ea3f0b1b51de6e32e.jpg;6
data/images/518889521019455a857729f9f1b9ab7e.jpg;518889521019455a857729f9f1b9ab7e.jpg;6
data/images/02e7fc0869664405961d6183c9650c09.jpg;02e7fc0869664405961d6183c9650c09.jpg;6
data/images/c3ad636657c341e0bf1dc79329a2f37f.jpg;c3ad636657c341e0bf1dc79329a2f37f.jpg;6
data/images/97d9007f618b4df8ab0f55148ecc44d1.jpg;97d9007f618b4df8ab0f55148ecc44d1.jpg;6
data/images/c8b405b8b87347d68f60fd37ac6a09c7.jpg;c8b405b8b87347d68f60fd37ac6a09c7.jpg;6
data/images/7787cd8a9a0d4aeeb242234207b7ea3b.jpg;7787cd8a9a0d4aeeb242234207b7ea3b.jpg;6
data/images/a3ee280613e14c5a9b154f4d5e4eb529.jpg;a3ee280613e14c5a9b154f4d5e4eb529.jpg;6
data/images/5f8b5a183ed3492cb81d3734cd47c29c.jpg;5f8b5a183ed3492cb81d3734cd47c29c.jpg;6
data/images/c4741969737e4dca92334649d1fe33e9.jpg;c4741969737e4dca92334649d1fe33e9.jpg;6
data/images/ea0ccf9087aa4cd8995288cc0ab6d2ba.jpg;ea0ccf9087aa4cd8995288cc0ab6d2ba.jpg;6
data/images/c0f92babdecf4146a78a702be6ff5506.jpg;c0f92babdecf4146a78a702be6ff5506.jpg;6
data/images/768694b934864218b8f8b706084e6bdf.jpg;768694b934864218b8f8b706084e6bdf.jpg;6
data/images/27178f1195704f789f5a6679413297f9.jpg;27178f1195704f789f5a6679413297f9.jpg;6
data/images/12359f9dbf1347f6bf42e2eb6e9823d1.jpg;12359f9dbf1347f6bf42e2eb6e9823d1.jpg;6
data/images/e43cce40f446493dab61d3ff30b17fbc.jpg;e43cce40f446493dab61d3ff30b17fbc.jpg;6
data/images/19cdf32e6b4d4ec183c261e637a318b3.jpg;19cdf32e6b4d4ec183c261e637a318b3.jpg;6
data/images/bae89a7543b14dcc97ff1f860893a6fa.jpg;bae89a7543b14dcc97ff1f860893a6fa.jpg;6
data/images/a24634e910564e9ca283d23cc4dde1ff.jpg;a24634e910564e9ca283d23cc4dde1ff.jpg;6
data/images/cce2916b05d44ccc84688cf0e40d2054.jpg;cce2916b05d44ccc84688cf0e40d2054.jpg;6
data/images/be6e1331dd024f0681c7d3058d8042cc.jpg;be6e1331dd024f0681c7d3058d8042cc.jpg;6
data/images/fa116888c4574c1db72ea0a08a74bb91.jpg;fa116888c4574c1db72ea0a08a74bb91.jpg;6
data/images/94b8ee5684b94756ad18bf07f1015da8.jpg;94b8ee5684b94756ad18bf07f1015da8.jpg;6
data/images/662673f5bf06427aaba1cf91b6dbaaf7.jpg;662673f5bf06427aaba1cf91b6dbaaf7.jpg;6
data/images/c9c1df9795fa4a8a9293c4077ceb430f.jpg;c9c1df9795fa4a8a9293c4077ceb430f.jpg;6
data/images/dc5d5fd1b3d44f6ea5566f85c115d5d2.jpg;dc5d5fd1b3d44f6ea5566f85c115d5d2.jpg;6
data/images/235fe18f458b4a83846f1c2909c51c87.jpg;235fe18f458b4a83846f1c2909c51c87.jpg;6
data/images/b716c9abfa8c4fb99cb2a0ba56ca1c98.jpg;b716c9abfa8c4fb99cb2a0ba56ca1c98.jpg;6
data/images/164a13c438a14ca4926fcf2da984ec6a.jpg;164a13c438a14ca4926fcf2da984ec6a.jpg;6
data/images/7ebb6d69768c484aa48a4d5e6a3f88af.jpg;7ebb6d69768c484aa48a4d5e6a3f88af.jpg;6
data/images/8a0a3492db88428d998390d3b6deff7f.jpg;8a0a3492db88428d998390d3b6deff7f.jpg;6
data/images/239d76cf5529467ca6f254ab9bbd17b0.jpg;239d76cf5529467ca6f254ab9bbd17b0.jpg;6
data/images/6478e7b02e6c40ccb834649038d8be88.jpg;6478e7b02e6c40ccb834649038d8be88.jpg;6
data/images/9d5ba933c3f9410cbb20dc9a0a62ced4.jpg;9d5ba933c3f9410cbb20dc9a0a62ced4.jpg;6
data/images/e2bf824ac30c4e7e97f495c82fbd4a22.jpg;e2bf824ac30c4e7e97f495c82fbd4a22.jpg;6
data/images/26a6e36078e24f9e90d8fbeb1af19c16.jpg;26a6e36078e24f9e90d8fbeb1af19c16.jpg;6
data/images/01fb0133824e4afd8cbba5e3854f08d8.jpg;01fb0133824e4afd8cbba5e3854f08d8.jpg;6
data/images/a7e2f2dca935477994967dc028598b9f.jpg;a7e2f2dca935477994967dc028598b9f.jpg;6
data/images/85228ffbec764b838b319e42d78ab96e.jpg;85228ffbec764b838b319e42d78ab96e.jpg;6
data/images/7734aee0f4004a8d9ef4c56a341073a1.jpg;7734aee0f4004a8d9ef4c56a341073a1.jpg;6
data/images/a7060e5f32b34a9eb716d6a64cb5431b.jpg;a7060e5f32b34a9eb716d6a64cb5431b.jpg;6
data/images/47f2559af3ff4ae695c8d0785425056f.jpg;47f2559af3ff4ae695c8d0785425056f.jpg;6
data/images/1ff80466c4bf487c83deca973d4a8f87.jpg;1ff80466c4bf487c83deca973d4a8f87.jpg;6
data/images/69ae681b7af5445794c3c333951bf315.jpg;69ae681b7af5445794c3c333951bf315.jpg;6
data/images/1400ca17a643423eaa706c16f1799881.jpg;1400ca17a643423eaa706c16f1799881.jpg;6
data/images/9e0b20d337d448f98d59edc25e849d44.jpg;9e0b20d337d448f98d59edc25e849d44.jpg;6
data/images/f09e8ea2fdb04b4cb0f7bc671e040de3.jpg;f09e8ea2fdb04b4cb0f7bc671e040de3.jpg;6
data/images/4380a84094d0462fabcd0ed36153016f.jpg;4380a84094d0462fabcd0ed36153016f.jpg;6
data/images/80128a65381d4febb98b434b8c2da852.jpg;80128a65381d4febb98b434b8c2da852.jpg;6
data/images/d59f2a3ab90e4b429ae4a94b295662fd.jpg;d59f2a3ab90e4b429ae4a94b295662fd.jpg;6
data/images/879ddb3b6f2a4c1aa715d2354899dc0d.jpg;879ddb3b6f2a4c1aa715d2354899dc0d.jpg;6
data/images/ef99f30e83b2420b941d3e1c8184b1b4.jpg;ef99f30e83b2420b941d3e1c8184b1b4.jpg;6
data/images/27c3e6c9659948ef8b13505aaff8dac2.jpg;27c3e6c9659948ef8b13505aaff8dac2.jpg;6
data/images/90262194cd4a4cb0b9dd90d0f3f3de33.jpg;90262194cd4a4cb0b9dd90d0f3f3de33.jpg;6
data/images/d6f7d2e0fbfd4781b073b5c7dc642619.jpg;d6f7d2e0fbfd4781b073b5c7dc642619.jpg;6
data/images/e0c78648376643a2964c703f6d529c3d.jpg;e0c78648376643a2964c703f6d529c3d.jpg;6
data/images/8a6e2d61a997472880fd7388ec107d96.jpg;8a6e2d61a997472880fd7388ec107d96.jpg;6
data/images/5468074d963d44828dbcbb9300aaa3cf.jpg;5468074d963d44828dbcbb9300aaa3cf.jpg;6
data/images/4690e1b7a86f456a869fad39d45f22a5.jpg;4690e1b7a86f456a869fad39d45f22a5.jpg;6
data/images/8382d49e32164cc0b513ce23c6949c04.jpg;8382d49e32164cc0b513ce23c6949c04.jpg;6
data/images/39bb56b413014a2d9df5f01e6ad577d2.jpg;39bb56b413014a2d9df5f01e6ad577d2.jpg;6
data/images/0b28dd48210e47ecb0180bca3a89fec9.jpg;0b28dd48210e47ecb0180bca3a89fec9.jpg;6
data/images/48c1abd802f440e0b1d0d5f2181bf79a.jpg;48c1abd802f440e0b1d0d5f2181bf79a.jpg;6
data/images/e449eb0976554d9287fb26bb32b80a4f.jpg;e449eb0976554d9287fb26bb32b80a4f.jpg;6
data/images/a36250cb15d84befa25371f8d230be79.jpg;a36250cb15d84befa25371f8d230be79.jpg;6
data/images/f6ede391e3b84eeb99dfcab8bcb452b2.jpg;f6ede391e3b84eeb99dfcab8bcb452b2.jpg;6
data/images/266a8e0227a943d3beb7b68d5153a452.jpg;266a8e0227a943d3beb7b68d5153a452.jpg;6
data/images/3871caebb64b44ca8cbe86e3e6845a1d.jpg;3871caebb64b44ca8cbe86e3e6845a1d.jpg;6
data/images/054a778d210c41e09ce8c9a8822ddb3d.jpg;054a778d210c41e09ce8c9a8822ddb3d.jpg;6
data/images/42bbee913ffe4e1aaeb4f704dfb1e7c7.jpg;42bbee913ffe4e1aaeb4f704dfb1e7c7.jpg;6
data/images/d2ce130eae3c404b9f86a81878b2cd3c.jpg;d2ce130eae3c404b9f86a81878b2cd3c.jpg;6
data/images/ef54ca31c7814ce590cd16bee1e9bc73.jpg;ef54ca31c7814ce590cd16bee1e9bc73.jpg;6
data/images/b6b2b4ac7bc74b78b771849d25dcbfa0.jpg;b6b2b4ac7bc74b78b771849d25dcbfa0.jpg;6
data/images/bc1dc8bbaf30474d92864269d239ac10.jpg;bc1dc8bbaf30474d92864269d239ac10.jpg;6
data/images/914fb20844ac470da0f8ea22b2d5d7ae.jpg;914fb20844ac470da0f8ea22b2d5d7ae.jpg;6
data/images/ffa2c032bbd7419ca83f6303c08d3de0.jpg;ffa2c032bbd7419ca83f6303c08d3de0.jpg;6
data/images/e164dd09cd3e4ee5872166facccc9c4c.jpg;e164dd09cd3e4ee5872166facccc9c4c.jpg;6
data/images/baa90f2aea23447abf282afee2349706.jpg;baa90f2aea23447abf282afee2349706.jpg;6
data/images/58d6a8fce74a4778a6ca0e6cf2ddbe6d.jpg;58d6a8fce74a4778a6ca0e6cf2ddbe6d.jpg;6
data/images/8bf7ff957a2340ff9542ecc4443f261b.jpg;8bf7ff957a2340ff9542ecc4443f261b.jpg;6
data/images/2fffcffd06e945b6a9d3dc40c0b4ed7f.jpg;2fffcffd06e945b6a9d3dc40c0b4ed7f.jpg;6
data/images/e97d6d98c9fb4efcbab7731b5adf010d.jpg;e97d6d98c9fb4efcbab7731b5adf010d.jpg;6
data/images/bc2d5f7eb8424eae8aed66d93401dd6b.jpg;bc2d5f7eb8424eae8aed66d93401dd6b.jpg;6
data/images/5beb5a1bc2c340d0b359e772b641a7e0.jpg;5beb5a1bc2c340d0b359e772b641a7e0.jpg;6
data/images/73180449b0914603ad20c928361adedb.jpg;73180449b0914603ad20c928361adedb.jpg;6
data/images/529004b1d3ef4b208884146922534cfe.jpg;529004b1d3ef4b208884146922534cfe.jpg;6
data/images/9b68fee0aabf4837a0ccf0bd98a57aea.jpg;9b68fee0aabf4837a0ccf0bd98a57aea.jpg;6
data/images/26746d4b3e3f4a16acaab2a8d010d320.jpg;26746d4b3e3f4a16acaab2a8d010d320.jpg;6
data/images/b7ade80d4706456baec44a68e9af55ee.jpg;b7ade80d4706456baec44a68e9af55ee.jpg;6
data/images/f43100e854a74db7acefa766066cf053.jpg;f43100e854a74db7acefa766066cf053.jpg;6
data/images/63da041f0de64cd0a17802ce7d28a6df.jpg;63da041f0de64cd0a17802ce7d28a6df.jpg;6
data/images/0db903e71742497485ddd1aa17ba39cb.jpg;0db903e71742497485ddd1aa17ba39cb.jpg;6
data/images/34de809578a44af193e2650c9f0c588d.jpg;34de809578a44af193e2650c9f0c588d.jpg;6
data/images/16e3b35528f94e4c81fa84871f873057.jpg;16e3b35528f94e4c81fa84871f873057.jpg;6
data/images/4597694c47224a7f9316d7524c043972.jpg;4597694c47224a7f9316d7524c043972.jpg;6
data/images/9e01e4ad99534ed9b781071c04511489.jpg;9e01e4ad99534ed9b781071c04511489.jpg;6
data/images/416ab4817dda4438af775a6241064c80.jpg;416ab4817dda4438af775a6241064c80.jpg;6
data/images/04d7633633d14cf890619f97449c1fb0.jpg;04d7633633d14cf890619f97449c1fb0.jpg;6
data/images/33e1b4bce9ff45f88b17f3cbcc9c5ffd.jpg;33e1b4bce9ff45f88b17f3cbcc9c5ffd.jpg;6
data/images/4817f8bb26f1473d932e9bf22919da1c.jpg;4817f8bb26f1473d932e9bf22919da1c.jpg;6
data/images/e3d00816a3e84d42b856960191747347.jpg;e3d00816a3e84d42b856960191747347.jpg;6
data/images/37d61156974c4936b75dd0a760e85417.jpg;37d61156974c4936b75dd0a760e85417.jpg;6
data/images/88965bce1a804cd6b754de7f50c43471.jpg;88965bce1a804cd6b754de7f50c43471.jpg;6
data/images/1db95315659048118a94b35fc838daa8.jpg;1db95315659048118a94b35fc838daa8.jpg;6
data/images/1ad16dcea4a8456696c9078b934bcc15.jpg;1ad16dcea4a8456696c9078b934bcc15.jpg;6
data/images/9397b2ed084b49738c6dfb90db0bcf85.jpg;9397b2ed084b49738c6dfb90db0bcf85.jpg;6
data/images/c3e76bd3c56347c7a9123e506fffc2d5.jpg;c3e76bd3c56347c7a9123e506fffc2d5.jpg;6
data/images/93edc7845ccc44df8a9d7a9e9d2d49bf.jpg;93edc7845ccc44df8a9d7a9e9d2d49bf.jpg;6
data/images/60f0b92978674580980844257ef37a18.jpg;60f0b92978674580980844257ef37a18.jpg;6
data/images/5cc1a08f75614d82944afdb2dc8b36f8.jpg;5cc1a08f75614d82944afdb2dc8b36f8.jpg;6
data/images/2c009edb15844e5f8ba1e2c38fab0c82.jpg;2c009edb15844e5f8ba1e2c38fab0c82.jpg;6
data/images/0037f2474b034ca384a3d3ef1911fe1d.jpg;0037f2474b034ca384a3d3ef1911fe1d.jpg;6
data/images/8092b7b5a5f748999eeb7b21ddef91d1.jpg;8092b7b5a5f748999eeb7b21ddef91d1.jpg;6
data/images/c1ab77105e5e4d96a990d9941909a24f.jpg;c1ab77105e5e4d96a990d9941909a24f.jpg;6
data/images/e6751a6decc04c45b38dc35ca40d4935.jpg;e6751a6decc04c45b38dc35ca40d4935.jpg;6
data/images/c1a4b65364a44ed7be3e722f373d87e0.jpg;c1a4b65364a44ed7be3e722f373d87e0.jpg;6
data/images/5afaecda8efd424ab55fa9336f32d29a.jpg;5afaecda8efd424ab55fa9336f32d29a.jpg;6
data/images/2ff8d1029d3a4c258aff8f7738d1d39d.jpg;2ff8d1029d3a4c258aff8f7738d1d39d.jpg;6
data/images/2548285043aa4624a16e398b1fc64cc8.jpg;2548285043aa4624a16e398b1fc64cc8.jpg;6
data/images/67d65eeacd19403da7b0a587153fb973.jpg;67d65eeacd19403da7b0a587153fb973.jpg;6
data/images/2d961b942512493bb5b51db56e43d5e9.jpg;2d961b942512493bb5b51db56e43d5e9.jpg;6
data/images/2b3e54826db841f2aac0013e48ae65dc.jpg;2b3e54826db841f2aac0013e48ae65dc.jpg;6
data/images/9fd5c5e7a489426fa8eb264702f92a1d.jpg;9fd5c5e7a489426fa8eb264702f92a1d.jpg;6
data/images/c72071e4789c4c13bcf3fbd80b32e987.jpg;c72071e4789c4c13bcf3fbd80b32e987.jpg;6
data/images/1ea3ef3e02454d5db68382a1cde89074.jpg;1ea3ef3e02454d5db68382a1cde89074.jpg;6
data/images/47603bb08a3c41c0830d3ad1d0bb7994.jpg;47603bb08a3c41c0830d3ad1d0bb7994.jpg;6
data/images/822d37feaed748b1a24dcafa0e3bfa97.jpg;822d37feaed748b1a24dcafa0e3bfa97.jpg;6
data/images/d0b796def98543e2a0357bed29fd83fd.jpg;d0b796def98543e2a0357bed29fd83fd.jpg;6
data/images/19039a43b1644180be98e8c39f5fa5bd.jpg;19039a43b1644180be98e8c39f5fa5bd.jpg;6
data/images/3e5ead12d4024c6793871f2bf042d045.jpg;3e5ead12d4024c6793871f2bf042d045.jpg;6
data/images/97f0afb6d8484bd2859fac4b791afabd.jpg;97f0afb6d8484bd2859fac4b791afabd.jpg;6
data/images/4c4943bf9639447790f204ac01158a68.jpg;4c4943bf9639447790f204ac01158a68.jpg;6
data/images/a6978c966724486787fd3b8286a785b6.jpg;a6978c966724486787fd3b8286a785b6.jpg;6
data/images/37f6ae3b291046d4bdfcdba59d85b03e.jpg;37f6ae3b291046d4bdfcdba59d85b03e.jpg;6
data/images/3ab1f1301e0f41d8b4633b15bfd0c5e4.jpg;3ab1f1301e0f41d8b4633b15bfd0c5e4.jpg;6
data/images/093a6884654e453d92d57234fc6762e0.jpg;093a6884654e453d92d57234fc6762e0.jpg;6
data/images/42b97bd57c4f4714a3bebe66f371e08e.jpg;42b97bd57c4f4714a3bebe66f371e08e.jpg;6
data/images/c862dbe74f234f1b850370a956767b8a.jpg;c862dbe74f234f1b850370a956767b8a.jpg;6
data/images/685809c617cd42548e7bff8f60265ad4.jpg;685809c617cd42548e7bff8f60265ad4.jpg;6
data/images/efd7d80a4e88405e995cfccd50468d76.jpg;efd7d80a4e88405e995cfccd50468d76.jpg;6
data/images/1b8652f8d95e4a44b742b2a855730016.jpg;1b8652f8d95e4a44b742b2a855730016.jpg;6
data/images/985d0649d2b04c8a87c3b16f6383ed97.jpg;985d0649d2b04c8a87c3b16f6383ed97.jpg;6
data/images/2ffc9100cc724ea09175b3e94590e75d.jpg;2ffc9100cc724ea09175b3e94590e75d.jpg;6
data/images/a1a5c448a58d4c399ffb768bda5c08bc.jpg;a1a5c448a58d4c399ffb768bda5c08bc.jpg;6
data/images/d929f5ed0f1b4016bec6d0de232615d1.jpg;d929f5ed0f1b4016bec6d0de232615d1.jpg;6
data/images/e87896ca64034386a5a58a3f98cc6706.jpg;e87896ca64034386a5a58a3f98cc6706.jpg;6
data/images/1467e53941aa4100a62585e62fa8b4cc.jpg;1467e53941aa4100a62585e62fa8b4cc.jpg;6
data/images/9640344c9b0d432cab2250473b5857db.jpg;9640344c9b0d432cab2250473b5857db.jpg;6
data/images/4fe4d7d83d8446bab63dddd52be86f2b.jpg;4fe4d7d83d8446bab63dddd52be86f2b.jpg;6
data/images/17d8458adbd0417d8f06b90f83e028f8.jpg;17d8458adbd0417d8f06b90f83e028f8.jpg;6
data/images/d3c4d79ded4a4092a6498c91da64fc7f.jpg;d3c4d79ded4a4092a6498c91da64fc7f.jpg;6
data/images/7aefe948765045c0a51360e7805de06f.jpg;7aefe948765045c0a51360e7805de06f.jpg;6
data/images/6099031a01c74cbbb015ecc88831d9f9.jpg;6099031a01c74cbbb015ecc88831d9f9.jpg;6
data/images/9da8fa4203a94025b364100bea0ada2e.jpg;9da8fa4203a94025b364100bea0ada2e.jpg;6
data/images/551b3bc1694c44699da642f0f6a97e2b.jpg;551b3bc1694c44699da642f0f6a97e2b.jpg;6
data/images/2e12988c39e2472f9ff1d497a4064afb.jpg;2e12988c39e2472f9ff1d497a4064afb.jpg;6
data/images/c6d925db5e524638966496a523b18c5c.jpg;c6d925db5e524638966496a523b18c5c.jpg;6
data/images/c9fa8d8afe1b49dc95f4091080601e21.jpg;c9fa8d8afe1b49dc95f4091080601e21.jpg;6
data/images/4a35dba8302d462a8f28176cddcb92d5.jpg;4a35dba8302d462a8f28176cddcb92d5.jpg;6
data/images/79ccf39e51144b95b4a3dc50f611bd98.jpg;79ccf39e51144b95b4a3dc50f611bd98.jpg;6
data/images/9c4dd7fb2c4a46a585e6d05245e7c209.jpg;9c4dd7fb2c4a46a585e6d05245e7c209.jpg;6
data/images/2ab96952ebb243f791b7fadbb29bf28d.jpg;2ab96952ebb243f791b7fadbb29bf28d.jpg;6
data/images/6f838e804c0c4ef4a1a79962e559a832.jpg;6f838e804c0c4ef4a1a79962e559a832.jpg;6
data/images/30b6db2efc9f4da3aac9223f8fa95f52.jpg;30b6db2efc9f4da3aac9223f8fa95f52.jpg;6
data/images/9beccc7d137b436a9eddb4aec101ed55.jpg;9beccc7d137b436a9eddb4aec101ed55.jpg;6
data/images/1f4c6982086b4e9a9f40f49fd8b467d8.jpg;1f4c6982086b4e9a9f40f49fd8b467d8.jpg;6
data/images/fbe7b2e783974b369411efef846534fb.jpg;fbe7b2e783974b369411efef846534fb.jpg;6
data/images/f3517241b6414013abe798cd97354341.jpg;f3517241b6414013abe798cd97354341.jpg;6
data/images/b858554d324b43f38db46dcd243b9c79.jpg;b858554d324b43f38db46dcd243b9c79.jpg;6
data/images/75de489a0dd540c9a58256e5b02c27af.jpg;75de489a0dd540c9a58256e5b02c27af.jpg;6
data/images/43d8d11eb97b4e619348c4a79a8110b7.jpg;43d8d11eb97b4e619348c4a79a8110b7.jpg;6
data/images/30b275ef76f44e788dcd147b4a5a899b.jpg;30b275ef76f44e788dcd147b4a5a899b.jpg;6
data/images/bd6f29ebe7584435a3bb21daa8d9842a.jpg;bd6f29ebe7584435a3bb21daa8d9842a.jpg;6
data/images/8040e35e1e3b4207bd9ec827e13295ff.jpg;8040e35e1e3b4207bd9ec827e13295ff.jpg;6
data/images/c25cbea31cba4819b59bdfbc05cfdfbf.jpg;c25cbea31cba4819b59bdfbc05cfdfbf.jpg;6
data/images/95af59a89fe24d188f78a254ac5b3817.jpg;95af59a89fe24d188f78a254ac5b3817.jpg;6
data/images/f9e418ed83dc4093a96fa5c1e991cae4.jpg;f9e418ed83dc4093a96fa5c1e991cae4.jpg;6
data/images/bc73032d4fac4ddfbfc3c6b676fc4d40.jpg;bc73032d4fac4ddfbfc3c6b676fc4d40.jpg;6
data/images/fcfa9ba42433420b9f21e88b59cee0db.jpg;fcfa9ba42433420b9f21e88b59cee0db.jpg;6
data/images/e8c7ced090e540499dc0774cfa183424.jpg;e8c7ced090e540499dc0774cfa183424.jpg;6
data/images/404e77708f1649dcb94ce4e692741ed4.jpg;404e77708f1649dcb94ce4e692741ed4.jpg;6
data/images/7942dbe142cd423fb4f615cdc383b35a.jpg;7942dbe142cd423fb4f615cdc383b35a.jpg;6
data/images/b67ba0002de44870992e49a4b6f1ea03.jpg;b67ba0002de44870992e49a4b6f1ea03.jpg;6
data/images/7d38d4502e47416d95aecce6fd2e8df3.jpg;7d38d4502e47416d95aecce6fd2e8df3.jpg;6
data/images/c872b0d0955544c8b1e928fbc1a66434.jpg;c872b0d0955544c8b1e928fbc1a66434.jpg;6
data/images/1635499b793145a2a6e494824ce0055a.jpg;1635499b793145a2a6e494824ce0055a.jpg;6
data/images/c0acbd2fe8f1460589a221608fb0f3db.jpg;c0acbd2fe8f1460589a221608fb0f3db.jpg;6
data/images/58fa584bcc9c4e75815f0b0c02410607.jpg;58fa584bcc9c4e75815f0b0c02410607.jpg;6
data/images/cc7fe90fae47487d928704fd11a3c593.jpg;cc7fe90fae47487d928704fd11a3c593.jpg;6
data/images/2e34361c89124ca394ba02c4dde1e0df.jpg;2e34361c89124ca394ba02c4dde1e0df.jpg;6
data/images/38ec757fc04842cebb0dfd136302bd06.jpg;38ec757fc04842cebb0dfd136302bd06.jpg;6
data/images/dd6a26d5fa144dbf977b790fff6a0faf.jpg;dd6a26d5fa144dbf977b790fff6a0faf.jpg;6
data/images/7a4e7f02391a49169c2774e4cdc92a0e.jpg;7a4e7f02391a49169c2774e4cdc92a0e.jpg;6
data/images/a6f00f4e77aa40d897bb83d9b1039e55.jpg;a6f00f4e77aa40d897bb83d9b1039e55.jpg;6
data/images/e10a7fd39e234c42a244ab82a0afd725.jpg;e10a7fd39e234c42a244ab82a0afd725.jpg;6
data/images/456283871c304938ba2319531a074510.jpg;456283871c304938ba2319531a074510.jpg;6
data/images/95763d016afa439a823343c8bb912504.jpg;95763d016afa439a823343c8bb912504.jpg;6
data/images/91231e76d1044d54a124315e6f71ad60.jpg;91231e76d1044d54a124315e6f71ad60.jpg;6
data/images/04f7c30c807f4dee841e3d7dca0f3f71.jpg;04f7c30c807f4dee841e3d7dca0f3f71.jpg;6
data/images/40a9d08b70d947b68f79d0d67a1d0238.jpg;40a9d08b70d947b68f79d0d67a1d0238.jpg;6
data/images/f03e3a11bf744bf192bd6e9382dbb450.jpg;f03e3a11bf744bf192bd6e9382dbb450.jpg;6
data/images/7e9ce51b811d4398b991349ce7b2e90d.jpg;7e9ce51b811d4398b991349ce7b2e90d.jpg;6
data/images/e51cd4a074d3456b9587f2bd545b4c52.jpg;e51cd4a074d3456b9587f2bd545b4c52.jpg;6
data/images/0ee653a4f5434716a1de5efd6c2723fc.jpg;0ee653a4f5434716a1de5efd6c2723fc.jpg;6
data/images/ad9bec2920724e4ca29315e0b7c0ff15.jpg;ad9bec2920724e4ca29315e0b7c0ff15.jpg;6
data/images/3bb223fa42914c5098ff70e5d1e27d1e.jpg;3bb223fa42914c5098ff70e5d1e27d1e.jpg;6
data/images/8b782473c99742e394df74b430412232.jpg;8b782473c99742e394df74b430412232.jpg;6
data/images/a86d0bba33db48f59446266b9a30e2b7.jpg;a86d0bba33db48f59446266b9a30e2b7.jpg;6
data/images/ba5195396ffd4e46bf18679754c28408.jpg;ba5195396ffd4e46bf18679754c28408.jpg;6
data/images/3d193b2057fc409eb83cdc5faa4ad3fc.jpg;3d193b2057fc409eb83cdc5faa4ad3fc.jpg;6
data/images/5764ca59412b428594de2135d996c38a.jpg;5764ca59412b428594de2135d996c38a.jpg;6
data/images/7ad3c37c844341f6991f0c5c47dae639.jpg;7ad3c37c844341f6991f0c5c47dae639.jpg;6
data/images/8631b03f1c824be2918c370deff952e3.jpg;8631b03f1c824be2918c370deff952e3.jpg;6
data/images/3387d383ebc44b209225c9732fb57c5a.jpg;3387d383ebc44b209225c9732fb57c5a.jpg;6
data/images/ff0a4bc786734c419e75350ddde023ae.jpg;ff0a4bc786734c419e75350ddde023ae.jpg;6
data/images/b4c5a36308f744299ac0630934c02588.jpg;b4c5a36308f744299ac0630934c02588.jpg;6
data/images/e8fcd404923b4bfab850c3f4d4dbfdfa.jpg;e8fcd404923b4bfab850c3f4d4dbfdfa.jpg;6
data/images/cbf1211e252d4f05aa434c1a23a57c0b.jpg;cbf1211e252d4f05aa434c1a23a57c0b.jpg;6
data/images/1a4dad74c9fd4cbca7bbed11ede36901.jpg;1a4dad74c9fd4cbca7bbed11ede36901.jpg;6
data/images/e29bce10b1c941b7b82b1190754db361.jpg;e29bce10b1c941b7b82b1190754db361.jpg;6
data/images/1079519b735f41aabc8e7c642cb5e487.jpg;1079519b735f41aabc8e7c642cb5e487.jpg;1
data/images/a957d7c6b94a4575af8120fb89572f7a.jpg;a957d7c6b94a4575af8120fb89572f7a.jpg;1
data/images/6e73f1c79c9b48688541c6a01dc2ab13.jpg;6e73f1c79c9b48688541c6a01dc2ab13.jpg;1
data/images/fb6a4f0480b442a0a8522706250c7c7f.jpg;fb6a4f0480b442a0a8522706250c7c7f.jpg;1
data/images/c3c3280055d247029d8338100c629602.jpg;c3c3280055d247029d8338100c629602.jpg;1
data/images/1343a6294b7d42c79f319f7abbac94f3.jpg;1343a6294b7d42c79f319f7abbac94f3.jpg;1
data/images/4a3f8f2eb2874387ac51913819153f6b.jpg;4a3f8f2eb2874387ac51913819153f6b.jpg;1
data/images/4beeb8dfc4df4dceb7eb1d850a87923e.jpg;4beeb8dfc4df4dceb7eb1d850a87923e.jpg;1
data/images/635b1718b3f64a89a865dbd2f61e00f0.jpg;635b1718b3f64a89a865dbd2f61e00f0.jpg;1
data/images/e45b736fa795471b94454a39639a03a2.jpg;e45b736fa795471b94454a39639a03a2.jpg;1
data/images/6942283e03ad493fb8ed048e3033fcfe.jpg;6942283e03ad493fb8ed048e3033fcfe.jpg;1
data/images/f63ffe75c5e649daa5abceb26c3b80af.jpg;f63ffe75c5e649daa5abceb26c3b80af.jpg;1
data/images/34afa0677bd440a5aaab92708f4feaff.jpg;34afa0677bd440a5aaab92708f4feaff.jpg;1
data/images/ca4dfbc65eff4912a98bcc754c6523cc.jpg;ca4dfbc65eff4912a98bcc754c6523cc.jpg;1
data/images/39c90ffde2ff46e782a909b27362abff.jpg;39c90ffde2ff46e782a909b27362abff.jpg;1
data/images/8620228ce4ba44028b3cac12ad40a3a5.jpg;8620228ce4ba44028b3cac12ad40a3a5.jpg;1
data/images/c4d3868a9b784cf7acc4407e3ec652c4.jpg;c4d3868a9b784cf7acc4407e3ec652c4.jpg;1
data/images/c067c3081f9f47b6b40b1f6a0fcf0041.jpg;c067c3081f9f47b6b40b1f6a0fcf0041.jpg;1
data/images/0e84963d88c8455883718e26e1023e7b.jpg;0e84963d88c8455883718e26e1023e7b.jpg;1
data/images/ea72806fc07c48a5a88a21b3f36ed865.jpg;ea72806fc07c48a5a88a21b3f36ed865.jpg;1
data/images/e5e1e05097cc47c6a631f640365134d3.jpg;e5e1e05097cc47c6a631f640365134d3.jpg;1
data/images/bfba5a30d1e74d5e841a0a619ab4ba43.jpg;bfba5a30d1e74d5e841a0a619ab4ba43.jpg;1
data/images/78a1c469a2cb40a9af0ea0c59c68f405.jpg;78a1c469a2cb40a9af0ea0c59c68f405.jpg;1
data/images/0c15addfbe4742b9839ee18abc3b2d5e.jpg;0c15addfbe4742b9839ee18abc3b2d5e.jpg;1
data/images/a50d07ada0434445be101016e4fe33c6.jpg;a50d07ada0434445be101016e4fe33c6.jpg;1
data/images/0149a2fcc66647119759fddb9ec44061.jpg;0149a2fcc66647119759fddb9ec44061.jpg;1
data/images/44b691ece9644c99bfcc153bc0a9864d.jpg;44b691ece9644c99bfcc153bc0a9864d.jpg;1
data/images/d1147ea97bb0410487f432a49def8265.jpg;d1147ea97bb0410487f432a49def8265.jpg;1
data/images/e5c9e764a02344a7aadc34fac61d0f3a.jpg;e5c9e764a02344a7aadc34fac61d0f3a.jpg;1
data/images/39046b8e96ed4c2eafc28a4f1f622666.jpg;39046b8e96ed4c2eafc28a4f1f622666.jpg;1
data/images/e272332d1326457280a6773bfe48cbb2.jpg;e272332d1326457280a6773bfe48cbb2.jpg;1
data/images/ac2b8b1530214c5bbee802f6d57b58c2.jpg;ac2b8b1530214c5bbee802f6d57b58c2.jpg;1
data/images/a388040b307b4184a532d3e5dda02ffc.jpg;a388040b307b4184a532d3e5dda02ffc.jpg;1
data/images/96e16114c7c74c748c7873d132aa8d7e.jpg;96e16114c7c74c748c7873d132aa8d7e.jpg;1
data/images/4a7b822d5e1646f5a8566dfd83f157a1.jpg;4a7b822d5e1646f5a8566dfd83f157a1.jpg;1
data/images/aab1993c0a7e434182f5423965e7839b.jpg;aab1993c0a7e434182f5423965e7839b.jpg;1
data/images/65dec6457eb447ce9f34d51834cf7e94.jpg;65dec6457eb447ce9f34d51834cf7e94.jpg;1
data/images/c8f6ce1edd5741b6867562c7d2a7f80e.jpg;c8f6ce1edd5741b6867562c7d2a7f80e.jpg;1
data/images/164c6e90e400436781243fc9bff0ec66.jpg;164c6e90e400436781243fc9bff0ec66.jpg;1
data/images/79f56519acd14e66a8a9a7ebdff3860c.jpg;79f56519acd14e66a8a9a7ebdff3860c.jpg;1
data/images/f4b1143960794846a276057065dbfaf2.jpg;f4b1143960794846a276057065dbfaf2.jpg;1
data/images/066175ba993a43bf84007494066c3565.jpg;066175ba993a43bf84007494066c3565.jpg;1
data/images/b9af1dc66f1242e59aac685436078def.jpg;b9af1dc66f1242e59aac685436078def.jpg;1
data/images/4d653436c00e460ebbc75f44416bed7b.jpg;4d653436c00e460ebbc75f44416bed7b.jpg;1
data/images/434a4fab1a67484f81e929a5f37c5300.jpg;434a4fab1a67484f81e929a5f37c5300.jpg;1
data/images/e3cbdc00afc544058c3ff04dc04aca43.jpg;e3cbdc00afc544058c3ff04dc04aca43.jpg;1
data/images/06c0ca868a9a4fce93afdbaa3dadce50.jpg;06c0ca868a9a4fce93afdbaa3dadce50.jpg;1
data/images/feb00cbdf48042be8f7831566f963df8.jpg;feb00cbdf48042be8f7831566f963df8.jpg;1
data/images/dc778b378cc94f329287804ecb19476b.jpg;dc778b378cc94f329287804ecb19476b.jpg;1
data/images/14ae6c06e5cc4dc68ef31c27abc620d0.jpg;14ae6c06e5cc4dc68ef31c27abc620d0.jpg;1
data/images/603981d116e24661b39d83cb7743276b.jpg;603981d116e24661b39d83cb7743276b.jpg;1
data/images/8ec28f8dec32414b9a02af4499854fb9.jpg;8ec28f8dec32414b9a02af4499854fb9.jpg;1
data/images/f8d6c8cd1bab4da5881a880ead12b0c7.jpg;f8d6c8cd1bab4da5881a880ead12b0c7.jpg;1
data/images/99649bce22cc4d0ab996afa48298b74e.jpg;99649bce22cc4d0ab996afa48298b74e.jpg;1
data/images/c5f116c34bd54299ac3b3d341cfaab51.jpg;c5f116c34bd54299ac3b3d341cfaab51.jpg;1
data/images/2326638fa4b8488da13180531ba50db4.jpg;2326638fa4b8488da13180531ba50db4.jpg;2
data/images/811a6499bd844091aecd4000549aa060.jpg;811a6499bd844091aecd4000549aa060.jpg;2
data/images/90c6f13b7d224c579ac0de7dfb47b924.jpg;90c6f13b7d224c579ac0de7dfb47b924.jpg;2
data/images/f42c3d4127cd4fa192f625f89b49165e.jpg;f42c3d4127cd4fa192f625f89b49165e.jpg;2
data/images/736ddd62ac72463ab0c1013bb1723377.jpg;736ddd62ac72463ab0c1013bb1723377.jpg;2
data/images/2328a26fb16a49b5b2964a1735454eb0.jpg;2328a26fb16a49b5b2964a1735454eb0.jpg;2
data/images/20cc9526c58743019f12544ca3f6ffee.jpg;20cc9526c58743019f12544ca3f6ffee.jpg;2
data/images/386f945dfd944c6caae354d3a06de243.jpg;386f945dfd944c6caae354d3a06de243.jpg;2
data/images/0ef66cd9512e4feaa62e4ec3cb75cdc1.jpg;0ef66cd9512e4feaa62e4ec3cb75cdc1.jpg;5
data/images/4085455e942a4d3fb413638a5d04d0f7.jpg;4085455e942a4d3fb413638a5d04d0f7.jpg;5
data/images/75e64833559e418b8ee5a3760b0b6f21.jpg;75e64833559e418b8ee5a3760b0b6f21.jpg;5
data/images/e9cca73be4e742c4848e54622a87907a.jpg;e9cca73be4e742c4848e54622a87907a.jpg;5
data/images/c76e9b5c674f43cfb0f02361af01a33c.jpg;c76e9b5c674f43cfb0f02361af01a33c.jpg;4
data/images/0ced545c26d74244818914502372e71e.jpg;0ced545c26d74244818914502372e71e.jpg;4
data/images/947e5159d35e44d0bf035874f8da9cd1.jpg;947e5159d35e44d0bf035874f8da9cd1.jpg;4
data/images/ecce676ae3bd411d8e6aee3210a497b3.jpg;ecce676ae3bd411d8e6aee3210a497b3.jpg;4
data/images/d6d99e9f30ac4c20bf76c8e45ff04dbd.jpg;d6d99e9f30ac4c20bf76c8e45ff04dbd.jpg;4
data/images/27787478f9ed4760b00579252e90600f.jpg;27787478f9ed4760b00579252e90600f.jpg;4
data/images/54e144271cc148a2b7c8396060895a80.jpg;54e144271cc148a2b7c8396060895a80.jpg;4
data/images/81ec631aa48e4866aadd05e59e9eada7.jpg;81ec631aa48e4866aadd05e59e9eada7.jpg;4
data/images/5092bf446ef14bb1a5600985a1588c79.jpg;5092bf446ef14bb1a5600985a1588c79.jpg;4
data/images/5621d234d68346848cadf6bd84f60712.jpg;5621d234d68346848cadf6bd84f60712.jpg;4
data/images/a60885b100dd4f71a6d08375dd4069ca.jpg;a60885b100dd4f71a6d08375dd4069ca.jpg;4
data/images/ce981191a4c24efdb0560c01b6d488cb.jpg;ce981191a4c24efdb0560c01b6d488cb.jpg;4
data/images/2d709f7d5ab044ea977eb03bbf9e97a4.jpg;2d709f7d5ab044ea977eb03bbf9e97a4.jpg;4
data/images/7a1badd7539042a093673d6b5a9146a7.jpg;7a1badd7539042a093673d6b5a9146a7.jpg;4
data/images/ee7da9b646be41a8a9861aac3d3d331e.jpg;ee7da9b646be41a8a9861aac3d3d331e.jpg;4
data/images/b8c10ce9679f460f84b1547bd0210329.jpg;b8c10ce9679f460f84b1547bd0210329.jpg;4
data/images/c298966a88024867964d6df232f3aeea.jpg;c298966a88024867964d6df232f3aeea.jpg;4
data/images/f2360dc4f5524e818d74725be6306d35.jpg;f2360dc4f5524e818d74725be6306d35.jpg;4
data/images/40e9f401a8ec418aa9a661b95b33c1f3.jpg;40e9f401a8ec418aa9a661b95b33c1f3.jpg;4
data/images/c1c82129dfbf4699b73386fe1b8ccd7a.jpg;c1c82129dfbf4699b73386fe1b8ccd7a.jpg;4
data/images/08bf19e64a2d4194b05512ff6b22f42d.jpg;08bf19e64a2d4194b05512ff6b22f42d.jpg;4
data/images/0ec4d7d348804340baf2ec6e59169dc8.jpg;0ec4d7d348804340baf2ec6e59169dc8.jpg;4
data/images/ea2b81e0932f4d7a8147b394bcc06905.jpg;ea2b81e0932f4d7a8147b394bcc06905.jpg;4
data/images/956044bc616a4472963275f5b3ce069a.jpg;956044bc616a4472963275f5b3ce069a.jpg;4
data/images/121295f178be4d9bb3cd1395dd4424bc.jpg;121295f178be4d9bb3cd1395dd4424bc.jpg;4
data/images/4e7b728bd71d460fa07006d1814f5980.jpg;4e7b728bd71d460fa07006d1814f5980.jpg;4
data/images/79c7271884fe4d7d911cbd1c52ed9da9.jpg;79c7271884fe4d7d911cbd1c52ed9da9.jpg;4
data/images/203c683dcd8e458dbacae861ec1afb01.jpg;203c683dcd8e458dbacae861ec1afb01.jpg;4
data/images/587cbcf1bda1420e95a39f9bd235b8bc.jpg;587cbcf1bda1420e95a39f9bd235b8bc.jpg;4
data/images/577609cfecac438f8a91b1e31a751e7b.jpg;577609cfecac438f8a91b1e31a751e7b.jpg;4
data/images/607a20e4a92d4d93916a93905dc47e71.jpg;607a20e4a92d4d93916a93905dc47e71.jpg;4
data/images/ae43659ccb7b48bb9c469cbbd62cad89.jpg;ae43659ccb7b48bb9c469cbbd62cad89.jpg;4
data/images/933dd58f431147479755ca1d7e86f5e9.jpg;933dd58f431147479755ca1d7e86f5e9.jpg;4
data/images/dc05052524e24a8ba5a6d656c0eb92ad.jpg;dc05052524e24a8ba5a6d656c0eb92ad.jpg;4
data/images/f484e6b3b6d54c83b9a9cc8f99c7ed21.jpg;f484e6b3b6d54c83b9a9cc8f99c7ed21.jpg;4
data/images/935e0ad54dc44738af5242c45e5c8f06.jpg;935e0ad54dc44738af5242c45e5c8f06.jpg;4
data/images/b76d4358973643b383a9ed741dc75eef.jpg;b76d4358973643b383a9ed741dc75eef.jpg;4
data/images/9c642e02ecd14342a5e2a09d3af1609c.jpg;9c642e02ecd14342a5e2a09d3af1609c.jpg;4
data/images/ad810d76fe9a4856ad3e8063b8c099b5.jpg;ad810d76fe9a4856ad3e8063b8c099b5.jpg;4
data/images/43f01fcfed684b458c2d9e99b83f2e70.jpg;43f01fcfed684b458c2d9e99b83f2e70.jpg;4
data/images/fdda6d5b0e234966b6046182ac0a7750.jpg;fdda6d5b0e234966b6046182ac0a7750.jpg;4
data/images/17ef47785352460c9cff9c8fc4e026e8.jpg;17ef47785352460c9cff9c8fc4e026e8.jpg;4
data/images/c60224d0f4e64574908dcb72f0f32d17.jpg;c60224d0f4e64574908dcb72f0f32d17.jpg;4
data/images/33ab2240d739475986f364e3751ae956.jpg;33ab2240d739475986f364e3751ae956.jpg;4
data/images/33d93d7870a441809ddbac1f9c929cb8.jpg;33d93d7870a441809ddbac1f9c929cb8.jpg;4
data/images/d043de8528f247ca836771fe08f503c8.jpg;d043de8528f247ca836771fe08f503c8.jpg;4
data/images/08062d58604e4bdc9d154dc0a0f9b9c3.jpg;08062d58604e4bdc9d154dc0a0f9b9c3.jpg;4
data/images/8a61a83b2387416a99518fd2c0b8e731.jpg;8a61a83b2387416a99518fd2c0b8e731.jpg;4
data/images/dee770f8be4f4c96bf7d8a11c7cc9784.jpg;dee770f8be4f4c96bf7d8a11c7cc9784.jpg;4
data/images/3b575399b74f4ec4a1c8e6a84746f971.jpg;3b575399b74f4ec4a1c8e6a84746f971.jpg;4
data/images/44d26375c3134c2aaf25b0c8cb37d85e.jpg;44d26375c3134c2aaf25b0c8cb37d85e.jpg;4
data/images/667193f2213d45758e7aaf471bad9bfe.jpg;667193f2213d45758e7aaf471bad9bfe.jpg;4
data/images/ab60f1db263341bc9d031552506b1b9e.jpg;ab60f1db263341bc9d031552506b1b9e.jpg;4
data/images/2861db9465c54e11bcdf4a6fa98302dc.jpg;2861db9465c54e11bcdf4a6fa98302dc.jpg;4
data/images/c418924732d34329a1e60d674a920ece.jpg;c418924732d34329a1e60d674a920ece.jpg;4
data/images/0585fe823ff048978f56a00b4383fd1f.jpg;0585fe823ff048978f56a00b4383fd1f.jpg;4
data/images/cab55589041a4d12847c2658d54a3569.jpg;cab55589041a4d12847c2658d54a3569.jpg;4
data/images/a89781a84c4c4a2eb33107d108dea5d1.jpg;a89781a84c4c4a2eb33107d108dea5d1.jpg;4
data/images/23fe35684d09482abe733a50e40045b8.jpg;23fe35684d09482abe733a50e40045b8.jpg;4
data/images/10109b8ba0794af7a16d831dd604cce0.jpg;10109b8ba0794af7a16d831dd604cce0.jpg;4
data/images/f0c447fc3e1f459f9da0fd8bef1a9206.jpg;f0c447fc3e1f459f9da0fd8bef1a9206.jpg;4
data/images/07a7a3d049694efdb69d6b37f8600d46.jpg;07a7a3d049694efdb69d6b37f8600d46.jpg;4
data/images/28c17b6d765f4517ac455d774b258d8c.jpg;28c17b6d765f4517ac455d774b258d8c.jpg;4
data/images/abd21e94a4d44725867af02b7be4c90e.jpg;abd21e94a4d44725867af02b7be4c90e.jpg;4
data/images/4235146d0e244eb6b99421ef2a7705a4.jpg;4235146d0e244eb6b99421ef2a7705a4.jpg;4
data/images/cec8bb53b46a4959932f716056855b9c.jpg;cec8bb53b46a4959932f716056855b9c.jpg;4
data/images/bdc04b42c49c4ceab2543b56b2a441af.jpg;bdc04b42c49c4ceab2543b56b2a441af.jpg;4
data/images/ee5df12c9df2444886ca025171b3bffa.jpg;ee5df12c9df2444886ca025171b3bffa.jpg;4
data/images/024941bf3b384906af07865223caf327.jpg;024941bf3b384906af07865223caf327.jpg;4
data/images/c8d89d9303dc4c8593bd8743023b065e.jpg;c8d89d9303dc4c8593bd8743023b065e.jpg;4
data/images/c7dca8eda6a24bcb8e58d2acaae49e66.jpg;c7dca8eda6a24bcb8e58d2acaae49e66.jpg;4
data/images/c0e874c9bc4c4a45bdafd627aa9b0b72.jpg;c0e874c9bc4c4a45bdafd627aa9b0b72.jpg;4
data/images/22e4c1a4e8aa4599ab8d5b52a42b68b2.jpg;22e4c1a4e8aa4599ab8d5b52a42b68b2.jpg;4
data/images/d93fd87a79d9411e8bbe5b2de5c7b79d.jpg;d93fd87a79d9411e8bbe5b2de5c7b79d.jpg;4
data/images/43fc47fc44fd40a6a480ad7409f9e174.jpg;43fc47fc44fd40a6a480ad7409f9e174.jpg;4
data/images/65b9a2287c434fd1943b95ca9e950a07.jpg;65b9a2287c434fd1943b95ca9e950a07.jpg;4
data/images/fe10e9547d6d45da904ef1a0f63e612f.jpg;fe10e9547d6d45da904ef1a0f63e612f.jpg;4
data/images/4036acf371364f998a6506aeffbbd1d1.jpg;4036acf371364f998a6506aeffbbd1d1.jpg;4
data/images/02caa4e7e23841378d76292a6ebdc0d2.jpg;02caa4e7e23841378d76292a6ebdc0d2.jpg;4
data/images/007184cb72454f63b3fccd5024bd9b0f.jpg;007184cb72454f63b3fccd5024bd9b0f.jpg;4
data/images/9a64396347b34ef2aae7b9d6b418a1a9.jpg;9a64396347b34ef2aae7b9d6b418a1a9.jpg;4
data/images/7a15b8926b8e49e49925fca9a76ba87c.jpg;7a15b8926b8e49e49925fca9a76ba87c.jpg;4
data/images/cf040de2681f448eacd8df5937cd85e3.jpg;cf040de2681f448eacd8df5937cd85e3.jpg;4
data/images/4536a96222b0458c909895ee7a49ccc6.jpg;4536a96222b0458c909895ee7a49ccc6.jpg;4
data/images/2a536888dea540acbcf66f179e6fb31c.jpg;2a536888dea540acbcf66f179e6fb31c.jpg;4
data/images/a5b6242e4cd14f08a6dfc73f977aad2d.jpg;a5b6242e4cd14f08a6dfc73f977aad2d.jpg;4
data/images/e01e978d0a6a4498be51f1e890a7d124.jpg;e01e978d0a6a4498be51f1e890a7d124.jpg;4
data/images/1bf20f9c19b642438dc547aa16f09207.jpg;1bf20f9c19b642438dc547aa16f09207.jpg;4
data/images/2dcc54a283874021af6c1457083fa839.jpg;2dcc54a283874021af6c1457083fa839.jpg;4
data/images/883faed2b4c84f9fa2fcdf6035f2ea88.jpg;883faed2b4c84f9fa2fcdf6035f2ea88.jpg;4
data/images/79025f854b6a4954bc7692b08598c89f.jpg;79025f854b6a4954bc7692b08598c89f.jpg;4
data/images/55d6eaf3d71640d68af86ae76f06e1b3.jpg;55d6eaf3d71640d68af86ae76f06e1b3.jpg;4
data/images/ed7eefef090f4cbfbc2ff92c6e17f51e.jpg;ed7eefef090f4cbfbc2ff92c6e17f51e.jpg;4
data/images/5bb0c6246d604da196a4f3ee9908cae3.jpg;5bb0c6246d604da196a4f3ee9908cae3.jpg;4
data/images/e3314dd24d274c9a90895b513815ff1a.jpg;e3314dd24d274c9a90895b513815ff1a.jpg;4
data/images/18f1deb1155640f2b7aaa064610feeae.jpg;18f1deb1155640f2b7aaa064610feeae.jpg;4
data/images/c070b68865bc42279703ca13858eb1f4.jpg;c070b68865bc42279703ca13858eb1f4.jpg;4
data/images/e7aff514925a4299b3c3f7705f03a524.jpg;e7aff514925a4299b3c3f7705f03a524.jpg;4
data/images/c0da3bdb2eb04abb934d194af465a436.jpg;c0da3bdb2eb04abb934d194af465a436.jpg;4
data/images/62d5c33d124842b7bf77ba9712dada2f.jpg;62d5c33d124842b7bf77ba9712dada2f.jpg;4
data/images/f8693b9e8fcd461f89cd8919f111b18d.jpg;f8693b9e8fcd461f89cd8919f111b18d.jpg;4
data/images/08d6aad123fc4acbac8a44ee35781194.jpg;08d6aad123fc4acbac8a44ee35781194.jpg;4
data/images/bba156eaa3704c5587d29a548f7ff572.jpg;bba156eaa3704c5587d29a548f7ff572.jpg;4
data/images/34ee4aa3fe70414c924b6249ad7cb291.jpg;34ee4aa3fe70414c924b6249ad7cb291.jpg;4
data/images/36cd836b693a46fd8b125ede93c2fbfc.jpg;36cd836b693a46fd8b125ede93c2fbfc.jpg;4
data/images/e9b2d72b82ea4f07bbe27285e0d8c26d.jpg;e9b2d72b82ea4f07bbe27285e0d8c26d.jpg;4
data/images/6ddf21099de54f2b9f07591fccb85c9f.jpg;6ddf21099de54f2b9f07591fccb85c9f.jpg;4
data/images/91ee51a8bcd44d2fb2cd48b8de817a2a.jpg;91ee51a8bcd44d2fb2cd48b8de817a2a.jpg;4
data/images/f35e6f9e423c4bb8a94b030dee2753d3.jpg;f35e6f9e423c4bb8a94b030dee2753d3.jpg;4
data/images/3c3462423db94ad7b57a5d8b7e35e0c4.jpg;3c3462423db94ad7b57a5d8b7e35e0c4.jpg;4
data/images/7d023547875749278b50952c3f33a882.jpg;7d023547875749278b50952c3f33a882.jpg;4
data/images/84b83904bd7e48c18c8c41682ac6ffc1.jpg;84b83904bd7e48c18c8c41682ac6ffc1.jpg;4
data/images/9878925e816e45eabb5e6d34473c1dd9.jpg;9878925e816e45eabb5e6d34473c1dd9.jpg;4
data/images/e25da8b4b4e4471099915092ff8f3a01.jpg;e25da8b4b4e4471099915092ff8f3a01.jpg;4
data/images/2c8a17cd3bc8489797872a86a2fd4f45.jpg;2c8a17cd3bc8489797872a86a2fd4f45.jpg;4
data/images/415067fbbce24f109b8bd73ee86d15e1.jpg;415067fbbce24f109b8bd73ee86d15e1.jpg;4
data/images/44b4b61853254538ae3bce421d869ae3.jpg;44b4b61853254538ae3bce421d869ae3.jpg;4
data/images/a779fd0eb0254c05b1bac1d73213417e.jpg;a779fd0eb0254c05b1bac1d73213417e.jpg;4
data/images/221778c5db6d443581cf9b75c684f2df.jpg;221778c5db6d443581cf9b75c684f2df.jpg;4
data/images/7232281f874646f6a7c2fcd0c8858224.jpg;7232281f874646f6a7c2fcd0c8858224.jpg;4
data/images/2a04b2982fad4580be5468e5876f27ec.jpg;2a04b2982fad4580be5468e5876f27ec.jpg;4
data/images/3ab764a6a9314b68b66a55f81d6b0d6e.jpg;3ab764a6a9314b68b66a55f81d6b0d6e.jpg;4
data/images/456582b69a964dbaa009c74f1e80ccc9.jpg;456582b69a964dbaa009c74f1e80ccc9.jpg;4
data/images/6fb78d2911b848fda797464491541ef2.jpg;6fb78d2911b848fda797464491541ef2.jpg;4
data/images/68c2f118564c4893a616b4f48172dce3.jpg;68c2f118564c4893a616b4f48172dce3.jpg;4
data/images/b2e512cda495480c8a1466266160a99f.jpg;b2e512cda495480c8a1466266160a99f.jpg;4
data/images/7c2a91bac1a54ac494d63214bf294b0d.jpg;7c2a91bac1a54ac494d63214bf294b0d.jpg;4
data/images/25b72864ecc1452ca32536df6e13a177.jpg;25b72864ecc1452ca32536df6e13a177.jpg;4
data/images/7aa89dd1607b4a0091c686fb7912d0ba.jpg;7aa89dd1607b4a0091c686fb7912d0ba.jpg;4
data/images/044e34c2b23e42919679a6011421ad1b.jpg;044e34c2b23e42919679a6011421ad1b.jpg;4
data/images/674a77db1c0848ccbb818f6f63ca948c.jpg;674a77db1c0848ccbb818f6f63ca948c.jpg;4
data/images/09f4f176806947609ee0fcb5ae1cd7e2.jpg;09f4f176806947609ee0fcb5ae1cd7e2.jpg;4
data/images/5f60208a6fb34cf9ae299447daa077cc.jpg;5f60208a6fb34cf9ae299447daa077cc.jpg;4
data/images/3aeb2de5fb6245a188541ec4b263824c.jpg;3aeb2de5fb6245a188541ec4b263824c.jpg;4
data/images/df99cabbb4c346b68a332e12e74268b2.jpg;df99cabbb4c346b68a332e12e74268b2.jpg;4
data/images/b621e09e12144c31a2846515ef43b91a.jpg;b621e09e12144c31a2846515ef43b91a.jpg;4
data/images/60ba1bbd79d744bf90a25bc23b9b0346.jpg;60ba1bbd79d744bf90a25bc23b9b0346.jpg;4
data/images/f1cd367817734b29a804d5578d166740.jpg;f1cd367817734b29a804d5578d166740.jpg;4
data/images/516adca4733e4d1ead1fb70abea8e172.jpg;516adca4733e4d1ead1fb70abea8e172.jpg;4
data/images/ebbac231ee4e4c2e860e44f61523e1f4.jpg;ebbac231ee4e4c2e860e44f61523e1f4.jpg;4
data/images/e7e17f1104f64ef7ae64aa609eebc3d6.jpg;e7e17f1104f64ef7ae64aa609eebc3d6.jpg;4
data/images/dd5bd2d3cdab4169a686e850f5f307a7.jpg;dd5bd2d3cdab4169a686e850f5f307a7.jpg;4
data/images/1e2fe01bd8164087a8a595f429beaad7.jpg;1e2fe01bd8164087a8a595f429beaad7.jpg;4
data/images/6da5020f1e1a48c2ad3ac5c0ef8011c7.jpg;6da5020f1e1a48c2ad3ac5c0ef8011c7.jpg;4
data/images/47619558f8be4c98a9dda6de457c4615.jpg;47619558f8be4c98a9dda6de457c4615.jpg;4
data/images/57db8c9e51a74d85a75b81c8bb7f3e28.jpg;57db8c9e51a74d85a75b81c8bb7f3e28.jpg;4
data/images/7e076e79dcc5478cb9b47d76d590dac7.jpg;7e076e79dcc5478cb9b47d76d590dac7.jpg;4
data/images/43584efec0894a2491049e483e6ea5c7.jpg;43584efec0894a2491049e483e6ea5c7.jpg;4
data/images/5a16593cb588468cb4c7425c89dc283a.jpg;5a16593cb588468cb4c7425c89dc283a.jpg;4
data/images/cfb053f9fb5f4e29a0510041417a219c.jpg;cfb053f9fb5f4e29a0510041417a219c.jpg;4
data/images/cd030e62dafa43b5b184685aa3cbe750.jpg;cd030e62dafa43b5b184685aa3cbe750.jpg;4
data/images/b7cb30ce31f34ac586d682469756c1f4.jpg;b7cb30ce31f34ac586d682469756c1f4.jpg;4
data/images/f1bda9214cd048288058022a833c5850.jpg;f1bda9214cd048288058022a833c5850.jpg;4
data/images/d49c7095cc2e4ab9a6ad4ef0581fe11f.jpg;d49c7095cc2e4ab9a6ad4ef0581fe11f.jpg;4
data/images/a294f4fc1d8a493aa5e4b2080ff5a200.jpg;a294f4fc1d8a493aa5e4b2080ff5a200.jpg;4
data/images/39e62d8be7694dbb8aed5d4f3abb8f36.jpg;39e62d8be7694dbb8aed5d4f3abb8f36.jpg;4
data/images/6c3c891a09f04c218aea3e44cbdb6baa.jpg;6c3c891a09f04c218aea3e44cbdb6baa.jpg;4
data/images/48c8e8781738448cb69800e6ef3e1f27.jpg;48c8e8781738448cb69800e6ef3e1f27.jpg;4
data/images/f7a8a8fe31dc45838ff6a379b600f37f.jpg;f7a8a8fe31dc45838ff6a379b600f37f.jpg;4
data/images/682f70d142da471c88b940b2c4068553.jpg;682f70d142da471c88b940b2c4068553.jpg;4
data/images/6e619eb421a04956a760923bd0aa5a52.jpg;6e619eb421a04956a760923bd0aa5a52.jpg;4
data/images/27e4226aa73f43368f123c1459b8c245.jpg;27e4226aa73f43368f123c1459b8c245.jpg;4
data/images/5fe0a834387b43f0972178e926fe63ff.jpg;5fe0a834387b43f0972178e926fe63ff.jpg;4
data/images/8f281e8936234bab91c8ed3a4509e42d.jpg;8f281e8936234bab91c8ed3a4509e42d.jpg;4
data/images/c7c53b63c2944825bd06027ed0fb3a5a.jpg;c7c53b63c2944825bd06027ed0fb3a5a.jpg;4
data/images/7942c97593e94a7d908d957001060b4f.jpg;7942c97593e94a7d908d957001060b4f.jpg;4
data/images/00d9ab943ec6421ebcc94138e67aa404.jpg;00d9ab943ec6421ebcc94138e67aa404.jpg;4
data/images/f9098406f115417eb680fada5b430e64.jpg;f9098406f115417eb680fada5b430e64.jpg;4
data/images/f705c696e1cd447d825edb43a6627c6d.jpg;f705c696e1cd447d825edb43a6627c6d.jpg;4
data/images/f457008add6541c195348cb1c3155595.jpg;f457008add6541c195348cb1c3155595.jpg;4
data/images/76e809c460984c7e8bd0990d5635dbb9.jpg;76e809c460984c7e8bd0990d5635dbb9.jpg;4
data/images/8bd1529b1e5f421e9b2a5cfa7f173109.jpg;8bd1529b1e5f421e9b2a5cfa7f173109.jpg;4
data/images/f99d4777bd5f4f84bdb40d2bd720f7e4.jpg;f99d4777bd5f4f84bdb40d2bd720f7e4.jpg;4
data/images/e1de4ea9f9f7442191505ae65de80f14.jpg;e1de4ea9f9f7442191505ae65de80f14.jpg;4
data/images/b0c7fce5e8b242c1878b03e008a7d7b9.jpg;b0c7fce5e8b242c1878b03e008a7d7b9.jpg;4
data/images/15a87fe2eb3c451e885b9cf1b7d849ac.jpg;15a87fe2eb3c451e885b9cf1b7d849ac.jpg;4
data/images/a5bab5b4a7944247b1ebc0c15f789a03.jpg;a5bab5b4a7944247b1ebc0c15f789a03.jpg;4
data/images/c30135b402a84b6ea450678fd8d6059c.jpg;c30135b402a84b6ea450678fd8d6059c.jpg;4
data/images/53e67a10382945b9a7603bcce37857f9.jpg;53e67a10382945b9a7603bcce37857f9.jpg;4
data/images/f7b2f4c336cc41ddaeb284c4fc9e8780.jpg;f7b2f4c336cc41ddaeb284c4fc9e8780.jpg;4
data/images/ea482bd6c5c84ec49692d011874f052a.jpg;ea482bd6c5c84ec49692d011874f052a.jpg;4
data/images/6597aba611a74275bfb445bee214db62.jpg;6597aba611a74275bfb445bee214db62.jpg;4
data/images/e118742e3db34c2bb30a9e78e4021329.jpg;e118742e3db34c2bb30a9e78e4021329.jpg;4
data/images/0135cd16ac2f41b1a9a932d5d1255313.jpg;0135cd16ac2f41b1a9a932d5d1255313.jpg;4
data/images/cb0f956d238f486a8891a3c7cab2c108.jpg;cb0f956d238f486a8891a3c7cab2c108.jpg;4
data/images/fc25436d0fa64af996c2af743247ab69.jpg;fc25436d0fa64af996c2af743247ab69.jpg;4
data/images/9756f4cb10b14a3b942f7ab2ccf8f4d3.jpg;9756f4cb10b14a3b942f7ab2ccf8f4d3.jpg;4
data/images/ee18b9aa12e0495a8dfdfc6e38bc4d4a.jpg;ee18b9aa12e0495a8dfdfc6e38bc4d4a.jpg;4
data/images/6589a6097f8642c1bf8747f7b1c5334d.jpg;6589a6097f8642c1bf8747f7b1c5334d.jpg;4
data/images/d7d89e6b038342d7a3550bfbb6498ea2.jpg;d7d89e6b038342d7a3550bfbb6498ea2.jpg;4
data/images/3f63c1da37cd45fa91e9c4d927494c26.jpg;3f63c1da37cd45fa91e9c4d927494c26.jpg;4
data/images/c3d63f3cdaa74ab2a82ae9fe9e76d02f.jpg;c3d63f3cdaa74ab2a82ae9fe9e76d02f.jpg;4
data/images/b40cb4c962d44215b05a159dbbac2774.jpg;b40cb4c962d44215b05a159dbbac2774.jpg;4
data/images/1f482fcd9a02477db01dcb536f7b79fb.jpg;1f482fcd9a02477db01dcb536f7b79fb.jpg;4
data/images/e54670b5563e411d9456859e583dbab0.jpg;e54670b5563e411d9456859e583dbab0.jpg;4
data/images/1e595669e1c4483b9cad25f1a5aee121.jpg;1e595669e1c4483b9cad25f1a5aee121.jpg;4
data/images/dfbf3d0a394e49f688d44369247a5e30.jpg;dfbf3d0a394e49f688d44369247a5e30.jpg;4
data/images/f9d266c9944d40f0b5938be59abdfee1.jpg;f9d266c9944d40f0b5938be59abdfee1.jpg;4
data/images/025b735547dc42469c92621953850f8b.jpg;025b735547dc42469c92621953850f8b.jpg;4
data/images/e666805285fd4f018dc0473199c9e175.jpg;e666805285fd4f018dc0473199c9e175.jpg;4
data/images/b9a963c72444462687111092837f8844.jpg;b9a963c72444462687111092837f8844.jpg;4
data/images/45b755ed753e4cdc8910c476bd9396af.jpg;45b755ed753e4cdc8910c476bd9396af.jpg;4
data/images/2929ad282a194ac382a0a1b98d8b950a.jpg;2929ad282a194ac382a0a1b98d8b950a.jpg;4
data/images/510f7539eebc44b680af69a3a681b6cf.jpg;510f7539eebc44b680af69a3a681b6cf.jpg;4
data/images/5f1c135b0a8e401ba85e606c6f643984.jpg;5f1c135b0a8e401ba85e606c6f643984.jpg;4
data/images/f214a29403e041ddbf227a0147bd2d63.jpg;f214a29403e041ddbf227a0147bd2d63.jpg;4
data/images/279696fcf1ba46a5a8cd8e1c026343b5.jpg;279696fcf1ba46a5a8cd8e1c026343b5.jpg;4
data/images/5842600c51de49d8bfb36b49eb953fef.jpg;5842600c51de49d8bfb36b49eb953fef.jpg;4
data/images/d97261dd1693460ca27a08482dc92db7.jpg;d97261dd1693460ca27a08482dc92db7.jpg;4
data/images/84e8de49346a45068d0b18dabaa3df97.jpg;84e8de49346a45068d0b18dabaa3df97.jpg;4
data/images/bfe42a82beb946ed8462b2b28b81957b.jpg;bfe42a82beb946ed8462b2b28b81957b.jpg;4
data/images/2efea7a24d684a84acde1db1a9b94aec.jpg;2efea7a24d684a84acde1db1a9b94aec.jpg;4
data/images/e4ee05e67e65460b831e6ae5df5076d4.jpg;e4ee05e67e65460b831e6ae5df5076d4.jpg;4
data/images/79cc8b5ffc044335be94921c52b39dbc.jpg;79cc8b5ffc044335be94921c52b39dbc.jpg;4
data/images/2b8dedc5e83e4019ba17e99ed8a0ca60.jpg;2b8dedc5e83e4019ba17e99ed8a0ca60.jpg;4
data/images/f770368ecdf44223a54e3a9e63563e1e.jpg;f770368ecdf44223a54e3a9e63563e1e.jpg;4
data/images/c664187b704a4defa92a69099d80bbd1.jpg;c664187b704a4defa92a69099d80bbd1.jpg;4
data/images/b4224d1ea6e64b7ead3dda7e6dceb4b8.jpg;b4224d1ea6e64b7ead3dda7e6dceb4b8.jpg;4
data/images/b0bcd805ef644b3295836dece8310469.jpg;b0bcd805ef644b3295836dece8310469.jpg;4
data/images/df0aaf59702e489e96bcc768ef94d3af.jpg;df0aaf59702e489e96bcc768ef94d3af.jpg;4
data/images/879bb6e9d96741f985665c9b8519c2c8.jpg;879bb6e9d96741f985665c9b8519c2c8.jpg;4
data/images/50b9d2eb0e694d939f41f11becac0639.jpg;50b9d2eb0e694d939f41f11becac0639.jpg;4
data/images/706f2f20bd914ec58828a78c89c41685.jpg;706f2f20bd914ec58828a78c89c41685.jpg;4
data/images/6f6aa790fed4456db6ff8bf687e48eb0.jpg;6f6aa790fed4456db6ff8bf687e48eb0.jpg;4
data/images/c5f37a9ccd2d4427bb85042a55cf7306.jpg;c5f37a9ccd2d4427bb85042a55cf7306.jpg;4
data/images/588a007bcdd247b4b73fabe061aae05b.jpg;588a007bcdd247b4b73fabe061aae05b.jpg;4
data/images/cee2ee40f6ed4aa6aa5219ae8e030bcd.jpg;cee2ee40f6ed4aa6aa5219ae8e030bcd.jpg;4
data/images/4d49fb2e85cb48b89b7b8592a26450f0.jpg;4d49fb2e85cb48b89b7b8592a26450f0.jpg;4
data/images/7132f72085f14788a89ef946ead0950c.jpg;7132f72085f14788a89ef946ead0950c.jpg;4
data/images/99f570e1504e4eb78b6c198adbca6c98.jpg;99f570e1504e4eb78b6c198adbca6c98.jpg;4
data/images/34bb79f7b6d04f50a7c476c1ac68444d.jpg;34bb79f7b6d04f50a7c476c1ac68444d.jpg;4
data/images/52e6ba774e1c422c83f4a8e134ccc608.jpg;52e6ba774e1c422c83f4a8e134ccc608.jpg;4
data/images/37a85a4ab6964b3589ba70b61d3b9aef.jpg;37a85a4ab6964b3589ba70b61d3b9aef.jpg;4
data/images/e9f5d2dc669c49c18061bda570a4022d.jpg;e9f5d2dc669c49c18061bda570a4022d.jpg;4
data/images/55b487b6a34c411abc6f8b8aecf88ae8.jpg;55b487b6a34c411abc6f8b8aecf88ae8.jpg;4
data/images/f8cad4d7ecf743f9b1ad9d0d1de3db6d.jpg;f8cad4d7ecf743f9b1ad9d0d1de3db6d.jpg;4
data/images/3fc1c00f1d4d45b8870392831bd49e95.jpg;3fc1c00f1d4d45b8870392831bd49e95.jpg;4
data/images/4cb85ad65a544513bda659195839c7bc.jpg;4cb85ad65a544513bda659195839c7bc.jpg;4
data/images/55e9879ffc584a8682215eafb2f95dff.jpg;55e9879ffc584a8682215eafb2f95dff.jpg;4
data/images/171eff67647543c7a4fa40ea325c8325.jpg;171eff67647543c7a4fa40ea325c8325.jpg;4
data/images/dec81d01c23144f7a3a885e77be7bc57.jpg;dec81d01c23144f7a3a885e77be7bc57.jpg;4
data/images/15cf04d7ec3d4928a018e1f859fc5aab.jpg;15cf04d7ec3d4928a018e1f859fc5aab.jpg;4
data/images/0f6c4766b6d04d098436acedc6eddc41.jpg;0f6c4766b6d04d098436acedc6eddc41.jpg;4
data/images/018adb945ea34603bf28da457150815a.jpg;018adb945ea34603bf28da457150815a.jpg;4
data/images/153ff670a57e44d480d53461804c57ea.jpg;153ff670a57e44d480d53461804c57ea.jpg;4
data/images/37aef6ef5d2347a4bdc8e3000768159f.jpg;37aef6ef5d2347a4bdc8e3000768159f.jpg;4
data/images/337edf795fff48948161e2d0b33d0f48.jpg;337edf795fff48948161e2d0b33d0f48.jpg;4
data/images/94e2bf1ba215430b80caadfad0e69207.jpg;94e2bf1ba215430b80caadfad0e69207.jpg;4
data/images/5ad29b9b04fe4b75b2a7c2b9c292ea0b.jpg;5ad29b9b04fe4b75b2a7c2b9c292ea0b.jpg;4
data/images/6d3a1ffd8b8c48c798c224c3b8c0f34c.jpg;6d3a1ffd8b8c48c798c224c3b8c0f34c.jpg;4
data/images/cbc805ec59fa447aa99c81b95979dbc2.jpg;cbc805ec59fa447aa99c81b95979dbc2.jpg;4
data/images/8f18df2ecfca474ab822b8dd5c287754.jpg;8f18df2ecfca474ab822b8dd5c287754.jpg;4
data/images/584e889594ef450cbec79afb3784984b.jpg;584e889594ef450cbec79afb3784984b.jpg;4
data/images/170378e4664f4ed2b51efbba8545e65e.jpg;170378e4664f4ed2b51efbba8545e65e.jpg;4
data/images/9744080b7daa4f94baebcaed92fb1eec.jpg;9744080b7daa4f94baebcaed92fb1eec.jpg;4
data/images/eb91a97191304c6a9636f8374d55664c.jpg;eb91a97191304c6a9636f8374d55664c.jpg;4
data/images/9f644743b2f84c39a86dacb494fff3d1.jpg;9f644743b2f84c39a86dacb494fff3d1.jpg;4
data/images/d489a01f199647398f24f606a48bb451.jpg;d489a01f199647398f24f606a48bb451.jpg;4
data/images/1b88f607a7ee4f8492830030e3de6ee8.jpg;1b88f607a7ee4f8492830030e3de6ee8.jpg;4
data/images/78525b38c9b84cc1a0ef5b889181de25.jpg;78525b38c9b84cc1a0ef5b889181de25.jpg;4
data/images/9e129b8f5db44318992bface9ac4e805.jpg;9e129b8f5db44318992bface9ac4e805.jpg;4
data/images/24ef9b2cfd854b168ea26cf3948e908b.jpg;24ef9b2cfd854b168ea26cf3948e908b.jpg;4
data/images/266afd36c02d4c0cb5758cee08dfc8e8.jpg;266afd36c02d4c0cb5758cee08dfc8e8.jpg;4
data/images/8157e9537a8740f489f8adc67b4d56d4.jpg;8157e9537a8740f489f8adc67b4d56d4.jpg;4
data/images/ea388bebcabc406b868f99057988f4a0.jpg;ea388bebcabc406b868f99057988f4a0.jpg;4
data/images/96a0334b7245411384556940224aa049.jpg;96a0334b7245411384556940224aa049.jpg;4
data/images/f8b23ed9b1814787b8d56bd4c8c7b99f.jpg;f8b23ed9b1814787b8d56bd4c8c7b99f.jpg;4
data/images/9f29755b065b49e8a47c06da92fc2d0f.jpg;9f29755b065b49e8a47c06da92fc2d0f.jpg;4
data/images/b5725afd75e340ffa8142798d3fb0514.jpg;b5725afd75e340ffa8142798d3fb0514.jpg;4
data/images/cb2456f7cc044d238f723fa1a1c67e0c.jpg;cb2456f7cc044d238f723fa1a1c67e0c.jpg;4
data/images/856ec35c7772457c9da4c43fc3a303de.jpg;856ec35c7772457c9da4c43fc3a303de.jpg;4
data/images/641329d064cd41c69446fa7ac5315e4d.jpg;641329d064cd41c69446fa7ac5315e4d.jpg;4
data/images/6830f9ceb59a485681c6f5392493edc9.jpg;6830f9ceb59a485681c6f5392493edc9.jpg;4
data/images/b76d11f40521489ca4d2bf47804d81d1.jpg;b76d11f40521489ca4d2bf47804d81d1.jpg;4
data/images/7e060c95714a46b08390bd7af1c32fc6.jpg;7e060c95714a46b08390bd7af1c32fc6.jpg;4
data/images/315ead33c75b403b9abcf3e547e0aebc.jpg;315ead33c75b403b9abcf3e547e0aebc.jpg;4
data/images/010cc0a8e2da4ec08991d00a69fb2b9e.jpg;010cc0a8e2da4ec08991d00a69fb2b9e.jpg;4
data/images/0284868bdb954147ae3d5e464aa12d2f.jpg;0284868bdb954147ae3d5e464aa12d2f.jpg;4
data/images/5e8c5b0b0e30458495ac3f0cff3a5518.jpg;5e8c5b0b0e30458495ac3f0cff3a5518.jpg;4
data/images/0f1d78af86ad49fba2944aab56bc9798.jpg;0f1d78af86ad49fba2944aab56bc9798.jpg;4
data/images/2438380d7ff245b6b0c9a59b06736364.jpg;2438380d7ff245b6b0c9a59b06736364.jpg;4
data/images/3531e9467b034961b1afe510af96fea1.jpg;3531e9467b034961b1afe510af96fea1.jpg;4
data/images/418a153e7e34450dbf28d919d6775cb7.jpg;418a153e7e34450dbf28d919d6775cb7.jpg;4
data/images/77c03b6c5a3347329fc5d24bab3514ab.jpg;77c03b6c5a3347329fc5d24bab3514ab.jpg;4
data/images/18e1b6e3eef24b998d703550017b4935.jpg;18e1b6e3eef24b998d703550017b4935.jpg;4
data/images/1b3b5317ac93450c945fdeaeb292660d.jpg;1b3b5317ac93450c945fdeaeb292660d.jpg;4
data/images/b226eeaf18294f8e889bd9b74f7970be.jpg;b226eeaf18294f8e889bd9b74f7970be.jpg;4
data/images/b5065d8a724043a5bb07d9502feab098.jpg;b5065d8a724043a5bb07d9502feab098.jpg;4
data/images/7c58d468907e45c18b52691d104935f2.jpg;7c58d468907e45c18b52691d104935f2.jpg;4
data/images/46efd26612ce4e0385b80982a8c35cc6.jpg;46efd26612ce4e0385b80982a8c35cc6.jpg;3
data/images/eb8170310b2b4dffbc1f2a4e2e356ca1.jpg;eb8170310b2b4dffbc1f2a4e2e356ca1.jpg;3
data/images/87fd611deb5a42b9a85187e9ce807706.jpg;87fd611deb5a42b9a85187e9ce807706.jpg;3
data/images/f919a0abcb0a487783b313063eb6597a.jpg;f919a0abcb0a487783b313063eb6597a.jpg;3
data/images/4bcb840b38b247a28c74c696327e4ca2.jpg;4bcb840b38b247a28c74c696327e4ca2.jpg;3
data/images/6fa79cc963614f238e189d881cfb1199.jpg;6fa79cc963614f238e189d881cfb1199.jpg;3
data/images/f39b60ee9c0745128ace117c849fa5eb.jpg;f39b60ee9c0745128ace117c849fa5eb.jpg;3
data/images/66578eccaf1c4ccba06840c5503e4165.jpg;66578eccaf1c4ccba06840c5503e4165.jpg;3
data/images/f6ab020602014d81a1c4345a921c25cd.jpg;f6ab020602014d81a1c4345a921c25cd.jpg;3
data/images/331094b2ee794c7e96f1dd3aad243edb.jpg;331094b2ee794c7e96f1dd3aad243edb.jpg;3
data/images/02611b4294234d37ac2e369cfb807449.jpg;02611b4294234d37ac2e369cfb807449.jpg;3
data/images/538a50a575874322ba9e50341a5e5e69.jpg;538a50a575874322ba9e50341a5e5e69.jpg;3
data/images/daab9d51befc4885ad18790b64fb8575.jpg;daab9d51befc4885ad18790b64fb8575.jpg;3
data/images/f9a5bf8e41d24db4907581ff1948b4db.jpg;f9a5bf8e41d24db4907581ff1948b4db.jpg;3
data/images/db409e4f4da745d7b7d59f78b26fe208.jpg;db409e4f4da745d7b7d59f78b26fe208.jpg;3
data/images/a7fb1f7ef1774e86943b579e4d9d1d5b.jpg;a7fb1f7ef1774e86943b579e4d9d1d5b.jpg;3
data/images/01c94b4d87874d22bfa9b7811b067f27.jpg;01c94b4d87874d22bfa9b7811b067f27.jpg;3
data/images/cdae785aec484a25a06a98f42a1e1941.jpg;cdae785aec484a25a06a98f42a1e1941.jpg;3
data/images/3eeaf752bc5d4bcbae8f4580a0d45f33.jpg;3eeaf752bc5d4bcbae8f4580a0d45f33.jpg;3
data/images/b343c783f41d41f99bea81a90fd5e8a8.jpg;b343c783f41d41f99bea81a90fd5e8a8.jpg;3
data/images/e828872099014b7caa880e3a998b6548.jpg;e828872099014b7caa880e3a998b6548.jpg;3
data/images/2d844431bcdd4d8ca94fcbe3ea3fd0c3.jpg;2d844431bcdd4d8ca94fcbe3ea3fd0c3.jpg;3
data/images/59ff065c1a104b88a1c3d64e5d49828a.jpg;59ff065c1a104b88a1c3d64e5d49828a.jpg;3
data/images/c0f80243b76048a3b2ff8018f3832acc.jpg;c0f80243b76048a3b2ff8018f3832acc.jpg;3
data/images/9e112cefbefb47368a4d0a8a981bf4de.jpg;9e112cefbefb47368a4d0a8a981bf4de.jpg;3
data/images/5fd4d5b960424cf19f3095d91da33d9b.jpg;5fd4d5b960424cf19f3095d91da33d9b.jpg;3
data/images/0a633fcabbdd46b9a3884d7cfc491468.jpg;0a633fcabbdd46b9a3884d7cfc491468.jpg;3
data/images/f67fcd74886949d49b9ee7592237a9ea.jpg;f67fcd74886949d49b9ee7592237a9ea.jpg;3
data/images/d14f616ae84f4cf99766018ccd959d85.jpg;d14f616ae84f4cf99766018ccd959d85.jpg;3
data/images/b229fffecb9a4b8d96d87ad6da9c9aaf.jpg;b229fffecb9a4b8d96d87ad6da9c9aaf.jpg;3
data/images/7260a296cbab4e4aab95fb6fd24266ee.jpg;7260a296cbab4e4aab95fb6fd24266ee.jpg;3
data/images/47674d9073c640c3adfe19c6b46d5c91.jpg;47674d9073c640c3adfe19c6b46d5c91.jpg;3
data/images/77579e860baa4c09a61f1c02fbcdfbda.jpg;77579e860baa4c09a61f1c02fbcdfbda.jpg;3
data/images/86ea32bb0f9242a6bc7e9db80d4495c3.jpg;86ea32bb0f9242a6bc7e9db80d4495c3.jpg;3
data/images/31ce6ec5c2c3438f8f6c26d90c0147fd.jpg;31ce6ec5c2c3438f8f6c26d90c0147fd.jpg;3
data/images/d1b3d9197fbb462eb16e89af0bae29c9.jpg;d1b3d9197fbb462eb16e89af0bae29c9.jpg;3
data/images/ca22251479174f4f8908246392c8b712.jpg;ca22251479174f4f8908246392c8b712.jpg;3
data/images/23f2d211943043ed8d524f5695a0734f.jpg;23f2d211943043ed8d524f5695a0734f.jpg;3
data/images/ccf1cdf9d6404c47b05bd0af0f287364.jpg;ccf1cdf9d6404c47b05bd0af0f287364.jpg;3
data/images/4e52a8e935694027b754be306c406e44.jpg;4e52a8e935694027b754be306c406e44.jpg;3
data/images/a408052c04cd4f6491020b36c993756e.jpg;a408052c04cd4f6491020b36c993756e.jpg;3
data/images/0e383d9aa8fd432a9fb1d3fe155088eb.jpg;0e383d9aa8fd432a9fb1d3fe155088eb.jpg;3
data/images/c71ca0c0361b4b67b22ca934507deab0.jpg;c71ca0c0361b4b67b22ca934507deab0.jpg;3
data/images/d2af6618a1764e2791b1f27ee3d53a7c.jpg;d2af6618a1764e2791b1f27ee3d53a7c.jpg;3
data/images/3b76af4c9d704d82a3a218c6a0841d90.jpg;3b76af4c9d704d82a3a218c6a0841d90.jpg;3
data/images/eacd4b554e66444fb12f579662424570.jpg;eacd4b554e66444fb12f579662424570.jpg;3
data/images/14c63ab2aa204abcb5f8cfdbd5b1acd9.jpg;14c63ab2aa204abcb5f8cfdbd5b1acd9.jpg;3
data/images/a4955b671e1141b1a364e7a3811975bc.jpg;a4955b671e1141b1a364e7a3811975bc.jpg;3
data/images/3a9df001ec054300b5855bab464cb647.jpg;3a9df001ec054300b5855bab464cb647.jpg;3
data/images/024fc42dbf2c4a3ab3c1a41bca780acb.jpg;024fc42dbf2c4a3ab3c1a41bca780acb.jpg;3
data/images/6aa50a5c1a71494aad103a90b71b8df0.jpg;6aa50a5c1a71494aad103a90b71b8df0.jpg;3
data/images/a8d1cffcc326404e8299598c9c208002.jpg;a8d1cffcc326404e8299598c9c208002.jpg;3
data/images/f3c3c24ad7df4ea29b91fc49b5b2544f.jpg;f3c3c24ad7df4ea29b91fc49b5b2544f.jpg;3
data/images/d186176a979445e18dfb80c762e903ae.jpg;d186176a979445e18dfb80c762e903ae.jpg;3
data/images/eb6af3ae5cf64d719f443171d82c5491.jpg;eb6af3ae5cf64d719f443171d82c5491.jpg;3
data/images/1e6fbce91cdd49609c60dbd11e274333.jpg;1e6fbce91cdd49609c60dbd11e274333.jpg;3
data/images/697fe2a1a7564a59a816f66dc8e35f8d.jpg;697fe2a1a7564a59a816f66dc8e35f8d.jpg;3
data/images/2cd85ba4f7b943ec8b59801613349b2d.jpg;2cd85ba4f7b943ec8b59801613349b2d.jpg;3
data/images/adde90fe1007401b90e23e9468bac888.jpg;adde90fe1007401b90e23e9468bac888.jpg;3
data/images/e3ba74ac5cdc44469a7355c2ad9013ae.jpg;e3ba74ac5cdc44469a7355c2ad9013ae.jpg;3
data/images/4a16f025058741a0a821502f0698de4d.jpg;4a16f025058741a0a821502f0698de4d.jpg;3
data/images/24ad8026ff184c3f899954bc8fc50924.jpg;24ad8026ff184c3f899954bc8fc50924.jpg;3
data/images/93f5cc460c3a4fd6b3245f923dc4b5ff.jpg;93f5cc460c3a4fd6b3245f923dc4b5ff.jpg;3
data/images/b650ffe1a562409eb7f955973f261316.jpg;b650ffe1a562409eb7f955973f261316.jpg;3
data/images/d9242a0f39204522b2d082532b335ce0.jpg;d9242a0f39204522b2d082532b335ce0.jpg;3
data/images/eec52ae7a1a24a47b7a92d2f19b05781.jpg;eec52ae7a1a24a47b7a92d2f19b05781.jpg;3
data/images/b2351deb2b1f4105985ee6c8d8653dd0.jpg;b2351deb2b1f4105985ee6c8d8653dd0.jpg;3
data/images/561b202c73204c399dc0e8841cfb175b.jpg;561b202c73204c399dc0e8841cfb175b.jpg;3
data/images/2826fce7ca2d422caaae36269d7fe2e0.jpg;2826fce7ca2d422caaae36269d7fe2e0.jpg;3
data/images/eded453ce59f4fc5b6cb86ba59a6e7ef.jpg;eded453ce59f4fc5b6cb86ba59a6e7ef.jpg;3
data/images/f510471132224860af599e249e6d4f2c.jpg;f510471132224860af599e249e6d4f2c.jpg;3
data/images/6cbe8db47e4e4cd0a8e08edd8a6c5046.jpg;6cbe8db47e4e4cd0a8e08edd8a6c5046.jpg;3
data/images/d615a57864c847ae97b1a045bc0c091f.jpg;d615a57864c847ae97b1a045bc0c091f.jpg;3
data/images/82901ed3ebe94b09ba42ca79865be61d.jpg;82901ed3ebe94b09ba42ca79865be61d.jpg;3
data/images/c8adf260c1264da09fc3c6fb85a43800.jpg;c8adf260c1264da09fc3c6fb85a43800.jpg;3
data/images/ad23da92e285491a90ae9bb147d6de80.jpg;ad23da92e285491a90ae9bb147d6de80.jpg;3
data/images/d87e66362c8a4483be6a506745bcd8e4.jpg;d87e66362c8a4483be6a506745bcd8e4.jpg;3
data/images/b7654ae02535447293558e5792bd92d1.jpg;b7654ae02535447293558e5792bd92d1.jpg;3
data/images/09a1b64038de42f582b5aeb4379666a1.jpg;09a1b64038de42f582b5aeb4379666a1.jpg;3
data/images/d1c1f45a40da4ad29a92d0ae8888333a.jpg;d1c1f45a40da4ad29a92d0ae8888333a.jpg;3
data/images/714c15f04438460594cda99897b2c718.jpg;714c15f04438460594cda99897b2c718.jpg;3
data/images/c48807e1d7914963a272e0288d6004ce.jpg;c48807e1d7914963a272e0288d6004ce.jpg;3
data/images/40dd81c831974dd5beb7dd52f4475058.jpg;40dd81c831974dd5beb7dd52f4475058.jpg;3
data/images/796fe07aba36440586ba9c28e6d1832d.jpg;796fe07aba36440586ba9c28e6d1832d.jpg;3
data/images/7f8d773a032f4539b886a9f5e5bd1a95.jpg;7f8d773a032f4539b886a9f5e5bd1a95.jpg;3
data/images/de793255f709494d92dcd32c2a69f434.jpg;de793255f709494d92dcd32c2a69f434.jpg;3
data/images/cd6125022560465ca0b7a650d6004d2d.jpg;cd6125022560465ca0b7a650d6004d2d.jpg;3
data/images/ca7267f5f3c64991bb0f929bcc35ef7c.jpg;ca7267f5f3c64991bb0f929bcc35ef7c.jpg;3
data/images/37d97014439c49d3a15fd41c6a79e035.jpg;37d97014439c49d3a15fd41c6a79e035.jpg;3
data/images/c21182aa46b04b5cb88f3bdea5cb247a.jpg;c21182aa46b04b5cb88f3bdea5cb247a.jpg;3
data/images/875fbcf9740a4221aa47249108bc97df.jpg;875fbcf9740a4221aa47249108bc97df.jpg;3
data/images/19cc89b5779f40acb888206f8a4e60d7.jpg;19cc89b5779f40acb888206f8a4e60d7.jpg;3
data/images/c4ebe6c8ada241259d576908810cbaea.jpg;c4ebe6c8ada241259d576908810cbaea.jpg;3
data/images/c4d6e503ca024f739c5265341fd232d7.jpg;c4d6e503ca024f739c5265341fd232d7.jpg;3
data/images/9e7c9cdd4d874c2e88b2f22142a99860.jpg;9e7c9cdd4d874c2e88b2f22142a99860.jpg;3
data/images/69a369ecdd0a43ac82e4c2c4409eff09.jpg;69a369ecdd0a43ac82e4c2c4409eff09.jpg;3
data/images/23f251124b2a4da3b07b11eb79680e0b.jpg;23f251124b2a4da3b07b11eb79680e0b.jpg;3
data/images/2dc0437dad634b79b67b3545e16ba85a.jpg;2dc0437dad634b79b67b3545e16ba85a.jpg;3
data/images/4fc19a60b4604e07a606d96fbbdf03c3.jpg;4fc19a60b4604e07a606d96fbbdf03c3.jpg;3
data/images/3b47071422614e59833c4a9b189dd622.jpg;3b47071422614e59833c4a9b189dd622.jpg;3
data/images/661bff3a3c3440598501e91b109e56d9.jpg;661bff3a3c3440598501e91b109e56d9.jpg;3
data/images/ae19b77672274e16a12569e6533a2db8.jpg;ae19b77672274e16a12569e6533a2db8.jpg;3
data/images/39480c5fc2774c0d925e5fbef0a74939.jpg;39480c5fc2774c0d925e5fbef0a74939.jpg;3
data/images/8db7a4b6935c49598153aae43cdd1756.jpg;8db7a4b6935c49598153aae43cdd1756.jpg;3
data/images/d7c34007dc7848ceb649ca94bf3f7669.jpg;d7c34007dc7848ceb649ca94bf3f7669.jpg;3
data/images/20e45825d1cc4e059ce5a78714a7daa0.jpg;20e45825d1cc4e059ce5a78714a7daa0.jpg;3
data/images/b60dc1a0a27f47bcaea727e7f586cbd8.jpg;b60dc1a0a27f47bcaea727e7f586cbd8.jpg;3
data/images/e7ac0aac03b745ffb875ff20fdba68f1.jpg;e7ac0aac03b745ffb875ff20fdba68f1.jpg;3
data/images/7bae2554db9b46bc96308762db4e3a86.jpg;7bae2554db9b46bc96308762db4e3a86.jpg;3
data/images/2fe714d50b014e569871af28f5e5c1e0.jpg;2fe714d50b014e569871af28f5e5c1e0.jpg;3
data/images/5e17518c84004b4ca5a61e1df05fca6d.jpg;5e17518c84004b4ca5a61e1df05fca6d.jpg;3
data/images/59595530216f4a1dafbe75dcd5e7367b.jpg;59595530216f4a1dafbe75dcd5e7367b.jpg;3
data/images/473c5c1ead8d4ea6afce7cd29704040d.jpg;473c5c1ead8d4ea6afce7cd29704040d.jpg;3
data/images/b7c2dcdc8f2642ed8c97a71e9185caa6.jpg;b7c2dcdc8f2642ed8c97a71e9185caa6.jpg;3
data/images/2fd1e6db482741baa42e98fc7535d524.jpg;2fd1e6db482741baa42e98fc7535d524.jpg;3
data/images/2702f9f92a39431faa4ef414e20a23dc.jpg;2702f9f92a39431faa4ef414e20a23dc.jpg;3
data/images/5d64806147874dbba33c06881228d981.jpg;5d64806147874dbba33c06881228d981.jpg;3
data/images/5aee2a0030e14dd08646cc3dafd3bec1.jpg;5aee2a0030e14dd08646cc3dafd3bec1.jpg;3
data/images/85182ff3bcac4ab7a4621364a294a25c.jpg;85182ff3bcac4ab7a4621364a294a25c.jpg;3
data/images/625f6d5baec24414b0c47e3b0621408b.jpg;625f6d5baec24414b0c47e3b0621408b.jpg;3
data/images/92bf4705b94a4a5482462a7263dbc6b8.jpg;92bf4705b94a4a5482462a7263dbc6b8.jpg;3
data/images/0a3a985ba39b47599d9056430a42ffba.jpg;0a3a985ba39b47599d9056430a42ffba.jpg;3
data/images/f70155c9f04f427d9aca3916e4d70f87.jpg;f70155c9f04f427d9aca3916e4d70f87.jpg;3
data/images/b9bb7cc95d3d48608972d8498e95b77a.jpg;b9bb7cc95d3d48608972d8498e95b77a.jpg;3
data/images/641a5618464c415fa630a4c03e4a24dd.jpg;641a5618464c415fa630a4c03e4a24dd.jpg;3
data/images/f32dccfb6e424e8e8fdd76d8c94e5bc1.jpg;f32dccfb6e424e8e8fdd76d8c94e5bc1.jpg;3
data/images/4e277fc839c24a84a8904b23b80281cf.jpg;4e277fc839c24a84a8904b23b80281cf.jpg;3
data/images/988082eeeb7d43b09125fb82c0988c74.jpg;988082eeeb7d43b09125fb82c0988c74.jpg;3
data/images/1cd4dadf9dcd4a8081103f348b3103dc.jpg;1cd4dadf9dcd4a8081103f348b3103dc.jpg;3
data/images/d5c74238a2284c0782d445b6a52ba762.jpg;d5c74238a2284c0782d445b6a52ba762.jpg;3
data/images/d28e95d21b4e4a499dde0cb0fbb9167c.jpg;d28e95d21b4e4a499dde0cb0fbb9167c.jpg;3
data/images/256bc5fab58f4019893143fa702e6118.jpg;256bc5fab58f4019893143fa702e6118.jpg;3
data/images/aa765dec12374d1197574027f352aeb2.jpg;aa765dec12374d1197574027f352aeb2.jpg;3
data/images/40f5f1a622e04291ada4719105062f37.jpg;40f5f1a622e04291ada4719105062f37.jpg;3
data/images/dc428a053a1c4c75ba0cc9c7494c8264.jpg;dc428a053a1c4c75ba0cc9c7494c8264.jpg;3
data/images/22b577c1fbad437388fdf6e5285be477.jpg;22b577c1fbad437388fdf6e5285be477.jpg;3
data/images/e3da0fdb02f8460a9e8b3889d7a742a7.jpg;e3da0fdb02f8460a9e8b3889d7a742a7.jpg;3
data/images/e73b70544adb471e9f8d9661a425cbfc.jpg;e73b70544adb471e9f8d9661a425cbfc.jpg;3
data/images/fd884b2e467b459eb9a56ab83fe5eb12.jpg;fd884b2e467b459eb9a56ab83fe5eb12.jpg;3
data/images/89ccdbdc12fa494e89a5707b297d6a0d.jpg;89ccdbdc12fa494e89a5707b297d6a0d.jpg;3
data/images/f3317c0669d34f488307acb087c81f2f.jpg;f3317c0669d34f488307acb087c81f2f.jpg;3
data/images/c949656a4d3f4d5cb342f48dbc21970d.jpg;c949656a4d3f4d5cb342f48dbc21970d.jpg;3
data/images/afb6e3e3ce3a42e4ab91a9d7352b4614.jpg;afb6e3e3ce3a42e4ab91a9d7352b4614.jpg;3
data/images/f75eaf1714534404a8f930431f64d867.jpg;f75eaf1714534404a8f930431f64d867.jpg;3
data/images/27acf89a7e5f4cefbef726f49bcb4d94.jpg;27acf89a7e5f4cefbef726f49bcb4d94.jpg;3
data/images/738ff2c1dc6940d8ae42646c7da2cc07.jpg;738ff2c1dc6940d8ae42646c7da2cc07.jpg;3
data/images/ec11cf4353f1413c8d358915fda99501.jpg;ec11cf4353f1413c8d358915fda99501.jpg;3
data/images/e4972d26b6af4c5b94b3c3ff15be8a28.jpg;e4972d26b6af4c5b94b3c3ff15be8a28.jpg;3
data/images/de273bd404714067bf0707482d75eed5.jpg;de273bd404714067bf0707482d75eed5.jpg;3
data/images/7c049f1afb8f4487afb67f6d460b9de1.jpg;7c049f1afb8f4487afb67f6d460b9de1.jpg;3
data/images/d475f12cc4644ed48ff7fce2cd90f539.jpg;d475f12cc4644ed48ff7fce2cd90f539.jpg;3
data/images/e1bdfbb430dd41d296c3b06df0cf6a0e.jpg;e1bdfbb430dd41d296c3b06df0cf6a0e.jpg;3
data/images/95a86717786f4746af8dae95aecb1ac5.jpg;95a86717786f4746af8dae95aecb1ac5.jpg;3
data/images/6db7ae06744b4c1f8968c481d784e479.jpg;6db7ae06744b4c1f8968c481d784e479.jpg;3
data/images/9bc6dda417814dd694de76ba0896578e.jpg;9bc6dda417814dd694de76ba0896578e.jpg;3
data/images/141883efcbfb445aab054e6e2f36d47f.jpg;141883efcbfb445aab054e6e2f36d47f.jpg;3
data/images/85cbd89325dd44be822d59d546c24926.jpg;85cbd89325dd44be822d59d546c24926.jpg;3
data/images/09e37a6c371c49d7a5c6c7e11832422a.jpg;09e37a6c371c49d7a5c6c7e11832422a.jpg;3
data/images/5adf305b0b78406e95919effd88bac03.jpg;5adf305b0b78406e95919effd88bac03.jpg;3
data/images/3ab80b0261714ecbad1bee4b0611caf4.jpg;3ab80b0261714ecbad1bee4b0611caf4.jpg;3
data/images/e41692eb1a6542a7b97efde21e8b9dff.jpg;e41692eb1a6542a7b97efde21e8b9dff.jpg;3
data/images/0fd1954b8917425fa0561386c3d5f6b1.jpg;0fd1954b8917425fa0561386c3d5f6b1.jpg;3
data/images/4e7cbebbc7564af1b08f7c4dd8abc851.jpg;4e7cbebbc7564af1b08f7c4dd8abc851.jpg;3
data/images/76f4c0b402504241a94e6e9521fb182c.jpg;76f4c0b402504241a94e6e9521fb182c.jpg;3
data/images/42d51e550ea943fb93f04c03e0baf405.jpg;42d51e550ea943fb93f04c03e0baf405.jpg;3
data/images/126df6426f9f4696bf26c64de05f414b.jpg;126df6426f9f4696bf26c64de05f414b.jpg;3
data/images/f1f2b9a237294f40b194e29b5800722c.jpg;f1f2b9a237294f40b194e29b5800722c.jpg;3
data/images/07e121bffe634c94983e7e4640f66d91.jpg;07e121bffe634c94983e7e4640f66d91.jpg;3
data/images/1739b441f07a41f8a921c125fce0af3f.jpg;1739b441f07a41f8a921c125fce0af3f.jpg;3
data/images/4cce1797e3194c3dbdea139dd06e2142.jpg;4cce1797e3194c3dbdea139dd06e2142.jpg;3
data/images/0af2b3c49f7d458fa6cb549c2bc8f100.jpg;0af2b3c49f7d458fa6cb549c2bc8f100.jpg;3
data/images/579128c2b6774515adb73161ec083376.jpg;579128c2b6774515adb73161ec083376.jpg;3
data/images/0be84ecb837a460f83a23ee69f9affda.jpg;0be84ecb837a460f83a23ee69f9affda.jpg;3
data/images/67b2dee631d6440c8ddef0d4319844f3.jpg;67b2dee631d6440c8ddef0d4319844f3.jpg;3
data/images/320a3751ebc44209a31e61fca50c4c3a.jpg;320a3751ebc44209a31e61fca50c4c3a.jpg;3
data/images/f5c09852b28c4361b4c188008a9303fc.jpg;f5c09852b28c4361b4c188008a9303fc.jpg;3
data/images/263fde80f8d64ffe80a1e2a290008d5d.jpg;263fde80f8d64ffe80a1e2a290008d5d.jpg;3
data/images/4da09489e48a4094bc2fdb47ebca5dac.jpg;4da09489e48a4094bc2fdb47ebca5dac.jpg;3
data/images/5a6b5dfe727746219decd800899d9fe2.jpg;5a6b5dfe727746219decd800899d9fe2.jpg;3
data/images/4c1ab8a945ea4974a302e38392a7129e.jpg;4c1ab8a945ea4974a302e38392a7129e.jpg;3
data/images/7179f45002804a138b402bf15fdb6956.jpg;7179f45002804a138b402bf15fdb6956.jpg;3
data/images/b09647392e5a4118b65adfd14aee1887.jpg;b09647392e5a4118b65adfd14aee1887.jpg;3
data/images/dcf82e0805524055bda81ed511fe4119.jpg;dcf82e0805524055bda81ed511fe4119.jpg;3
data/images/03e4e5ab0405468a8aa3569cc28013c4.jpg;03e4e5ab0405468a8aa3569cc28013c4.jpg;3
data/images/85cf6b2c9507485fbe0f59d6a3ac0b1a.jpg;85cf6b2c9507485fbe0f59d6a3ac0b1a.jpg;3
data/images/51dafb15090245c7afcebd4a27683a21.jpg;51dafb15090245c7afcebd4a27683a21.jpg;3
data/images/92e5a070802440969ccae3d5a66d5098.jpg;92e5a070802440969ccae3d5a66d5098.jpg;3
data/images/35e2bf0bed184ea9a695f92d45b15cfc.jpg;35e2bf0bed184ea9a695f92d45b15cfc.jpg;3
data/images/e45ff2f197d8489899689de2685e1637.jpg;e45ff2f197d8489899689de2685e1637.jpg;3
data/images/72f5dbb473cf453b84f71792b71a5c6a.jpg;72f5dbb473cf453b84f71792b71a5c6a.jpg;3
data/images/dfbd5e4352664c0d9571a2d8fc6cd93a.jpg;dfbd5e4352664c0d9571a2d8fc6cd93a.jpg;3
data/images/dfbc2e5b87584113b379bfb013068404.jpg;dfbc2e5b87584113b379bfb013068404.jpg;3
data/images/8bb09cfa9e6043c0a204ae7c78628068.jpg;8bb09cfa9e6043c0a204ae7c78628068.jpg;3
data/images/b03b14acd170431289c35b176664f128.jpg;b03b14acd170431289c35b176664f128.jpg;3
data/images/fe2ce51319004e83be5745d3b17657ef.jpg;fe2ce51319004e83be5745d3b17657ef.jpg;3
data/images/7ddb2784f1f24c038349e532de15844f.jpg;7ddb2784f1f24c038349e532de15844f.jpg;3
data/images/b79f1c09464c4685ba85140c12146318.jpg;b79f1c09464c4685ba85140c12146318.jpg;3
data/images/ce828ad169a042d3b951c8a92d998373.jpg;ce828ad169a042d3b951c8a92d998373.jpg;3
data/images/21d976a76c2d4f2cb5164a7e747881f3.jpg;21d976a76c2d4f2cb5164a7e747881f3.jpg;3
data/images/52ad6a59f4734e92958d23d6d5a574f5.jpg;52ad6a59f4734e92958d23d6d5a574f5.jpg;3
data/images/66717f5107f64907a2ae8c4eadd6a0f0.jpg;66717f5107f64907a2ae8c4eadd6a0f0.jpg;3
data/images/061753bac2604ff09e03f5233f1af74e.jpg;061753bac2604ff09e03f5233f1af74e.jpg;3
data/images/32be37df4982474c9862def030310d9c.jpg;32be37df4982474c9862def030310d9c.jpg;3
data/images/72439b7edf2648fa8b61ca535cfae81b.jpg;72439b7edf2648fa8b61ca535cfae81b.jpg;3
data/images/540f5bb22e30455784e96114c66746f6.jpg;540f5bb22e30455784e96114c66746f6.jpg;3
data/images/f438c058a37644feb48bdd7f7cf59842.jpg;f438c058a37644feb48bdd7f7cf59842.jpg;3
data/images/54c86bc77e7e4e5586a26c714c35f754.jpg;54c86bc77e7e4e5586a26c714c35f754.jpg;3
data/images/0c0d65a9284e4ecdb97a069d1ac19a7a.jpg;0c0d65a9284e4ecdb97a069d1ac19a7a.jpg;3
data/images/b19d40a2c60742de96cb90ea30376886.jpg;b19d40a2c60742de96cb90ea30376886.jpg;3
data/images/d225f60ebf90499d8437756eabe4b2bf.jpg;d225f60ebf90499d8437756eabe4b2bf.jpg;3
data/images/14f06df300ef431392b355ea2fc1a728.jpg;14f06df300ef431392b355ea2fc1a728.jpg;3
data/images/61c60c01956e423eaf128cc1ede7351d.jpg;61c60c01956e423eaf128cc1ede7351d.jpg;3
data/images/8219e571eee143c38b1812a0d82e65be.jpg;8219e571eee143c38b1812a0d82e65be.jpg;3
data/images/58e7053e848e4f5ebf2259cde55b98c1.jpg;58e7053e848e4f5ebf2259cde55b98c1.jpg;3
data/images/ccd84859fb7940458bb70f45331cf2ee.jpg;ccd84859fb7940458bb70f45331cf2ee.jpg;3
data/images/793e794c943d4de8acd0c5000d80e0f1.jpg;793e794c943d4de8acd0c5000d80e0f1.jpg;3
data/images/8f04f1508883453889f75d25cdbce9ae.jpg;8f04f1508883453889f75d25cdbce9ae.jpg;3
data/images/cefe2317bdf940e3b15b715d913dd684.jpg;cefe2317bdf940e3b15b715d913dd684.jpg;3
data/images/c05183aca41c4a8f9eaced6c5a694abd.jpg;c05183aca41c4a8f9eaced6c5a694abd.jpg;3
data/images/95de45afdcc94e1ca28b87be5a4472e8.jpg;95de45afdcc94e1ca28b87be5a4472e8.jpg;3
data/images/db8d42a9527b4b14a8b2f3f57a827196.jpg;db8d42a9527b4b14a8b2f3f57a827196.jpg;3
data/images/4afc3cab5d354b38b56c2c5d23914bed.jpg;4afc3cab5d354b38b56c2c5d23914bed.jpg;3
data/images/005f21b91b53404097f1c111e144889d.jpg;005f21b91b53404097f1c111e144889d.jpg;3
data/images/137690eb98424156bbfd00c42ab03887.jpg;137690eb98424156bbfd00c42ab03887.jpg;3
data/images/8799452435124a5c9856c684fd4e7909.jpg;8799452435124a5c9856c684fd4e7909.jpg;3
data/images/fd4cc90a64f94208be9790d58597bfa5.jpg;fd4cc90a64f94208be9790d58597bfa5.jpg;3
data/images/4fb50e81509b469993fe6e3d445c3d52.jpg;4fb50e81509b469993fe6e3d445c3d52.jpg;3
data/images/b79ca27c1db0437da4537e9f3552abbb.jpg;b79ca27c1db0437da4537e9f3552abbb.jpg;3
data/images/2e7002f6eb084e5f86a28d0a19be77b0.jpg;2e7002f6eb084e5f86a28d0a19be77b0.jpg;3
data/images/4cd989ce3232474896b9f69da35cc1d3.jpg;4cd989ce3232474896b9f69da35cc1d3.jpg;3
data/images/dc4dc5e2c83348729545ace533316a57.jpg;dc4dc5e2c83348729545ace533316a57.jpg;3
data/images/7734531546a745868229d5024fd58ab2.jpg;7734531546a745868229d5024fd58ab2.jpg;3
data/images/5d3356ebae4747ca95cfe8ce97c72d97.jpg;5d3356ebae4747ca95cfe8ce97c72d97.jpg;3
data/images/6e56a6c450b44a52a443618a7ce2e91f.jpg;6e56a6c450b44a52a443618a7ce2e91f.jpg;3
data/images/1d808d089e9e4f798cc57aa9cd72171d.jpg;1d808d089e9e4f798cc57aa9cd72171d.jpg;3
data/images/1ab51ef778524e9882b25a6f4a80d1cd.jpg;1ab51ef778524e9882b25a6f4a80d1cd.jpg;3
data/images/8c7610f9d55b431aae103742355b8043.jpg;8c7610f9d55b431aae103742355b8043.jpg;3
data/images/363aeae0ebc94eb9a67ab75cdd00a867.jpg;363aeae0ebc94eb9a67ab75cdd00a867.jpg;3
data/images/a5f4855f25d74ec0831971636c49374e.jpg;a5f4855f25d74ec0831971636c49374e.jpg;3
data/images/78302e85928c46229ae617a4a9ec03f3.jpg;78302e85928c46229ae617a4a9ec03f3.jpg;3
data/images/16d585490cbd4b2895cec117c9715a48.jpg;16d585490cbd4b2895cec117c9715a48.jpg;3
data/images/9f6c12f5ccd54873bf584f483f21b45d.jpg;9f6c12f5ccd54873bf584f483f21b45d.jpg;3
data/images/3213ac684e07421c940fc6986dae2cda.jpg;3213ac684e07421c940fc6986dae2cda.jpg;3
data/images/4fc53f68d8d14f93839f139829fba692.jpg;4fc53f68d8d14f93839f139829fba692.jpg;3
data/images/705a21448ba54d5ea07af9badead97a9.jpg;705a21448ba54d5ea07af9badead97a9.jpg;3
data/images/cfa02e5e854c4994bf47e797c9b5c0b7.jpg;cfa02e5e854c4994bf47e797c9b5c0b7.jpg;3
data/images/6f4a28c3eb4f476a8a2f32d7e3924c80.jpg;6f4a28c3eb4f476a8a2f32d7e3924c80.jpg;3
data/images/ac478cf2cbdc4c389ca97c4e682c076b.jpg;ac478cf2cbdc4c389ca97c4e682c076b.jpg;3
data/images/57e6d1b3de444d5daadcb4c1a662da9b.jpg;57e6d1b3de444d5daadcb4c1a662da9b.jpg;3
data/images/9b19cb718e3d4aa4bc4defaea37b12d4.jpg;9b19cb718e3d4aa4bc4defaea37b12d4.jpg;3
data/images/33d7616a2f934e78bc49bf91337b80ed.jpg;33d7616a2f934e78bc49bf91337b80ed.jpg;3
data/images/d64e2b0bc0c44337865c2df059c3f3c5.jpg;d64e2b0bc0c44337865c2df059c3f3c5.jpg;3
data/images/48a0599f49fa4b1bad009fc3822734c3.jpg;48a0599f49fa4b1bad009fc3822734c3.jpg;3
data/images/593da6d2d5a346aabfdfc24c92915010.jpg;593da6d2d5a346aabfdfc24c92915010.jpg;3
data/images/5f8aab1cc2084b8f9bd1ca5703874e12.jpg;5f8aab1cc2084b8f9bd1ca5703874e12.jpg;3
data/images/c7f1ba547fa04fb4abadfea5414909f6.jpg;c7f1ba547fa04fb4abadfea5414909f6.jpg;3
data/images/09035e9c9032462e971f68ac4a9a6ddb.jpg;09035e9c9032462e971f68ac4a9a6ddb.jpg;3
data/images/43395e67b78943338b09f03ccc21ce22.jpg;43395e67b78943338b09f03ccc21ce22.jpg;3
data/images/454d93d01b0d4a9780c88bbef5b28430.jpg;454d93d01b0d4a9780c88bbef5b28430.jpg;3
data/images/44134879d16942b686eb546cc6071271.jpg;44134879d16942b686eb546cc6071271.jpg;3
data/images/e6286e6e331b41a5b4d2c2d470195a6a.jpg;e6286e6e331b41a5b4d2c2d470195a6a.jpg;3
data/images/6dfabcc58a4b4622a3f76aa901940ddb.jpg;6dfabcc58a4b4622a3f76aa901940ddb.jpg;3
data/images/9fb4d5d50edd4f928c5e79336dae0a40.jpg;9fb4d5d50edd4f928c5e79336dae0a40.jpg;3
data/images/724857d1fb464193ad8992f139e2e6af.jpg;724857d1fb464193ad8992f139e2e6af.jpg;3
data/images/2bfea735766744898d4b6fa3f2132b08.jpg;2bfea735766744898d4b6fa3f2132b08.jpg;3
data/images/014709f9f9324bb98d1b6665ee5cbc69.jpg;014709f9f9324bb98d1b6665ee5cbc69.jpg;3
data/images/daed72d38d38400c8cd355496d77b865.jpg;daed72d38d38400c8cd355496d77b865.jpg;3
data/images/ea89502eddaa4e95ad34867fc870392e.jpg;ea89502eddaa4e95ad34867fc870392e.jpg;3
data/images/97fda71698c54e2da97f8d4f72646204.jpg;97fda71698c54e2da97f8d4f72646204.jpg;3
data/images/71a73fd56d7b4a0dafc5d280433b2311.jpg;71a73fd56d7b4a0dafc5d280433b2311.jpg;3
data/images/90e92bdb3c884e218e54e48cfbb0776c.jpg;90e92bdb3c884e218e54e48cfbb0776c.jpg;3
data/images/121efd5000174104b9ef3afc4cd8472d.jpg;121efd5000174104b9ef3afc4cd8472d.jpg;3
data/images/2bbc0d1f267f45a1afecd442f53ff0d4.jpg;2bbc0d1f267f45a1afecd442f53ff0d4.jpg;3
data/images/37c555880cf141bda78a2bbfbbcf22e6.jpg;37c555880cf141bda78a2bbfbbcf22e6.jpg;3
data/images/2b69921fb0594a578482c3778424fc5f.jpg;2b69921fb0594a578482c3778424fc5f.jpg;3
data/images/249d801ff929408ea12bdfcca4f1f859.jpg;249d801ff929408ea12bdfcca4f1f859.jpg;3
data/images/7a2267e052304e81b29b49dae9aba1a1.jpg;7a2267e052304e81b29b49dae9aba1a1.jpg;3
data/images/ffafa763876740c38a505182566b41af.jpg;ffafa763876740c38a505182566b41af.jpg;3
data/images/04a3c03184d943c6937721136b204e20.jpg;04a3c03184d943c6937721136b204e20.jpg;3
data/images/a234d3bdf6794cb1acc5a20be3e3acc4.jpg;a234d3bdf6794cb1acc5a20be3e3acc4.jpg;3
data/images/0865b12a41a6491083c69fe5c8c755f3.jpg;0865b12a41a6491083c69fe5c8c755f3.jpg;3
data/images/dc912352f15f4fc5a2d19b1275eda76a.jpg;dc912352f15f4fc5a2d19b1275eda76a.jpg;3
data/images/c0078d07e85d40f9952991b06e0e1cbe.jpg;c0078d07e85d40f9952991b06e0e1cbe.jpg;3
data/images/77ea2348706b49e0b74920900a4c4e78.jpg;77ea2348706b49e0b74920900a4c4e78.jpg;3
data/images/3283a7048633479aabe8c6b14738cff1.jpg;3283a7048633479aabe8c6b14738cff1.jpg;3
data/images/dd245569a8674922946e94fd6cff8f00.jpg;dd245569a8674922946e94fd6cff8f00.jpg;3
data/images/ddd2b67c2c5a489cbbbe7ec0b2c05a65.jpg;ddd2b67c2c5a489cbbbe7ec0b2c05a65.jpg;3
data/images/f6cc06421fc9402b94f21eb2896f5c25.jpg;f6cc06421fc9402b94f21eb2896f5c25.jpg;3
data/images/c5741138d7cf47bbbdd300c1655dd3dc.jpg;c5741138d7cf47bbbdd300c1655dd3dc.jpg;3
data/images/4643e84a1cf4424ba5a08f000ab27622.jpg;4643e84a1cf4424ba5a08f000ab27622.jpg;3
data/images/688a65fcaf7a4fffa177cefa6bb497d5.jpg;688a65fcaf7a4fffa177cefa6bb497d5.jpg;3
data/images/a1b1a95bc07242238fcc67aa32e442bb.jpg;a1b1a95bc07242238fcc67aa32e442bb.jpg;3
data/images/2d3ecb54ecdc453e9aa5522f421c1d5c.jpg;2d3ecb54ecdc453e9aa5522f421c1d5c.jpg;3
data/images/e549698b3ed9495e89f52e5d68316741.jpg;e549698b3ed9495e89f52e5d68316741.jpg;3
data/images/474fe339a6504a5585bd8a142603cb64.jpg;474fe339a6504a5585bd8a142603cb64.jpg;3
data/images/d459a7f1ef30407f86ec64fa96e34ac2.jpg;d459a7f1ef30407f86ec64fa96e34ac2.jpg;3
data/images/3d6c46427d2a4303bf86c87eb690ed5c.jpg;3d6c46427d2a4303bf86c87eb690ed5c.jpg;3
data/images/2acc8cd6071b404689403c4b14393042.jpg;2acc8cd6071b404689403c4b14393042.jpg;3
data/images/8f39a1d31f1d470e928a40de873d82ec.jpg;8f39a1d31f1d470e928a40de873d82ec.jpg;3
data/images/cf1d46eb6c2c4728be21068ce8d5e9ef.jpg;cf1d46eb6c2c4728be21068ce8d5e9ef.jpg;3
data/images/87bd69c9f8a34eef948f8c6ba3496867.jpg;87bd69c9f8a34eef948f8c6ba3496867.jpg;3
data/images/f5495de2765440c5b976c074ba4b59aa.jpg;f5495de2765440c5b976c074ba4b59aa.jpg;3
data/images/db4888e692154b6589a67b4f7c9ac75d.jpg;db4888e692154b6589a67b4f7c9ac75d.jpg;3
data/images/fb23e633d0f340f68de8fe7fcede76bd.jpg;fb23e633d0f340f68de8fe7fcede76bd.jpg;3
data/images/7cfd3ce4c5f041e1b757f13fee403c50.jpg;7cfd3ce4c5f041e1b757f13fee403c50.jpg;3
data/images/0e6bd5f950514feab738e376d8d67c70.jpg;0e6bd5f950514feab738e376d8d67c70.jpg;3
data/images/737405f0c8db4a2caff96d3d3b32b483.jpg;737405f0c8db4a2caff96d3d3b32b483.jpg;3
data/images/a956303ae218424e821fdc345874c674.jpg;a956303ae218424e821fdc345874c674.jpg;3
data/images/2b6d84571ed24e66949aa42cad2bf311.jpg;2b6d84571ed24e66949aa42cad2bf311.jpg;3
data/images/4b1697345abd42f89313955cdeabe785.jpg;4b1697345abd42f89313955cdeabe785.jpg;3
data/images/84b5a2ed3ef940b091676db19d9053ff.jpg;84b5a2ed3ef940b091676db19d9053ff.jpg;3
data/images/8e56f343cc0a4ecb9e5177d17a2f1eca.jpg;8e56f343cc0a4ecb9e5177d17a2f1eca.jpg;3
data/images/43e7bb10dd6049e78db60010424b7a94.jpg;43e7bb10dd6049e78db60010424b7a94.jpg;3
data/images/5b9026cd433a44a0b65e20b04c27441f.jpg;5b9026cd433a44a0b65e20b04c27441f.jpg;3
data/images/143bc8b4bde4485e8c9dba2aa1e10465.jpg;143bc8b4bde4485e8c9dba2aa1e10465.jpg;3
data/images/624a5ba6b9414332ac9a774f77b67361.jpg;624a5ba6b9414332ac9a774f77b67361.jpg;3
data/images/bf05e18b66914680a1add0318c5e5f71.jpg;bf05e18b66914680a1add0318c5e5f71.jpg;3
data/images/3c227744afff496298f42f6176b12019.jpg;3c227744afff496298f42f6176b12019.jpg;3
data/images/c8a5bb2ace7b45f89dd6a44d95e693dd.jpg;c8a5bb2ace7b45f89dd6a44d95e693dd.jpg;3
data/images/1a0d61f4964f4aaf91c72aba2ea3b172.jpg;1a0d61f4964f4aaf91c72aba2ea3b172.jpg;3
data/images/caf4c4c83da24cdf96391cab853831d8.jpg;caf4c4c83da24cdf96391cab853831d8.jpg;3
data/images/e68101f3a81e4b08b3cace324003b033.jpg;e68101f3a81e4b08b3cace324003b033.jpg;3
data/images/3038cd580d404847b70bc78122dac5b0.jpg;3038cd580d404847b70bc78122dac5b0.jpg;3
data/images/e48d8b48c2ae4e13bbb54f4c02ca5453.jpg;e48d8b48c2ae4e13bbb54f4c02ca5453.jpg;3
data/images/d03ddec1d0da41d9bd66993d00125811.jpg;d03ddec1d0da41d9bd66993d00125811.jpg;3
data/images/ce103bd288624bc7bd730d9229753ea8.jpg;ce103bd288624bc7bd730d9229753ea8.jpg;3
data/images/47a60446f589468a8a4ed48d4e7799c8.jpg;47a60446f589468a8a4ed48d4e7799c8.jpg;3
data/images/43da51b9d47b4e0ab9f126870cb3e1b1.jpg;43da51b9d47b4e0ab9f126870cb3e1b1.jpg;3
data/images/c568c5f41eb8425bb0dbc9f5069801d7.jpg;c568c5f41eb8425bb0dbc9f5069801d7.jpg;3
data/images/016215bb34a34dd4a87b61e59a70a00a.jpg;016215bb34a34dd4a87b61e59a70a00a.jpg;3
data/images/ed299e15b229488cae5974edeb5d11e1.jpg;ed299e15b229488cae5974edeb5d11e1.jpg;3
data/images/f17b43f29d3b47c2803b64300287db96.jpg;f17b43f29d3b47c2803b64300287db96.jpg;3
data/images/63a54e3ac86746179e57927e77007374.jpg;63a54e3ac86746179e57927e77007374.jpg;3
data/images/0958b39ac0ea4869833d76d1e21708d1.jpg;0958b39ac0ea4869833d76d1e21708d1.jpg;3
data/images/859ecaaa60df4a81b89487e569fe0140.jpg;859ecaaa60df4a81b89487e569fe0140.jpg;3
data/images/8763644471db47ac9c4b31687fac29ac.jpg;8763644471db47ac9c4b31687fac29ac.jpg;3
data/images/9bd2774e0d0d4c7286ec9ff2248c5e4c.jpg;9bd2774e0d0d4c7286ec9ff2248c5e4c.jpg;3
data/images/1fc06ef6c6ad4370a04b0dbfdc0904a2.jpg;1fc06ef6c6ad4370a04b0dbfdc0904a2.jpg;3
data/images/29b25533f5294e76bb6fddcfa82cab88.jpg;29b25533f5294e76bb6fddcfa82cab88.jpg;3
data/images/4210464f773b4d1fb92a1e147a7d4a53.jpg;4210464f773b4d1fb92a1e147a7d4a53.jpg;3
data/images/efd48f285bc941bdaede8bea6652c556.jpg;efd48f285bc941bdaede8bea6652c556.jpg;3
data/images/1c7b3799c3d1466e8f258255d0481a68.jpg;1c7b3799c3d1466e8f258255d0481a68.jpg;3
data/images/5155987c8bdf4d63ac726f2d7378cdab.jpg;5155987c8bdf4d63ac726f2d7378cdab.jpg;3
data/images/1b2cbfe0c19d49c1a232cac2cc0db6e4.jpg;1b2cbfe0c19d49c1a232cac2cc0db6e4.jpg;3
data/images/2dade3ad5e1b4ed3a1c43952dd5c9b6c.jpg;2dade3ad5e1b4ed3a1c43952dd5c9b6c.jpg;3
data/images/c091d40298844c04bcc0ccb21c796744.jpg;c091d40298844c04bcc0ccb21c796744.jpg;3
data/images/4bec7202f68143d390ad394dbc4d6d68.jpg;4bec7202f68143d390ad394dbc4d6d68.jpg;3
data/images/d0e329aec082449aacd3aa0e3433bd62.jpg;d0e329aec082449aacd3aa0e3433bd62.jpg;3
data/images/b81a9650e48245c8b2f379929eaa0f31.jpg;b81a9650e48245c8b2f379929eaa0f31.jpg;3
data/images/4e6fa730d0674a2f8fb8facfb45aaad0.jpg;4e6fa730d0674a2f8fb8facfb45aaad0.jpg;3
data/images/dc0229919aaa4d3fb871283e23b1b568.jpg;dc0229919aaa4d3fb871283e23b1b568.jpg;3
data/images/85882a81fce94e9da171c719038834b2.jpg;85882a81fce94e9da171c719038834b2.jpg;3
data/images/bd7a375a223949a2a42fb746c3c372be.jpg;bd7a375a223949a2a42fb746c3c372be.jpg;3
data/images/8ccf97d212c04805bf9b8ba07db87138.jpg;8ccf97d212c04805bf9b8ba07db87138.jpg;3
data/images/2c0b76bed65843e6886e747bb16163ef.jpg;2c0b76bed65843e6886e747bb16163ef.jpg;3
data/images/e5ed637d76ae4e1abc163df32e467e37.jpg;e5ed637d76ae4e1abc163df32e467e37.jpg;3
data/images/aef69e4736aa494c89c4d18c356aff72.jpg;aef69e4736aa494c89c4d18c356aff72.jpg;3
data/images/b9505658b6d041a1853191c1d396e3e5.jpg;b9505658b6d041a1853191c1d396e3e5.jpg;3
data/images/9eda8bf9897b4143a8e49d54bb28d2bd.jpg;9eda8bf9897b4143a8e49d54bb28d2bd.jpg;3
data/images/cbb165fee7d84246a9d303e2f87cfe93.jpg;cbb165fee7d84246a9d303e2f87cfe93.jpg;3
data/images/7047b946a60046018ce08e46cf316fca.jpg;7047b946a60046018ce08e46cf316fca.jpg;3
data/images/b2a8351d18264113b84d7ec1b92188ed.jpg;b2a8351d18264113b84d7ec1b92188ed.jpg;3
data/images/cca61c6206ca4166be9b5092b6846c4e.jpg;cca61c6206ca4166be9b5092b6846c4e.jpg;3
data/images/80ae7895168e4c8bb4539ebbfeb94b18.jpg;80ae7895168e4c8bb4539ebbfeb94b18.jpg;3
data/images/f8c79cebebe04ba68ec22affe2ef57f8.jpg;f8c79cebebe04ba68ec22affe2ef57f8.jpg;3
data/images/d14b91e1bca94551941d61beca2515d4.jpg;d14b91e1bca94551941d61beca2515d4.jpg;3
data/images/e28ff3917c664590964d1403ee59a781.jpg;e28ff3917c664590964d1403ee59a781.jpg;3
data/images/99e0e15f84824e85abc608dbbdd7bed2.jpg;99e0e15f84824e85abc608dbbdd7bed2.jpg;3
data/images/3cc5a10cf0514aadae466b0850fe7833.jpg;3cc5a10cf0514aadae466b0850fe7833.jpg;3
data/images/27624e08c3b744f1bdc036e997fe4d3e.jpg;27624e08c3b744f1bdc036e997fe4d3e.jpg;3
data/images/746bc132bd594bcf887ceb57aa66ce78.jpg;746bc132bd594bcf887ceb57aa66ce78.jpg;3
data/images/67ad64c53c5e4ab58d192aa3b0ebd68f.jpg;67ad64c53c5e4ab58d192aa3b0ebd68f.jpg;3
data/images/b678e1800ecf4cda9382cb97377ee61b.jpg;b678e1800ecf4cda9382cb97377ee61b.jpg;3
data/images/06dadc07d14c47119617507e3955017a.jpg;06dadc07d14c47119617507e3955017a.jpg;3
data/images/d9dfd9ba1c074eed81b24e9c3719a07a.jpg;d9dfd9ba1c074eed81b24e9c3719a07a.jpg;3
data/images/1b7cf3947f004f038494c20a9aaddac8.jpg;1b7cf3947f004f038494c20a9aaddac8.jpg;3
data/images/805b39a557e747999f6bb30dbb7688e1.jpg;805b39a557e747999f6bb30dbb7688e1.jpg;3
data/images/5e23c56ef3c54487bbeb2952f88ac452.jpg;5e23c56ef3c54487bbeb2952f88ac452.jpg;3
data/images/faf0f5b0d35d4a0ba4a9c8033b0777f6.jpg;faf0f5b0d35d4a0ba4a9c8033b0777f6.jpg;3
data/images/7c0740ebd5074e0b88d0eb95d2bea22d.jpg;7c0740ebd5074e0b88d0eb95d2bea22d.jpg;3
data/images/d265698c5e8242828343c5147fa2ab10.jpg;d265698c5e8242828343c5147fa2ab10.jpg;3
data/images/12605c7f6e1e4c5e875c9cb6b3293586.jpg;12605c7f6e1e4c5e875c9cb6b3293586.jpg;3
data/images/b86d13359da64280b2ad5a39fd13bb19.jpg;b86d13359da64280b2ad5a39fd13bb19.jpg;3
data/images/c4642b2ef7a44ff3b21ba6f9a95102d0.jpg;c4642b2ef7a44ff3b21ba6f9a95102d0.jpg;3
data/images/1b942732cf51410fb40a6f78e13993ff.jpg;1b942732cf51410fb40a6f78e13993ff.jpg;3
data/images/785456e5ca2d41069f45e18f9967960d.jpg;785456e5ca2d41069f45e18f9967960d.jpg;3
data/images/693d56df3b9e4492a72860417ed4fa69.jpg;693d56df3b9e4492a72860417ed4fa69.jpg;3
data/images/423c2dc95d0c40eb81e5502adcca9057.jpg;423c2dc95d0c40eb81e5502adcca9057.jpg;3
data/images/3aef449ec410474194da31926c7c303c.jpg;3aef449ec410474194da31926c7c303c.jpg;3
data/images/e49432f3f56a4326bf48f3ff1b863ef2.jpg;e49432f3f56a4326bf48f3ff1b863ef2.jpg;3
data/images/0fc2541b965149b689b4c421e5892d0f.jpg;0fc2541b965149b689b4c421e5892d0f.jpg;3
data/images/a9f39b55f60643969d0284b3dd2214db.jpg;a9f39b55f60643969d0284b3dd2214db.jpg;3
data/images/fe7a7846aa0147309b3cd0ab74981edd.jpg;fe7a7846aa0147309b3cd0ab74981edd.jpg;3
data/images/72c103adf1714b8bbf8199ea80f56f84.jpg;72c103adf1714b8bbf8199ea80f56f84.jpg;3
data/images/8b124883c4e34fec807c3304802284f7.jpg;8b124883c4e34fec807c3304802284f7.jpg;3
data/images/02efa163c5cd4ad681ce317ad38beccb.jpg;02efa163c5cd4ad681ce317ad38beccb.jpg;3
data/images/a7b6c8946e4d4d6c9ac1cd59e01d863e.jpg;a7b6c8946e4d4d6c9ac1cd59e01d863e.jpg;3
data/images/a5ae0bc5d82f4575a84d6fccabfdf662.jpg;a5ae0bc5d82f4575a84d6fccabfdf662.jpg;3
data/images/16b03fb9f1c04dbda61638314bf26c70.jpg;16b03fb9f1c04dbda61638314bf26c70.jpg;3
data/images/bc6baa85018f479eac50d5965f11f6ab.jpg;bc6baa85018f479eac50d5965f11f6ab.jpg;3
data/images/69567a98307947dea16611bf83048c1a.jpg;69567a98307947dea16611bf83048c1a.jpg;3
data/images/3c27e2af0a4e4bb786ad28add16c552d.jpg;3c27e2af0a4e4bb786ad28add16c552d.jpg;3
data/images/1b81e240b19b4dc491ae5b89243d62d1.jpg;1b81e240b19b4dc491ae5b89243d62d1.jpg;3
data/images/fc34ee060ec0430f83c5e8f7e19183d1.jpg;fc34ee060ec0430f83c5e8f7e19183d1.jpg;3
data/images/b500e47b56db4db292530fe1367920ae.jpg;b500e47b56db4db292530fe1367920ae.jpg;3
data/images/109f2d98205a457fadc7d214bc7cd68e.jpg;109f2d98205a457fadc7d214bc7cd68e.jpg;3
data/images/e827a84d33fe4c698e998d3ce75ed482.jpg;e827a84d33fe4c698e998d3ce75ed482.jpg;3
data/images/71b5ef9d9c684d1d99d9e9ad08567c64.jpg;71b5ef9d9c684d1d99d9e9ad08567c64.jpg;3
data/images/1c3a0a589e054761b4a6e9d139e34a58.jpg;1c3a0a589e054761b4a6e9d139e34a58.jpg;3
data/images/bd2556d20865454e91498f566362a1dd.jpg;bd2556d20865454e91498f566362a1dd.jpg;3
data/images/5b942ef380b54cff9415fc8c00cd2f9e.jpg;5b942ef380b54cff9415fc8c00cd2f9e.jpg;3
data/images/df57b4ff3359416ca6987332ae24d0fd.jpg;df57b4ff3359416ca6987332ae24d0fd.jpg;3
data/images/bf94b288172d48b0aa84bcc085bcc136.jpg;bf94b288172d48b0aa84bcc085bcc136.jpg;3
data/images/51898cfbe0f7446aae1659e17e8fb441.jpg;51898cfbe0f7446aae1659e17e8fb441.jpg;3
data/images/9ea1de8fe8f649de9253b50c2f7014f8.jpg;9ea1de8fe8f649de9253b50c2f7014f8.jpg;3
data/images/920230ffae0b41248b1c21e7c36b9ebe.jpg;920230ffae0b41248b1c21e7c36b9ebe.jpg;3
data/images/9c1d25d8bbd54dd199250b9ab420163c.jpg;9c1d25d8bbd54dd199250b9ab420163c.jpg;3
data/images/f9e7cb16140c4552b1534d3d155866d7.jpg;f9e7cb16140c4552b1534d3d155866d7.jpg;3
data/images/0e80319a6dab4354bdb1a7432f51e1eb.jpg;0e80319a6dab4354bdb1a7432f51e1eb.jpg;3
data/images/e4d8c2fb61da4eb3a7b1d840799f17e2.jpg;e4d8c2fb61da4eb3a7b1d840799f17e2.jpg;3
data/images/d8e79bce1e594027872140ef94ca1e1e.jpg;d8e79bce1e594027872140ef94ca1e1e.jpg;3
data/images/cc1a92892c364794bd8abaad61dedb69.jpg;cc1a92892c364794bd8abaad61dedb69.jpg;3
data/images/f7266108a843440083088c4d47022ab6.jpg;f7266108a843440083088c4d47022ab6.jpg;3
data/images/ae74b3c77da24ee69106ff10791cd661.jpg;ae74b3c77da24ee69106ff10791cd661.jpg;3
data/images/df4db9f7be204c739c695779762f9196.jpg;df4db9f7be204c739c695779762f9196.jpg;3
data/images/b44233f254ba4cf195a62c21ed2ffc94.jpg;b44233f254ba4cf195a62c21ed2ffc94.jpg;3
data/images/57d8483579ff48ec9f1c6cdea1626769.jpg;57d8483579ff48ec9f1c6cdea1626769.jpg;3
data/images/dc43451ff65645bf98518d7ef141fb64.jpg;dc43451ff65645bf98518d7ef141fb64.jpg;3
data/images/c88fe700da9b401a9b8aa58c73884a0e.jpg;c88fe700da9b401a9b8aa58c73884a0e.jpg;3
data/images/f991df9793514d8a8d18cdb6530e9e8e.jpg;f991df9793514d8a8d18cdb6530e9e8e.jpg;3
data/images/323ea5b3701a4ff5b9cb25289e025005.jpg;323ea5b3701a4ff5b9cb25289e025005.jpg;3
data/images/c11da582f5cd4dd081fe6a6fe3a3c6fb.jpg;c11da582f5cd4dd081fe6a6fe3a3c6fb.jpg;3
data/images/b26704f378dd4229be1d8c642c508f72.jpg;b26704f378dd4229be1d8c642c508f72.jpg;3
data/images/cd7b088c6d0844bbadf56c9b825ac6ba.jpg;cd7b088c6d0844bbadf56c9b825ac6ba.jpg;3
data/images/4725b48512b84a26853e9f6d4664cf38.jpg;4725b48512b84a26853e9f6d4664cf38.jpg;3
data/images/82e58d376ae34b248f656829ec6a4bfb.jpg;82e58d376ae34b248f656829ec6a4bfb.jpg;3
data/images/6130619f4e8c4d7d9c10fe71b8b4da58.jpg;6130619f4e8c4d7d9c10fe71b8b4da58.jpg;3
data/images/dcec75cf20914891b3580cf1585581d4.jpg;dcec75cf20914891b3580cf1585581d4.jpg;3
data/images/2c325b9e8e214d0f97b57b462ea61a7a.jpg;2c325b9e8e214d0f97b57b462ea61a7a.jpg;3
data/images/cccd548b26db4b0abca6f24dda4fdbe6.jpg;cccd548b26db4b0abca6f24dda4fdbe6.jpg;3
data/images/5225e0aa0efd4c599e5c6f06c9c4f6ba.jpg;5225e0aa0efd4c599e5c6f06c9c4f6ba.jpg;3
data/images/d7aa2837d3064a75b9e18b34c9034e46.jpg;d7aa2837d3064a75b9e18b34c9034e46.jpg;3
data/images/3b79276a919d40e6a4abf9d913479da9.jpg;3b79276a919d40e6a4abf9d913479da9.jpg;3
data/images/e78abca290d64fbb9fb44c8508871eed.jpg;e78abca290d64fbb9fb44c8508871eed.jpg;3
data/images/6bfe8356594b4276a54c7090c3e1717d.jpg;6bfe8356594b4276a54c7090c3e1717d.jpg;3
data/images/11a0a133f9be4271808df2c098c6fbef.jpg;11a0a133f9be4271808df2c098c6fbef.jpg;3
data/images/bf2443e6599a4943bf87132fcd364c71.jpg;bf2443e6599a4943bf87132fcd364c71.jpg;3
data/images/47c10224ada24fc090c464c4fcec480a.jpg;47c10224ada24fc090c464c4fcec480a.jpg;3
data/images/4a92864e4b1e4cd9bbb0ff2cc53b7c93.jpg;4a92864e4b1e4cd9bbb0ff2cc53b7c93.jpg;3
data/images/1ef0114c13d94c1cb2bec06d714d6da4.jpg;1ef0114c13d94c1cb2bec06d714d6da4.jpg;3
data/images/681fd80838db4b7c87e880bb3849eef8.jpg;681fd80838db4b7c87e880bb3849eef8.jpg;3
data/images/7daf38bdf9ba42e9b1f4ebe94c709127.jpg;7daf38bdf9ba42e9b1f4ebe94c709127.jpg;3
data/images/4ce50650cc044f15abea2e57db9b070e.jpg;4ce50650cc044f15abea2e57db9b070e.jpg;3
data/images/0ea107df5a7f4a918199dcd840ce3066.jpg;0ea107df5a7f4a918199dcd840ce3066.jpg;3
data/images/937bc9d47ea44c0fa0b1a17fb901d09c.jpg;937bc9d47ea44c0fa0b1a17fb901d09c.jpg;3
data/images/3ff34e18cfb94954bb4982284862e176.jpg;3ff34e18cfb94954bb4982284862e176.jpg;3
data/images/307dfd458de14c03a06c9633de295f32.jpg;307dfd458de14c03a06c9633de295f32.jpg;3
data/images/6b4bfe6d94af4dda91404d21508cb32f.jpg;6b4bfe6d94af4dda91404d21508cb32f.jpg;3
data/images/e9dd3f6a915c4330a53494e78a9a62ed.jpg;e9dd3f6a915c4330a53494e78a9a62ed.jpg;3
data/images/d4654b75da454e018320835834684cf6.jpg;d4654b75da454e018320835834684cf6.jpg;3
data/images/ed40307511424b4e968e72ab7a4cad38.jpg;ed40307511424b4e968e72ab7a4cad38.jpg;3
data/images/c879f3aec6954847bf0135f476cfd95b.jpg;c879f3aec6954847bf0135f476cfd95b.jpg;3
data/images/2b33c20935a74c60b3c333edc483c37d.jpg;2b33c20935a74c60b3c333edc483c37d.jpg;3
data/images/0d269ef7fee24d43b7be20982e926a81.jpg;0d269ef7fee24d43b7be20982e926a81.jpg;3
data/images/f5bd2bd338b74ec58530c48baae582a0.jpg;f5bd2bd338b74ec58530c48baae582a0.jpg;3
data/images/1a977fea69f0451f8424308081eb46e7.jpg;1a977fea69f0451f8424308081eb46e7.jpg;3
data/images/e5f8c9ac3ac14b428055f5d7f9d4ca7c.jpg;e5f8c9ac3ac14b428055f5d7f9d4ca7c.jpg;3
data/images/6ffe265835454cd6ac5eea41126b4f20.jpg;6ffe265835454cd6ac5eea41126b4f20.jpg;3
data/images/f0c15603e735404a943a6d425ddc6ab7.jpg;f0c15603e735404a943a6d425ddc6ab7.jpg;3
data/images/e6ccf3a6b4e84124a868d1b0f1de5398.jpg;e6ccf3a6b4e84124a868d1b0f1de5398.jpg;3
data/images/df356a2814d240d8836e83d971612e64.jpg;df356a2814d240d8836e83d971612e64.jpg;3
data/images/3bd91b55720b45199e466c47aebead63.jpg;3bd91b55720b45199e466c47aebead63.jpg;3
data/images/387a4fd2ab9d45f29a1ea144319c0fa4.jpg;387a4fd2ab9d45f29a1ea144319c0fa4.jpg;3
data/images/5f8ab8ff2d1040ee97b18a40ac95b521.jpg;5f8ab8ff2d1040ee97b18a40ac95b521.jpg;3
data/images/800a506a9a804cb6bcd701efeef50130.jpg;800a506a9a804cb6bcd701efeef50130.jpg;3
data/images/72365fd1f5e74176b0b469955088729b.jpg;72365fd1f5e74176b0b469955088729b.jpg;3
data/images/a116d41200fc4eb680f613b751d9f77e.jpg;a116d41200fc4eb680f613b751d9f77e.jpg;3
data/images/5de10019436d46b9832df661b3e18908.jpg;5de10019436d46b9832df661b3e18908.jpg;3
data/images/ca91b603f7a444b18bb257e6d25275f5.jpg;ca91b603f7a444b18bb257e6d25275f5.jpg;3
data/images/06d3754750804bd888f3ba5d16bb35d9.jpg;06d3754750804bd888f3ba5d16bb35d9.jpg;3
data/images/32bd8348450b41e093c7d625ebf71038.jpg;32bd8348450b41e093c7d625ebf71038.jpg;3
data/images/d7f0ba2cd8684ac4b9da122657d7beef.jpg;d7f0ba2cd8684ac4b9da122657d7beef.jpg;3
data/images/e7304ba3aee848d9aab11d71565b86fa.jpg;e7304ba3aee848d9aab11d71565b86fa.jpg;3
data/images/0ff621d21cb142459a3cff9c7563bedc.jpg;0ff621d21cb142459a3cff9c7563bedc.jpg;3
data/images/55d38275b3f440d78e588f52b3f0ec97.jpg;55d38275b3f440d78e588f52b3f0ec97.jpg;3
data/images/98805a4b48654b4b89d1713aca3f5638.jpg;98805a4b48654b4b89d1713aca3f5638.jpg;3
data/images/38ae6c2813ef43df918ccbf053b3cdbb.jpg;38ae6c2813ef43df918ccbf053b3cdbb.jpg;3
data/images/3221f42007804ece89b3365608457e9d.jpg;3221f42007804ece89b3365608457e9d.jpg;3
data/images/13aed86081bd448a9a95b9bf90464303.jpg;13aed86081bd448a9a95b9bf90464303.jpg;3
data/images/541e880a71864f6cae315a12c04fdf0b.jpg;541e880a71864f6cae315a12c04fdf0b.jpg;3
data/images/490dea453287408684c3fd7b6a9f03d0.jpg;490dea453287408684c3fd7b6a9f03d0.jpg;3
data/images/1e41babe77bf47cb8a478a1d982177e0.jpg;1e41babe77bf47cb8a478a1d982177e0.jpg;3
data/images/fbd48c487d3d45098274029ce8ba5ec1.jpg;fbd48c487d3d45098274029ce8ba5ec1.jpg;3
data/images/3b3c32095c0b4e97be4d21867f76da0c.jpg;3b3c32095c0b4e97be4d21867f76da0c.jpg;3
data/images/aa0262ac9f444eb080d24bdc24c1663d.jpg;aa0262ac9f444eb080d24bdc24c1663d.jpg;3
data/images/248a539995f84294b14894349f12106c.jpg;248a539995f84294b14894349f12106c.jpg;3
data/images/9d8760970da24292b321466645711166.jpg;9d8760970da24292b321466645711166.jpg;3
data/images/309321eb40db45b4bd58d7a9e523eee6.jpg;309321eb40db45b4bd58d7a9e523eee6.jpg;3
data/images/df1bcd136b2d41da925b666187615c82.jpg;df1bcd136b2d41da925b666187615c82.jpg;3
data/images/85ec159d73454ba191b78c390ec23920.jpg;85ec159d73454ba191b78c390ec23920.jpg;3
data/images/ee8bf11078d64a318b2788290c6fc208.jpg;ee8bf11078d64a318b2788290c6fc208.jpg;3
data/images/1a8467f160e04af2a1ec1da134117d9c.jpg;1a8467f160e04af2a1ec1da134117d9c.jpg;3
data/images/2af5bf4b70ba4f2582f498a208862702.jpg;2af5bf4b70ba4f2582f498a208862702.jpg;3
data/images/0fcc6da755be47939ceb8cd9d58464da.jpg;0fcc6da755be47939ceb8cd9d58464da.jpg;3
data/images/84eea851ed584a77b5429fd0c212b7fe.jpg;84eea851ed584a77b5429fd0c212b7fe.jpg;3
data/images/e392d329a0584f5dba3d93a47328b2c2.jpg;e392d329a0584f5dba3d93a47328b2c2.jpg;3
data/images/63404d94c4274bd1b4121a282e88d2ac.jpg;63404d94c4274bd1b4121a282e88d2ac.jpg;3
data/images/96a11d97c7dd42f6ba453c54225a572a.jpg;96a11d97c7dd42f6ba453c54225a572a.jpg;3
data/images/904cc795834f40dca87c910af31e5668.jpg;904cc795834f40dca87c910af31e5668.jpg;3
data/images/f3d60d9e668e4c0fb4b7caa26d925e3c.jpg;f3d60d9e668e4c0fb4b7caa26d925e3c.jpg;3
data/images/056d364a9efc44ea961323197dd02c04.jpg;056d364a9efc44ea961323197dd02c04.jpg;3
data/images/93043ffa645d48f6ab7abde1d96c2992.jpg;93043ffa645d48f6ab7abde1d96c2992.jpg;3
data/images/ca6e711e227a4613b00aaf88609288a4.jpg;ca6e711e227a4613b00aaf88609288a4.jpg;3
data/images/d9f4b209997244b3aa9695c197ed0dd8.jpg;d9f4b209997244b3aa9695c197ed0dd8.jpg;3
data/images/8fabf4097a0a43adb8a66997b8e965a1.jpg;8fabf4097a0a43adb8a66997b8e965a1.jpg;3
data/images/eb7bc0baebd142d8bdac19469f7ca5ce.jpg;eb7bc0baebd142d8bdac19469f7ca5ce.jpg;3
data/images/7707ef40991d4437adf007154e1ba81a.jpg;7707ef40991d4437adf007154e1ba81a.jpg;3
data/images/ba0d47e6c4f442d59e88a52d0dc26913.jpg;ba0d47e6c4f442d59e88a52d0dc26913.jpg;3
data/images/655a317d81644c108523dd608c95e4ad.jpg;655a317d81644c108523dd608c95e4ad.jpg;3
data/images/f2ceb8f9823a458991cfee9d43ab6985.jpg;f2ceb8f9823a458991cfee9d43ab6985.jpg;3
data/images/030f86dca2eb4fc08219ab0ec8514404.jpg;030f86dca2eb4fc08219ab0ec8514404.jpg;3
data/images/d2a99ff017fc40ffad3bbb26f6df7b78.jpg;d2a99ff017fc40ffad3bbb26f6df7b78.jpg;3
data/images/9c18db809c61455a98cbb6aee7209a51.jpg;9c18db809c61455a98cbb6aee7209a51.jpg;3
data/images/7ca754a3aed84c1282853aabb0d01502.jpg;7ca754a3aed84c1282853aabb0d01502.jpg;3
data/images/8f40edfc1c03419e9b3cfe7671eb8a01.jpg;8f40edfc1c03419e9b3cfe7671eb8a01.jpg;3
data/images/db074cb030704b709fd9dbb1e2c3e373.jpg;db074cb030704b709fd9dbb1e2c3e373.jpg;3
data/images/5bacdbb0709c4e4bbc80e62d1cfd391a.jpg;5bacdbb0709c4e4bbc80e62d1cfd391a.jpg;3
data/images/4830d82cc12f4c07b986444fcc5cd7d4.jpg;4830d82cc12f4c07b986444fcc5cd7d4.jpg;3
data/images/c21171f44380403e966b4bb44df3b097.jpg;c21171f44380403e966b4bb44df3b097.jpg;3
data/images/db2b3b39d1614654a3b86bb929b75ff1.jpg;db2b3b39d1614654a3b86bb929b75ff1.jpg;3
data/images/b7d019b0db9142b5a063edefd84be5dd.jpg;b7d019b0db9142b5a063edefd84be5dd.jpg;3
data/images/777eaed1274c46e48e10212415164e95.jpg;777eaed1274c46e48e10212415164e95.jpg;3
data/images/6ffde0484e2e4782af36c92b7a3ef9c9.jpg;6ffde0484e2e4782af36c92b7a3ef9c9.jpg;3
data/images/56f84694eb73465388b4620e19a540a5.jpg;56f84694eb73465388b4620e19a540a5.jpg;3
data/images/d9524ee341c6439991922b497984b9f7.jpg;d9524ee341c6439991922b497984b9f7.jpg;3
data/images/98e7c62ebb584e1199f9f8cff18b9690.jpg;98e7c62ebb584e1199f9f8cff18b9690.jpg;3
data/images/6bb730ce2c9347528cbe4f18e4a896f0.jpg;6bb730ce2c9347528cbe4f18e4a896f0.jpg;3
data/images/1c951dfe68904ea6813be21af6456072.jpg;1c951dfe68904ea6813be21af6456072.jpg;3
data/images/85e6be8258e1406e9870a5928cf52c0e.jpg;85e6be8258e1406e9870a5928cf52c0e.jpg;3
data/images/da0c55e7e7cf4cb68125e6ec839fe995.jpg;da0c55e7e7cf4cb68125e6ec839fe995.jpg;3
data/images/30fdcf1b96b843f0ace2168b5972c902.jpg;30fdcf1b96b843f0ace2168b5972c902.jpg;3
data/images/8cb247310cd74457a9eaffdb1c6e89c8.jpg;8cb247310cd74457a9eaffdb1c6e89c8.jpg;3
data/images/62f0bfa2d2ae4bdaaa6f29571754c8d2.jpg;62f0bfa2d2ae4bdaaa6f29571754c8d2.jpg;3
data/images/a21b4c6c481140f08563723c23124f80.jpg;a21b4c6c481140f08563723c23124f80.jpg;3
data/images/199b374677ca46dbbe2fcb99f42e9a1e.jpg;199b374677ca46dbbe2fcb99f42e9a1e.jpg;3
data/images/eac80f93ed8b4900a31b149636e2d25d.jpg;eac80f93ed8b4900a31b149636e2d25d.jpg;3
data/images/ecc48e2e1dd84b299916bd9f4db26dae.jpg;ecc48e2e1dd84b299916bd9f4db26dae.jpg;3
data/images/c6ed5d1b5bfa4c4a97138c39eccc5b21.jpg;c6ed5d1b5bfa4c4a97138c39eccc5b21.jpg;3
data/images/b853201a88b04bbf855360ee3ff4f1be.jpg;b853201a88b04bbf855360ee3ff4f1be.jpg;3
data/images/3af924bd13014b66b2d71badcb57e7b5.jpg;3af924bd13014b66b2d71badcb57e7b5.jpg;3
data/images/c56a4e0a40614312b58e73ffca2b534b.jpg;c56a4e0a40614312b58e73ffca2b534b.jpg;3
data/images/7ec3ff3744a54442ad92e5fc6dc27cd2.jpg;7ec3ff3744a54442ad92e5fc6dc27cd2.jpg;3
data/images/7f37f4fd977343fba03ba15f2fd0a4e7.jpg;7f37f4fd977343fba03ba15f2fd0a4e7.jpg;3
data/images/efee55a3bac8453cad1ca0f223481da7.jpg;efee55a3bac8453cad1ca0f223481da7.jpg;3
data/images/b0992820e9cc4ae4bc6adb8f5476eb7b.jpg;b0992820e9cc4ae4bc6adb8f5476eb7b.jpg;3
data/images/d43bbb02aeff4ae087aa53b396a12b56.jpg;d43bbb02aeff4ae087aa53b396a12b56.jpg;3
data/images/0bc8dba8b0f445d7b05b5f662eedc6fa.jpg;0bc8dba8b0f445d7b05b5f662eedc6fa.jpg;3
data/images/66e71d04d89644bfa472f0b8aad4e281.jpg;66e71d04d89644bfa472f0b8aad4e281.jpg;3
data/images/7ae1cc0130f64d41bb9c7ed0cabdefb8.jpg;7ae1cc0130f64d41bb9c7ed0cabdefb8.jpg;3
data/images/57117c99d6c7440ba2a3ccb91ff1d386.jpg;57117c99d6c7440ba2a3ccb91ff1d386.jpg;3
data/images/a3cd132837ad47fa877b22c541f2cf6c.jpg;a3cd132837ad47fa877b22c541f2cf6c.jpg;3
data/images/a542c68344c3464db5f70007039da88d.jpg;a542c68344c3464db5f70007039da88d.jpg;3
data/images/820f764455dd45cb8697cfa406a75699.jpg;820f764455dd45cb8697cfa406a75699.jpg;3
data/images/ca28459647734effa0d517cf4fdd9d37.jpg;ca28459647734effa0d517cf4fdd9d37.jpg;3
data/images/edbb23275c6941b691857d5e4e96a48c.jpg;edbb23275c6941b691857d5e4e96a48c.jpg;3
data/images/1bebb7df839947e7b026040b0143c8ff.jpg;1bebb7df839947e7b026040b0143c8ff.jpg;3
data/images/2954abad8f104b9e8f1b0c2b409fc06c.jpg;2954abad8f104b9e8f1b0c2b409fc06c.jpg;3
data/images/8cc3c2ad9ebc47ab86663e3b80bbac71.jpg;8cc3c2ad9ebc47ab86663e3b80bbac71.jpg;3
data/images/cc2b4813dfab44d8865bd016cd15f354.jpg;cc2b4813dfab44d8865bd016cd15f354.jpg;3
data/images/26190accda944b5f9aed2185b95390d9.jpg;26190accda944b5f9aed2185b95390d9.jpg;3
data/images/5cad2f0bcf614c56b27e7d2db29fa038.jpg;5cad2f0bcf614c56b27e7d2db29fa038.jpg;3
data/images/5cb74ce053534da0ae6d8a2c66d1f7c3.jpg;5cb74ce053534da0ae6d8a2c66d1f7c3.jpg;3
data/images/437d817197154efb91bb1b9eaf84840e.jpg;437d817197154efb91bb1b9eaf84840e.jpg;3
data/images/fd58c1a62a3844deb2bee8622a4b8a95.jpg;fd58c1a62a3844deb2bee8622a4b8a95.jpg;3
data/images/6b11175f211b46f8a8ddc0f08e022a62.jpg;6b11175f211b46f8a8ddc0f08e022a62.jpg;3
data/images/2fc6f52095de41e59bed0cb126fbd679.jpg;2fc6f52095de41e59bed0cb126fbd679.jpg;3
data/images/2958cc4340e44225a5ff8d56791b04e3.jpg;2958cc4340e44225a5ff8d56791b04e3.jpg;3
data/images/ab5f53c1f2b1474e9b6047c4247c660d.jpg;ab5f53c1f2b1474e9b6047c4247c660d.jpg;3
data/images/91c00ec1ae5c4e81b6c811210f9b0cdd.jpg;91c00ec1ae5c4e81b6c811210f9b0cdd.jpg;3
data/images/cc043a46d59e4fd1ac11e351eaf02812.jpg;cc043a46d59e4fd1ac11e351eaf02812.jpg;3
data/images/e0409f9f29bd4023998e8c77b15b0bae.jpg;e0409f9f29bd4023998e8c77b15b0bae.jpg;3
data/images/ef8830af84e3404fa4aeb36315be0927.jpg;ef8830af84e3404fa4aeb36315be0927.jpg;3
data/images/4058547399cb48d199b675ff3f4ee2ae.jpg;4058547399cb48d199b675ff3f4ee2ae.jpg;3
data/images/e956c6853e844c42a535415d9c1ca59b.jpg;e956c6853e844c42a535415d9c1ca59b.jpg;3
data/images/130829f7d1f1475c97cd19e9fc46f067.jpg;130829f7d1f1475c97cd19e9fc46f067.jpg;3
data/images/4af5f442861c4ca2bc0dd9ff0c137ae1.jpg;4af5f442861c4ca2bc0dd9ff0c137ae1.jpg;3
data/images/a0bdb80fc51d4287938d51914b7e3537.jpg;a0bdb80fc51d4287938d51914b7e3537.jpg;3
data/images/22eed7dcad524c0c87cd33d51d46f233.jpg;22eed7dcad524c0c87cd33d51d46f233.jpg;3
data/images/32276fee5ffc40e99bef57fa98877f06.jpg;32276fee5ffc40e99bef57fa98877f06.jpg;3
data/images/e54e54ee9cac4c209cde6a72ceae9f96.jpg;e54e54ee9cac4c209cde6a72ceae9f96.jpg;3
data/images/e9bc9b59969a48418a3523bac64f1350.jpg;e9bc9b59969a48418a3523bac64f1350.jpg;3
data/images/d8ae450800b44a1a9f0036b52db058e2.jpg;d8ae450800b44a1a9f0036b52db058e2.jpg;3
data/images/31cbaec5011446e6995a0b75efc10771.jpg;31cbaec5011446e6995a0b75efc10771.jpg;3
data/images/757e9a0a2c2c473c982bf5e8ba4430c5.jpg;757e9a0a2c2c473c982bf5e8ba4430c5.jpg;3
data/images/4b064347fc204813ac9615d511f6517d.jpg;4b064347fc204813ac9615d511f6517d.jpg;3
data/images/1a9c1c1c1ca14292943a3edd0d9d9da1.jpg;1a9c1c1c1ca14292943a3edd0d9d9da1.jpg;3
data/images/034c8ff787644969a8f3076335681123.jpg;034c8ff787644969a8f3076335681123.jpg;3
data/images/cb38d0cbcfb34ef58372769821806196.jpg;cb38d0cbcfb34ef58372769821806196.jpg;3
data/images/2ba317d01f4d4f01a5b7724724e3adfc.jpg;2ba317d01f4d4f01a5b7724724e3adfc.jpg;3
data/images/fd5ccdecce1f4630888e6186c8d37186.jpg;fd5ccdecce1f4630888e6186c8d37186.jpg;3
data/images/dc6130bc73214cdb83bf557d59e194e7.jpg;dc6130bc73214cdb83bf557d59e194e7.jpg;3
data/images/7c68599eeabc4a4cb6c2191a8e62963d.jpg;7c68599eeabc4a4cb6c2191a8e62963d.jpg;3
data/images/3fbf1dbfe0634f3693596699319d6c1a.jpg;3fbf1dbfe0634f3693596699319d6c1a.jpg;3
data/images/6425c6d627294d3fbd4d3e8ccd688552.jpg;6425c6d627294d3fbd4d3e8ccd688552.jpg;3
data/images/ed6b4b9e1a8a43b5821f35524af80ebf.jpg;ed6b4b9e1a8a43b5821f35524af80ebf.jpg;3
data/images/649362e27577460c824a9f279586fa67.jpg;649362e27577460c824a9f279586fa67.jpg;3
data/images/7416421d65204dbd90afcdbfd3d6fedf.jpg;7416421d65204dbd90afcdbfd3d6fedf.jpg;3
data/images/247e7a38f610456094c3f9ffd0ee8727.jpg;247e7a38f610456094c3f9ffd0ee8727.jpg;3
data/images/7625596dab724911869e54579f4fd9d4.jpg;7625596dab724911869e54579f4fd9d4.jpg;3
data/images/39101373ea694245a0694d0dcebfd4a9.jpg;39101373ea694245a0694d0dcebfd4a9.jpg;3
data/images/d48a3ad15edd4ba6bc3c3d81c2e9568e.jpg;d48a3ad15edd4ba6bc3c3d81c2e9568e.jpg;3
data/images/d50ca4b9555f4113988a4828cfcb011e.jpg;d50ca4b9555f4113988a4828cfcb011e.jpg;3
data/images/1083c47d71a94d28a73f9d42eb3fca41.jpg;1083c47d71a94d28a73f9d42eb3fca41.jpg;3
data/images/b1b035d0a8924bb88b0d759e27c46c9c.jpg;b1b035d0a8924bb88b0d759e27c46c9c.jpg;3
data/images/cd63951c700745fa834e3337b41bdf61.jpg;cd63951c700745fa834e3337b41bdf61.jpg;3
data/images/fdb4fa23d40a4c31bca5a5de33899547.jpg;fdb4fa23d40a4c31bca5a5de33899547.jpg;3
data/images/79b58ad5f68f4f969d886f6a13b1e506.jpg;79b58ad5f68f4f969d886f6a13b1e506.jpg;3
data/images/5c17cf3e068e4b558e5bb69142ab7ee4.jpg;5c17cf3e068e4b558e5bb69142ab7ee4.jpg;3
data/images/e64018a4a9b74582a4f86862d7a10670.jpg;e64018a4a9b74582a4f86862d7a10670.jpg;3
data/images/19a3056fc02b4196be4f534c91f5138c.jpg;19a3056fc02b4196be4f534c91f5138c.jpg;3
data/images/6dc51e2029fe4d95bb16859416dac8a0.jpg;6dc51e2029fe4d95bb16859416dac8a0.jpg;3
data/images/5ac0289667374782add91ce163986c73.jpg;5ac0289667374782add91ce163986c73.jpg;3
data/images/e0353c3f8896464f8076390aaf647002.jpg;e0353c3f8896464f8076390aaf647002.jpg;3
data/images/36e6558933b24d5e8c13a5dba9b64c23.jpg;36e6558933b24d5e8c13a5dba9b64c23.jpg;3
data/images/62da2600c6d6434d84008392d59d74a6.jpg;62da2600c6d6434d84008392d59d74a6.jpg;3
data/images/54f3699c9fd94f99ae5ab0688189a7a5.jpg;54f3699c9fd94f99ae5ab0688189a7a5.jpg;3
data/images/088c67c954914ac4899ef4fbb2371bcb.jpg;088c67c954914ac4899ef4fbb2371bcb.jpg;3
data/images/3990a073c0b64c63916787f7f7ab5e1c.jpg;3990a073c0b64c63916787f7f7ab5e1c.jpg;3
data/images/4b3c0facf9db409fb4b149132cd78d3a.jpg;4b3c0facf9db409fb4b149132cd78d3a.jpg;3
data/images/59d510bd4f424096982be7a38b4b66f9.jpg;59d510bd4f424096982be7a38b4b66f9.jpg;3
data/images/6ed39af99dae441295cc7ff094a14e9c.jpg;6ed39af99dae441295cc7ff094a14e9c.jpg;3
data/images/d24d3b6337eb41309b1850f1cd5d95f0.jpg;d24d3b6337eb41309b1850f1cd5d95f0.jpg;3
data/images/b24f316addee41f89fca51ad466ed5b1.jpg;b24f316addee41f89fca51ad466ed5b1.jpg;3
data/images/226a013df62c4cd7ad82d0ad002649f9.jpg;226a013df62c4cd7ad82d0ad002649f9.jpg;3
data/images/39b32ef0ceb04253ac24b47ca7e8dbe8.jpg;39b32ef0ceb04253ac24b47ca7e8dbe8.jpg;3
data/images/6f7c8d5bb27348c88b776a89c5868be8.jpg;6f7c8d5bb27348c88b776a89c5868be8.jpg;3
data/images/cab6998b601c43e0868c2f448731b3ca.jpg;cab6998b601c43e0868c2f448731b3ca.jpg;3
data/images/84115c975dcc47a39b512b96c7038a64.jpg;84115c975dcc47a39b512b96c7038a64.jpg;3
data/images/0d902f4f71c74016a2a2e69358983a3d.jpg;0d902f4f71c74016a2a2e69358983a3d.jpg;3
data/images/fee0403aa43d42eda00b7dd127f06369.jpg;fee0403aa43d42eda00b7dd127f06369.jpg;3
data/images/5a7d5bc282204eceb0b74d8f2d701927.jpg;5a7d5bc282204eceb0b74d8f2d701927.jpg;3
data/images/bfb5c1f1253f477cafe0da4bef9c9b0b.jpg;bfb5c1f1253f477cafe0da4bef9c9b0b.jpg;3
data/images/d78a75b0cf724f2bb27c0783eda0d012.jpg;d78a75b0cf724f2bb27c0783eda0d012.jpg;3
data/images/9e9c3a062c7c40deac9ec60ed49275a1.jpg;9e9c3a062c7c40deac9ec60ed49275a1.jpg;3
data/images/bb49a6ba763344c0849c6effc331f79a.jpg;bb49a6ba763344c0849c6effc331f79a.jpg;3
data/images/93170e2c6efb4d169b2185b26c15e3cf.jpg;93170e2c6efb4d169b2185b26c15e3cf.jpg;3
data/images/ba475139cf6c4b2d810de7d2483ed656.jpg;ba475139cf6c4b2d810de7d2483ed656.jpg;3
data/images/43fe9a25d6824ad88d1831e48db1fdab.jpg;43fe9a25d6824ad88d1831e48db1fdab.jpg;3
data/images/a49c03dae0c243f5a325fb3af2a0af8d.jpg;a49c03dae0c243f5a325fb3af2a0af8d.jpg;3
data/images/5546c582a81f45bf862f52f817592ec2.jpg;5546c582a81f45bf862f52f817592ec2.jpg;3
data/images/51781eeb8c0641599a4ad418450fd893.jpg;51781eeb8c0641599a4ad418450fd893.jpg;3
data/images/70ae4d44c5004b17af3f67d0857d299c.jpg;70ae4d44c5004b17af3f67d0857d299c.jpg;3
data/images/f2c8b45d57c54cceaef3a63f7543ba72.jpg;f2c8b45d57c54cceaef3a63f7543ba72.jpg;3
data/images/1fd4d7b7d23344139aecb036d89b530b.jpg;1fd4d7b7d23344139aecb036d89b530b.jpg;3
data/images/5d812a8954464ee4b60f57dad1f6058c.jpg;5d812a8954464ee4b60f57dad1f6058c.jpg;3
data/images/e40071c34c424bddb41652fd98472562.jpg;e40071c34c424bddb41652fd98472562.jpg;3
data/images/7f81d616bbab448cb58b4993725780eb.jpg;7f81d616bbab448cb58b4993725780eb.jpg;3
data/images/a40cedc8a5ab4132ad7183603eb34fda.jpg;a40cedc8a5ab4132ad7183603eb34fda.jpg;3
data/images/5d268c80b3cf43c0bad9f484db914936.jpg;5d268c80b3cf43c0bad9f484db914936.jpg;3
data/images/da93bc5d02c74819bae0a4bb3f2a9c0f.jpg;da93bc5d02c74819bae0a4bb3f2a9c0f.jpg;3
data/images/a130d2e02a7f4af1bdc7bb4d9dbe10fb.jpg;a130d2e02a7f4af1bdc7bb4d9dbe10fb.jpg;3
data/images/d063ecdd4bd34a80a309a62b48a23cd1.jpg;d063ecdd4bd34a80a309a62b48a23cd1.jpg;3
data/images/4a568157a3b14258b5ce9180ee9c4c25.jpg;4a568157a3b14258b5ce9180ee9c4c25.jpg;3
data/images/e10ff1135b4d4ff385bae66932ec2e69.jpg;e10ff1135b4d4ff385bae66932ec2e69.jpg;3
data/images/36baba0872c94ed483a437bbd5ddce5f.jpg;36baba0872c94ed483a437bbd5ddce5f.jpg;3
data/images/89dad8d504b24d7eb265baab1e707f1b.jpg;89dad8d504b24d7eb265baab1e707f1b.jpg;3
data/images/b2ce8592e034402c9cacd8f1513afd48.jpg;b2ce8592e034402c9cacd8f1513afd48.jpg;3
data/images/f232379f09fa4383a1f268c00be02bf7.jpg;f232379f09fa4383a1f268c00be02bf7.jpg;3
data/images/12915122215841bf828d27749f5ffd3e.jpg;12915122215841bf828d27749f5ffd3e.jpg;3
data/images/0aff092f935b46538e047804b888c334.jpg;0aff092f935b46538e047804b888c334.jpg;3
data/images/e69b67ead23b49958bf6ed286a9914af.jpg;e69b67ead23b49958bf6ed286a9914af.jpg;3
data/images/62425ba532ce4ba38e0d4106ae74c31e.jpg;62425ba532ce4ba38e0d4106ae74c31e.jpg;3
data/images/799a313119a74a1ab1750374c8d9d309.jpg;799a313119a74a1ab1750374c8d9d309.jpg;3
data/images/0230fe7f891f4862b492299719cd408e.jpg;0230fe7f891f4862b492299719cd408e.jpg;3
data/images/f8568d75b63142de99dc58827606bf4d.jpg;f8568d75b63142de99dc58827606bf4d.jpg;3
data/images/8be8a9c6fb3349b2ba96c2c1899c4543.jpg;8be8a9c6fb3349b2ba96c2c1899c4543.jpg;3
data/images/c901eb0d115e4ee6bd11fc5cfc75e88b.jpg;c901eb0d115e4ee6bd11fc5cfc75e88b.jpg;3
data/images/27ba8fb9950e495fa3261c7ad127d3c0.jpg;27ba8fb9950e495fa3261c7ad127d3c0.jpg;3
data/images/d431bd279f7c4e10b205e2cc8ce8f117.jpg;d431bd279f7c4e10b205e2cc8ce8f117.jpg;3
data/images/a02a98900e1f4f9290e2545bef367011.jpg;a02a98900e1f4f9290e2545bef367011.jpg;3
data/images/410cea7b92ef48cdaf175d94a9b17f35.jpg;410cea7b92ef48cdaf175d94a9b17f35.jpg;3
data/images/57326d66465e46e68802140ee91ba087.jpg;57326d66465e46e68802140ee91ba087.jpg;3
data/images/563e5ccf3dde4be3b0196882050bff28.jpg;563e5ccf3dde4be3b0196882050bff28.jpg;3
data/images/8c6dfe46b3f3469ebdd3a9df56e0e41a.jpg;8c6dfe46b3f3469ebdd3a9df56e0e41a.jpg;3
data/images/bf698c8f371245489c9c8626b16433eb.jpg;bf698c8f371245489c9c8626b16433eb.jpg;3
data/images/904b5567b8c34399915e5f84cbaa861d.jpg;904b5567b8c34399915e5f84cbaa861d.jpg;3
data/images/a71767d5d549456aab63c3ae692486f7.jpg;a71767d5d549456aab63c3ae692486f7.jpg;3
data/images/a02bfe2ca216497a8819cf8fd6e2188b.jpg;a02bfe2ca216497a8819cf8fd6e2188b.jpg;3
data/images/646bc33d2d2546c18ae752cc43fa1ae6.jpg;646bc33d2d2546c18ae752cc43fa1ae6.jpg;3
data/images/5226fb8efa0c4c56a2e2a70cdda9bb34.jpg;5226fb8efa0c4c56a2e2a70cdda9bb34.jpg;3
data/images/a2fb392e17a7446cb57bda012519b5d8.jpg;a2fb392e17a7446cb57bda012519b5d8.jpg;3
data/images/1fba4b945a8e4cdbaf9511fb7008839d.jpg;1fba4b945a8e4cdbaf9511fb7008839d.jpg;3
data/images/d36ad3df7bb8424c83e91ac8f7a6324f.jpg;d36ad3df7bb8424c83e91ac8f7a6324f.jpg;3
data/images/40fd0126604843dc884e0e0d2ab6d73c.jpg;40fd0126604843dc884e0e0d2ab6d73c.jpg;3
data/images/90a5386fea9d413f8c6b5e52f82171d4.jpg;90a5386fea9d413f8c6b5e52f82171d4.jpg;3
data/images/25a9f26927704355a4905e94eba6745b.jpg;25a9f26927704355a4905e94eba6745b.jpg;3
data/images/1685d478d53549239d9d49da60626e86.jpg;1685d478d53549239d9d49da60626e86.jpg;3
data/images/36bf4b0dac99454b88a7e2f570851d9e.jpg;36bf4b0dac99454b88a7e2f570851d9e.jpg;3
data/images/228d5b3ffb7e408eb0279d6bbe3f2276.jpg;228d5b3ffb7e408eb0279d6bbe3f2276.jpg;3
data/images/268518b1fadd470da7ace6369194efee.jpg;268518b1fadd470da7ace6369194efee.jpg;3
data/images/9bb3e212a9f4495a952513b3cc5e4af4.jpg;9bb3e212a9f4495a952513b3cc5e4af4.jpg;3
data/images/822adb4260c04bffb618731e0c8e583b.jpg;822adb4260c04bffb618731e0c8e583b.jpg;3
data/images/610c9ce4ecda4fee8dc02ebe3e007266.jpg;610c9ce4ecda4fee8dc02ebe3e007266.jpg;3
data/images/9704cb6a6a314b36871955fdb1b1d492.jpg;9704cb6a6a314b36871955fdb1b1d492.jpg;3
data/images/ae8c1dffdbac4b1d9e775447d9c6b5e9.jpg;ae8c1dffdbac4b1d9e775447d9c6b5e9.jpg;3
data/images/9ea7c876e0e946999c786e3c4a5a49ff.jpg;9ea7c876e0e946999c786e3c4a5a49ff.jpg;3
data/images/a7f17c433ef1404d94305ea98bfcd944.jpg;a7f17c433ef1404d94305ea98bfcd944.jpg;3
data/images/b8ae6e74568045989b5bc98dd23e873d.jpg;b8ae6e74568045989b5bc98dd23e873d.jpg;3
data/images/fe98aa0224964a3ea517bb051cb66095.jpg;fe98aa0224964a3ea517bb051cb66095.jpg;3
data/images/90b298248176418882e2d30576e171fb.jpg;90b298248176418882e2d30576e171fb.jpg;3
data/images/6ecd00742a1244bfb63438d852e0e389.jpg;6ecd00742a1244bfb63438d852e0e389.jpg;3
data/images/e979d89d19e44f89bf3dfe673466fc58.jpg;e979d89d19e44f89bf3dfe673466fc58.jpg;3
data/images/9d3dd92470294fc8882fa7085f70029f.jpg;9d3dd92470294fc8882fa7085f70029f.jpg;3
data/images/163580685c604ddebe1d9aaf88498014.jpg;163580685c604ddebe1d9aaf88498014.jpg;3
data/images/1b0d9a574c3f4ab78db302076f6e85ed.jpg;1b0d9a574c3f4ab78db302076f6e85ed.jpg;3
data/images/fd12f44a06a9459ca05b2e8a3975e634.jpg;fd12f44a06a9459ca05b2e8a3975e634.jpg;3
data/images/45ca51c9b3b744fe9cafb8db656d7b4f.jpg;45ca51c9b3b744fe9cafb8db656d7b4f.jpg;3
data/images/f08bf90466e24c70b72f9a4bcfb3b248.jpg;f08bf90466e24c70b72f9a4bcfb3b248.jpg;3
data/images/3f9a7040c734465e9b44e2bb62b57a11.jpg;3f9a7040c734465e9b44e2bb62b57a11.jpg;3
data/images/9f537b51e31b41f29335196d0007445e.jpg;9f537b51e31b41f29335196d0007445e.jpg;3
data/images/ff247724d52c4c719fa1d09550f7c4e7.jpg;ff247724d52c4c719fa1d09550f7c4e7.jpg;3
data/images/ddc92f4716994d06a2a5fe1f6f2da525.jpg;ddc92f4716994d06a2a5fe1f6f2da525.jpg;3
data/images/f93a268d03d34f67befab0061ea0007d.jpg;f93a268d03d34f67befab0061ea0007d.jpg;3
data/images/f92b53bea5554e87aef6ca9701776d48.jpg;f92b53bea5554e87aef6ca9701776d48.jpg;3
data/images/299d7af945be441d929e4ce021f923b6.jpg;299d7af945be441d929e4ce021f923b6.jpg;3
data/images/c03c4ab0dfbe4e85aadd565496d7b887.jpg;c03c4ab0dfbe4e85aadd565496d7b887.jpg;3
data/images/53ad0106972842528245ea933cc1f791.jpg;53ad0106972842528245ea933cc1f791.jpg;3
data/images/87d9f88f2eec4f55a77503194f41eaf6.jpg;87d9f88f2eec4f55a77503194f41eaf6.jpg;3
data/images/aecb30ce6e414e4491a1ad976255c228.jpg;aecb30ce6e414e4491a1ad976255c228.jpg;3
data/images/29b104a6742b43f1b7f6aae909d92b11.jpg;29b104a6742b43f1b7f6aae909d92b11.jpg;3
data/images/3dd4b1c892f54eb7bb163d345ed13610.jpg;3dd4b1c892f54eb7bb163d345ed13610.jpg;3
data/images/6c3a6971158c4d8dab9e0e4777c05f20.jpg;6c3a6971158c4d8dab9e0e4777c05f20.jpg;3
data/images/9b66555bda3e49f79f07250892563441.jpg;9b66555bda3e49f79f07250892563441.jpg;3
data/images/ce097becb26847d9b01b45deb056a34e.jpg;ce097becb26847d9b01b45deb056a34e.jpg;3
data/images/8c1063d344ef42988d97af9ab31d62d8.jpg;8c1063d344ef42988d97af9ab31d62d8.jpg;3
data/images/6fdaf6bf4ed54f31a2e9666e0e21fbb9.jpg;6fdaf6bf4ed54f31a2e9666e0e21fbb9.jpg;3
data/images/b30734d3fc5d493ca6ed43f16059536a.jpg;b30734d3fc5d493ca6ed43f16059536a.jpg;3
data/images/1037783dd4bf476fa4b97d754e608e02.jpg;1037783dd4bf476fa4b97d754e608e02.jpg;3
data/images/00b6c17bee1345458384080eb445f1db.jpg;00b6c17bee1345458384080eb445f1db.jpg;3
data/images/abac0e36a21c43d8b3d9f30d42b60c11.jpg;abac0e36a21c43d8b3d9f30d42b60c11.jpg;3
data/images/de86898eaf0847bb81435b1590ab1af2.jpg;de86898eaf0847bb81435b1590ab1af2.jpg;3
data/images/5f4d53d269d14905a9ccd0e0fd19ba6d.jpg;5f4d53d269d14905a9ccd0e0fd19ba6d.jpg;3
data/images/4953040282ab4c518851b201a89306b8.jpg;4953040282ab4c518851b201a89306b8.jpg;3
data/images/cd4aac50a3a44a3bb34f2dd4311774c0.jpg;cd4aac50a3a44a3bb34f2dd4311774c0.jpg;3
data/images/90e792453d9842f38bbf3810d1195eab.jpg;90e792453d9842f38bbf3810d1195eab.jpg;3
data/images/6805ae51518f4e479d3971da312700ed.jpg;6805ae51518f4e479d3971da312700ed.jpg;3
data/images/602b11c493ad4631b90d1cc97e0239f8.jpg;602b11c493ad4631b90d1cc97e0239f8.jpg;3
data/images/d5cd2a606f444d7c9454a36e04bdc370.jpg;d5cd2a606f444d7c9454a36e04bdc370.jpg;3
data/images/28025cfc2b4f447eb6848f1fd57934b6.jpg;28025cfc2b4f447eb6848f1fd57934b6.jpg;3
data/images/e9987d6599e8463a81726a8f9aed6b94.jpg;e9987d6599e8463a81726a8f9aed6b94.jpg;3
data/images/ee1ffb86f47b41f582665c6368203773.jpg;ee1ffb86f47b41f582665c6368203773.jpg;3
data/images/a3d574b9c28d48c0aa60cb72428bd604.jpg;a3d574b9c28d48c0aa60cb72428bd604.jpg;3
data/images/526807f230a84bcf8782128121247284.jpg;526807f230a84bcf8782128121247284.jpg;3
data/images/f4228b928ebe4887aa13256a5d0d248e.jpg;f4228b928ebe4887aa13256a5d0d248e.jpg;3
data/images/fa88c218270047f6b3c1fec4530081db.jpg;fa88c218270047f6b3c1fec4530081db.jpg;3
data/images/8ee34e036c04441ea319fee903441ea6.jpg;8ee34e036c04441ea319fee903441ea6.jpg;3
data/images/314c009dd7a242d2aabb0b8bf318b1b1.jpg;314c009dd7a242d2aabb0b8bf318b1b1.jpg;3
data/images/49dcbb49b173404cb8d435e25ecb5170.jpg;49dcbb49b173404cb8d435e25ecb5170.jpg;3
data/images/b0865a37a6244b28ae36e8f2570f2b28.jpg;b0865a37a6244b28ae36e8f2570f2b28.jpg;3
data/images/bfe6e4dfead84d4e9762d6b89c603b56.jpg;bfe6e4dfead84d4e9762d6b89c603b56.jpg;3
data/images/af503e3c8b844c5382de9a9679474d47.jpg;af503e3c8b844c5382de9a9679474d47.jpg;3
data/images/6aafe497af3249ffa9c5aa7ee5aec554.jpg;6aafe497af3249ffa9c5aa7ee5aec554.jpg;3
data/images/7b0d58dfaec840b89535e7280c3e4e13.jpg;7b0d58dfaec840b89535e7280c3e4e13.jpg;3
data/images/7b42e66769c242e38a709ec90dfa3dae.jpg;7b42e66769c242e38a709ec90dfa3dae.jpg;3
data/images/733cf1be36e34252b750a0aeae8f971e.jpg;733cf1be36e34252b750a0aeae8f971e.jpg;3
data/images/ce21652cb8c74bcda0cdf56b2647314d.jpg;ce21652cb8c74bcda0cdf56b2647314d.jpg;3
data/images/ebac43d8b3b746c4ade19d2aaf50a1b9.jpg;ebac43d8b3b746c4ade19d2aaf50a1b9.jpg;3
data/images/a81e3d8eecf0438fb49e3dae42505934.jpg;a81e3d8eecf0438fb49e3dae42505934.jpg;3
data/images/e2a5a9f7c3264092ad27dbe758cd88d3.jpg;e2a5a9f7c3264092ad27dbe758cd88d3.jpg;3
data/images/1c74b810f468402a98c0577d7e9bc7c4.jpg;1c74b810f468402a98c0577d7e9bc7c4.jpg;3
data/images/04feae4c0455422d8b13354b602dafb0.jpg;04feae4c0455422d8b13354b602dafb0.jpg;3
data/images/a5a7738f8f9a44e498243dbc45dd22a0.jpg;a5a7738f8f9a44e498243dbc45dd22a0.jpg;3
data/images/c50604d3e62d4838872b8227838f3ade.jpg;c50604d3e62d4838872b8227838f3ade.jpg;3
data/images/c4676b23b4e144e2bf51683437826d15.jpg;c4676b23b4e144e2bf51683437826d15.jpg;3
data/images/1e47249cd214481e96d001d96e8a3b22.jpg;1e47249cd214481e96d001d96e8a3b22.jpg;3
data/images/d82096130cb54c598d15ba1c368755cf.jpg;d82096130cb54c598d15ba1c368755cf.jpg;3
data/images/7962d5e7f3bd4b76a9f5527e75b8222b.jpg;7962d5e7f3bd4b76a9f5527e75b8222b.jpg;3
data/images/1c11bf6481c04df7925a3d5e463b4047.jpg;1c11bf6481c04df7925a3d5e463b4047.jpg;3
data/images/cdfd0fb2f8af4cfc8f6a4f91f957ec25.jpg;cdfd0fb2f8af4cfc8f6a4f91f957ec25.jpg;3
data/images/94e0b6c994ea4d57ac0a513fbe62e868.jpg;94e0b6c994ea4d57ac0a513fbe62e868.jpg;3
data/images/f552d28035cf47b59feadf2a8ddb4ec5.jpg;f552d28035cf47b59feadf2a8ddb4ec5.jpg;3
data/images/bebb8b1879e74768b88574977b2a44db.jpg;bebb8b1879e74768b88574977b2a44db.jpg;3
data/images/264d32861ab14deb9b08f8378fb3bacc.jpg;264d32861ab14deb9b08f8378fb3bacc.jpg;3
data/images/4b5da27bbac9470ebca0f899a80e47fd.jpg;4b5da27bbac9470ebca0f899a80e47fd.jpg;3
data/images/290e6e49a3e64f639cddc44a74a2b656.jpg;290e6e49a3e64f639cddc44a74a2b656.jpg;3
data/images/ef3722583c7043f984dad85b92d4db89.jpg;ef3722583c7043f984dad85b92d4db89.jpg;3
data/images/975c4405258347acbae98637fd5f7cec.jpg;975c4405258347acbae98637fd5f7cec.jpg;3
data/images/355b40c8290f4886a84ccf48424ee998.jpg;355b40c8290f4886a84ccf48424ee998.jpg;3
data/images/bfa21d97e31647d799c081d4ff18eea0.jpg;bfa21d97e31647d799c081d4ff18eea0.jpg;3
data/images/562fa561308d4676a5cb6e616c2c7a9d.jpg;562fa561308d4676a5cb6e616c2c7a9d.jpg;3
data/images/3f8a3bca7ad14a4eb569cca4f94f110a.jpg;3f8a3bca7ad14a4eb569cca4f94f110a.jpg;3
data/images/4dfd614337044240b33285eeb34194f5.jpg;4dfd614337044240b33285eeb34194f5.jpg;3
data/images/a9f21455824d4ed6bc0a175fc7d1896a.jpg;a9f21455824d4ed6bc0a175fc7d1896a.jpg;3
data/images/a7f5becf4df6499e9e423a40ca21d408.jpg;a7f5becf4df6499e9e423a40ca21d408.jpg;3
data/images/7b34463f89454b4bbdd26ad4b0c5d87a.jpg;7b34463f89454b4bbdd26ad4b0c5d87a.jpg;3
data/images/81c3fcb4751d44eca07ff2818607abea.jpg;81c3fcb4751d44eca07ff2818607abea.jpg;3
data/images/1a5ed25f71d343c6a8f93d3b01b074f7.jpg;1a5ed25f71d343c6a8f93d3b01b074f7.jpg;3
data/images/e15ddc091b1d44d09187be67578b27a6.jpg;e15ddc091b1d44d09187be67578b27a6.jpg;3
data/images/8705850e4495401f821e13f85330f483.jpg;8705850e4495401f821e13f85330f483.jpg;3
data/images/6a10b285a1c9432da426d2ed61e95988.jpg;6a10b285a1c9432da426d2ed61e95988.jpg;3
data/images/fb0c12ea27e544398583f9016be02015.jpg;fb0c12ea27e544398583f9016be02015.jpg;3
data/images/a4a8a1d915cf44a39c2223ae901d01a3.jpg;a4a8a1d915cf44a39c2223ae901d01a3.jpg;3
data/images/6ca314ae58344b3c833ce3ab56c3a593.jpg;6ca314ae58344b3c833ce3ab56c3a593.jpg;3
data/images/d9e1027df53d47d3a9cb2e44ad7453a8.jpg;d9e1027df53d47d3a9cb2e44ad7453a8.jpg;3
data/images/049dfa9045584e5f93528c331e1fbac6.jpg;049dfa9045584e5f93528c331e1fbac6.jpg;3
data/images/c85898e1e67e4c439879f7e1b446dd6b.jpg;c85898e1e67e4c439879f7e1b446dd6b.jpg;3
data/images/eab89eacef324c859fe721386cf12a0a.jpg;eab89eacef324c859fe721386cf12a0a.jpg;3
data/images/4d35a8cfe21247769a0348a0d9f34371.jpg;4d35a8cfe21247769a0348a0d9f34371.jpg;3
data/images/056fb85d53a040d99ab6b66ebacde194.jpg;056fb85d53a040d99ab6b66ebacde194.jpg;3
data/images/0a5a2a26d999402594efd198dc118aae.jpg;0a5a2a26d999402594efd198dc118aae.jpg;3
data/images/fd752c6883944f3e895b2ed9cc4cc60b.jpg;fd752c6883944f3e895b2ed9cc4cc60b.jpg;3
data/images/39e94991899942529505cbc35e13f959.jpg;39e94991899942529505cbc35e13f959.jpg;3
data/images/c47a226eaa844535b0fefcc53f8b8f9c.jpg;c47a226eaa844535b0fefcc53f8b8f9c.jpg;3
data/images/ec2d3315e4d84987a8a9c4a6edaf3776.jpg;ec2d3315e4d84987a8a9c4a6edaf3776.jpg;3
data/images/c010058b79694bf18bc84da1efb0c031.jpg;c010058b79694bf18bc84da1efb0c031.jpg;3
data/images/09f6e32bcb364aa7b05667ad72a55449.jpg;09f6e32bcb364aa7b05667ad72a55449.jpg;3
data/images/0024e071a0d547ac8d261f496de039b3.jpg;0024e071a0d547ac8d261f496de039b3.jpg;3
data/images/ac39a536427b434ea7cdbb71bf448a1c.jpg;ac39a536427b434ea7cdbb71bf448a1c.jpg;3
data/images/0de5312325234574a9ff258b02b65839.jpg;0de5312325234574a9ff258b02b65839.jpg;3
data/images/b5070d8719e34ea8b2cef80585bdb1c6.jpg;b5070d8719e34ea8b2cef80585bdb1c6.jpg;3
data/images/06a3125e34e2439bbd2f29a556ed83d5.jpg;06a3125e34e2439bbd2f29a556ed83d5.jpg;3
data/images/e93478d36ff94458858d0b8ff28de2f3.jpg;e93478d36ff94458858d0b8ff28de2f3.jpg;3
data/images/2c625e0b327b40b7a5004c838c220612.jpg;2c625e0b327b40b7a5004c838c220612.jpg;3
data/images/def3b33127e44753b0dd5d55e2e5a7a4.jpg;def3b33127e44753b0dd5d55e2e5a7a4.jpg;3
data/images/f097bb42a2d6485ca68e815ecf2b420b.jpg;f097bb42a2d6485ca68e815ecf2b420b.jpg;3
data/images/73207c39aff842a98bd56c304ff6233c.jpg;73207c39aff842a98bd56c304ff6233c.jpg;3
data/images/fc17e792ddc948768fb1bc323350b793.jpg;fc17e792ddc948768fb1bc323350b793.jpg;3
data/images/7d8c7c1bfd0e466ebeea12ada45bfe2b.jpg;7d8c7c1bfd0e466ebeea12ada45bfe2b.jpg;3
data/images/20b43f2c2cda46a080ea3ce2e257253a.jpg;20b43f2c2cda46a080ea3ce2e257253a.jpg;3
data/images/5acb6e52310d43daacf50fb3dc7453c7.jpg;5acb6e52310d43daacf50fb3dc7453c7.jpg;3
data/images/54658d8169aa4527b815bea6fa778212.jpg;54658d8169aa4527b815bea6fa778212.jpg;3
data/images/94bac8de53f14af9b528ebd4b1d296cb.jpg;94bac8de53f14af9b528ebd4b1d296cb.jpg;3
data/images/e92300e24cbb4a9399d41bf93db93938.jpg;e92300e24cbb4a9399d41bf93db93938.jpg;3
data/images/b3e3b2860f4e4f75984c6e3f7afdd29a.jpg;b3e3b2860f4e4f75984c6e3f7afdd29a.jpg;3
data/images/cf38663fc36545c5809669b9f8d68855.jpg;cf38663fc36545c5809669b9f8d68855.jpg;3
data/images/76853a545069412094d5107cc0a51d9c.jpg;76853a545069412094d5107cc0a51d9c.jpg;3
data/images/b6a3c4d9de7a430c8c9a60787a143c2b.jpg;b6a3c4d9de7a430c8c9a60787a143c2b.jpg;3
data/images/5ef5d387b3514f42928b5a6adcb7fe10.jpg;5ef5d387b3514f42928b5a6adcb7fe10.jpg;3
data/images/079507b4b51b428180afba3051cf6f6e.jpg;079507b4b51b428180afba3051cf6f6e.jpg;3
data/images/1f671716837e4439b095ab2a47020e43.jpg;1f671716837e4439b095ab2a47020e43.jpg;3
data/images/842862e844d2472ca305e95d8edb82fe.jpg;842862e844d2472ca305e95d8edb82fe.jpg;3
data/images/4b63a38cf11447de8191d70a73e42a23.jpg;4b63a38cf11447de8191d70a73e42a23.jpg;3
data/images/9175ddd7cfe8496d901f2ccc9636eba5.jpg;9175ddd7cfe8496d901f2ccc9636eba5.jpg;3
data/images/7c0d16c622a8427a9990a536a9e8ecc5.jpg;7c0d16c622a8427a9990a536a9e8ecc5.jpg;3
data/images/65bd70ff28cd4ceb95bd3ee6da2b9a2d.jpg;65bd70ff28cd4ceb95bd3ee6da2b9a2d.jpg;3
data/images/fb046be2ebc24c4393e8c1cbb3a6ae7d.jpg;fb046be2ebc24c4393e8c1cbb3a6ae7d.jpg;3
data/images/50607b8599da43b9baae493aafa20225.jpg;50607b8599da43b9baae493aafa20225.jpg;3
data/images/9f849a9bf3e445a3b2e47eb00750fb9b.jpg;9f849a9bf3e445a3b2e47eb00750fb9b.jpg;3
data/images/b746abac2b234970b13ef35896a1b2a1.jpg;b746abac2b234970b13ef35896a1b2a1.jpg;3
data/images/d8bf554db9b14430a56f19667fa76e32.jpg;d8bf554db9b14430a56f19667fa76e32.jpg;3
data/images/ea3a8e72a3a24fbc9e0ccf3d66eede2a.jpg;ea3a8e72a3a24fbc9e0ccf3d66eede2a.jpg;3
data/images/ecc6ebc6e9b54ba6802647282503f0b1.jpg;ecc6ebc6e9b54ba6802647282503f0b1.jpg;3
data/images/b1d394453ac84923bbe0be891eae051c.jpg;b1d394453ac84923bbe0be891eae051c.jpg;3
data/images/a6db6d95a29641e888f9a18e01722ada.jpg;a6db6d95a29641e888f9a18e01722ada.jpg;3
data/images/7b32aa04cebf4fec89aebc9c883da480.jpg;7b32aa04cebf4fec89aebc9c883da480.jpg;3
data/images/82061baa98b04a3f8334a9cfd99a44f0.jpg;82061baa98b04a3f8334a9cfd99a44f0.jpg;3
data/images/6755a8259bb34b799561d81731f713ac.jpg;6755a8259bb34b799561d81731f713ac.jpg;3
data/images/a4a80f07b3cd438089f64d15ad277e6a.jpg;a4a80f07b3cd438089f64d15ad277e6a.jpg;3
data/images/0bd3a38027524533abff698f08395712.jpg;0bd3a38027524533abff698f08395712.jpg;3
data/images/4171c134830e4676b40bdf203967e660.jpg;4171c134830e4676b40bdf203967e660.jpg;3
data/images/71702769efa041f79f71b2ad44f28f61.jpg;71702769efa041f79f71b2ad44f28f61.jpg;3
data/images/33b0785d1f324b4ea4ef27a3a3081a73.jpg;33b0785d1f324b4ea4ef27a3a3081a73.jpg;3
data/images/d9bbecea697748b3844339bb635c0960.jpg;d9bbecea697748b3844339bb635c0960.jpg;3
data/images/25d51def27b54decadc310448e38e306.jpg;25d51def27b54decadc310448e38e306.jpg;3
data/images/c66f372bb14d4755a2c0476f00c1f153.jpg;c66f372bb14d4755a2c0476f00c1f153.jpg;3
data/images/2157df93ecfd4f458e8e974f575b1548.jpg;2157df93ecfd4f458e8e974f575b1548.jpg;3
data/images/d8511f8a2fe64842bb7408e29ef9504f.jpg;d8511f8a2fe64842bb7408e29ef9504f.jpg;3
data/images/b4b3599f82cb4a2b8a528446849423bc.jpg;b4b3599f82cb4a2b8a528446849423bc.jpg;3
data/images/4f3b46a715a24aebb6344d58c72fb5a7.jpg;4f3b46a715a24aebb6344d58c72fb5a7.jpg;3
data/images/cda3efce69ef43a18f22eccd5dbcece0.jpg;cda3efce69ef43a18f22eccd5dbcece0.jpg;3
data/images/94ff4618db6b4b6e96f54cf6de7d1538.jpg;94ff4618db6b4b6e96f54cf6de7d1538.jpg;3
data/images/c054c5335db54209a2a53ae003eb27ec.jpg;c054c5335db54209a2a53ae003eb27ec.jpg;3
data/images/17beb695652c4c99b2e2ec98bb081386.jpg;17beb695652c4c99b2e2ec98bb081386.jpg;3
data/images/c653eb446de44abebf5e4b78d17cd715.jpg;c653eb446de44abebf5e4b78d17cd715.jpg;3
data/images/f656cb485c3646278729b92754b5af5c.jpg;f656cb485c3646278729b92754b5af5c.jpg;3
data/images/e45ebe6a1c9444768a83fa81ef17a217.jpg;e45ebe6a1c9444768a83fa81ef17a217.jpg;3
data/images/7332bfdcc2e74e12b474ff749b12f443.jpg;7332bfdcc2e74e12b474ff749b12f443.jpg;3
data/images/99ddedfd13814684aae85b9ed2d4c74b.jpg;99ddedfd13814684aae85b9ed2d4c74b.jpg;3
data/images/083585c1607b4b8783ca4eb3189a24ef.jpg;083585c1607b4b8783ca4eb3189a24ef.jpg;3
data/images/2604ff5184784fc997b2c36f41a88796.jpg;2604ff5184784fc997b2c36f41a88796.jpg;3
data/images/de9cfd8e288e4f999e31ab49bdc11ddf.jpg;de9cfd8e288e4f999e31ab49bdc11ddf.jpg;3
data/images/f460b17290a34d838304b980927385de.jpg;f460b17290a34d838304b980927385de.jpg;3
data/images/07547749fb43437e9557eae222ac2ce8.jpg;07547749fb43437e9557eae222ac2ce8.jpg;3
data/images/195772f16af44f0bb689b17c76325597.jpg;195772f16af44f0bb689b17c76325597.jpg;3
data/images/a229f8a476124dc5ac9f610026b5a8ff.jpg;a229f8a476124dc5ac9f610026b5a8ff.jpg;3
data/images/f94cf65e94a6440bae2521c931581d94.jpg;f94cf65e94a6440bae2521c931581d94.jpg;3
data/images/e0b23f0e54ba42e3a613750d7a6e2597.jpg;e0b23f0e54ba42e3a613750d7a6e2597.jpg;3
data/images/c906a3d1340d4de39d9ae3620d50f5c1.jpg;c906a3d1340d4de39d9ae3620d50f5c1.jpg;3
data/images/a63d3080d33a4a47bacad669d6e847fa.jpg;a63d3080d33a4a47bacad669d6e847fa.jpg;3
data/images/a28b66d9c538461b87bfd00da02035f0.jpg;a28b66d9c538461b87bfd00da02035f0.jpg;3
data/images/6c04849baab540a696b7e1bda913666c.jpg;6c04849baab540a696b7e1bda913666c.jpg;3
data/images/d3f963b1ddd742fdb638de4d53db3e9a.jpg;d3f963b1ddd742fdb638de4d53db3e9a.jpg;3
data/images/01bec076d5264efaa270c77a29760ef6.jpg;01bec076d5264efaa270c77a29760ef6.jpg;3
data/images/21b3176775944616a91bfd848e54861e.jpg;21b3176775944616a91bfd848e54861e.jpg;3
data/images/e5bc681d14b54e94a8e16a1f13c0b200.jpg;e5bc681d14b54e94a8e16a1f13c0b200.jpg;3
data/images/5e607231ff40476c824ec75b87761c3c.jpg;5e607231ff40476c824ec75b87761c3c.jpg;3
data/images/145a9202e9e542f5901ad0530ec97c10.jpg;145a9202e9e542f5901ad0530ec97c10.jpg;3
data/images/d510881b8e1345fba58f9809bd25a007.jpg;d510881b8e1345fba58f9809bd25a007.jpg;3
data/images/1d6ee929586b4ce9a0e39670dbc87969.jpg;1d6ee929586b4ce9a0e39670dbc87969.jpg;3
data/images/98288f18d65240a7aae384ed1be4d1e8.jpg;98288f18d65240a7aae384ed1be4d1e8.jpg;3
data/images/d8f62b95003846608527b8132ae468dc.jpg;d8f62b95003846608527b8132ae468dc.jpg;3
data/images/2e9a7dbc644043c5b150d45b70b7f102.jpg;2e9a7dbc644043c5b150d45b70b7f102.jpg;3
data/images/b8b60d5685e8439eaf96648b38263210.jpg;b8b60d5685e8439eaf96648b38263210.jpg;3
data/images/aa6f5d4f221d49dc91f8900548b8fb4a.jpg;aa6f5d4f221d49dc91f8900548b8fb4a.jpg;3
data/images/e08b5ac0424a48e88a29c04ac0230d18.jpg;e08b5ac0424a48e88a29c04ac0230d18.jpg;3
data/images/f596af0c62b7453ba7fb38dd7c700b33.jpg;f596af0c62b7453ba7fb38dd7c700b33.jpg;3
data/images/e084eed64edc4571836a1d0f98e532db.jpg;e084eed64edc4571836a1d0f98e532db.jpg;3
data/images/8148c0626c474e62810bc6e6356b1d70.jpg;8148c0626c474e62810bc6e6356b1d70.jpg;3
data/images/1f6dd80c8d674c5fa778fca06b1d9695.jpg;1f6dd80c8d674c5fa778fca06b1d9695.jpg;3
data/images/ad19b6fac62b48e5b5e43d11dca7025a.jpg;ad19b6fac62b48e5b5e43d11dca7025a.jpg;3
data/images/10fd8d1c80394a5c9a019cc36e18369c.jpg;10fd8d1c80394a5c9a019cc36e18369c.jpg;3
data/images/98928d67a666414eb27d034524c54271.jpg;98928d67a666414eb27d034524c54271.jpg;3
data/images/80846236dd244aad8df645030bb584c6.jpg;80846236dd244aad8df645030bb584c6.jpg;3
data/images/4b92050b9f9c40b6a21cf5beb7de0cb1.jpg;4b92050b9f9c40b6a21cf5beb7de0cb1.jpg;3
data/images/4e294bd61d524ce09a8cc6f2eeb4a6de.jpg;4e294bd61d524ce09a8cc6f2eeb4a6de.jpg;3
data/images/bde13559631e4f1598b6ccad3fbd4fea.jpg;bde13559631e4f1598b6ccad3fbd4fea.jpg;3
data/images/8e9359b5a3be44d8829ebec906a93956.jpg;8e9359b5a3be44d8829ebec906a93956.jpg;3
data/images/99efa74da9cd4dd2b9694dfd459e9779.jpg;99efa74da9cd4dd2b9694dfd459e9779.jpg;3
data/images/9ac3e0260e49476cbbfe5e30940542d8.jpg;9ac3e0260e49476cbbfe5e30940542d8.jpg;3
data/images/5713e8edbe9e4dc694b99653147b4949.jpg;5713e8edbe9e4dc694b99653147b4949.jpg;3
data/images/9894d43e0e254d4e859549ec5390a62a.jpg;9894d43e0e254d4e859549ec5390a62a.jpg;3
data/images/9f4c20c342bc4845af6a105644312fcb.jpg;9f4c20c342bc4845af6a105644312fcb.jpg;3
data/images/61b38bca28be4a779322152da7c5970f.jpg;61b38bca28be4a779322152da7c5970f.jpg;3
data/images/cf9570387b3541759ab539e66108c37c.jpg;cf9570387b3541759ab539e66108c37c.jpg;3
data/images/df75520e84d94060a08981800d318f73.jpg;df75520e84d94060a08981800d318f73.jpg;3
data/images/5379a74ba8d340f9a2308cbc6f423d50.jpg;5379a74ba8d340f9a2308cbc6f423d50.jpg;3
data/images/a65920576bf34f24ac76b87c594e8511.jpg;a65920576bf34f24ac76b87c594e8511.jpg;3
data/images/e9ce9ce44da8425695c421a27c43f2b3.jpg;e9ce9ce44da8425695c421a27c43f2b3.jpg;3
data/images/00fd7753e29f48539b35dd5741305597.jpg;00fd7753e29f48539b35dd5741305597.jpg;3
data/images/9ffc1eef3442433aa1ce3c44c90dde9c.jpg;9ffc1eef3442433aa1ce3c44c90dde9c.jpg;3
data/images/3f44a09e749749b5830960a194ea01fa.jpg;3f44a09e749749b5830960a194ea01fa.jpg;3
data/images/546b8bb00fb84b679bdcaf4a791a4ee8.jpg;546b8bb00fb84b679bdcaf4a791a4ee8.jpg;3
data/images/cee441dcd0544f6b87bc653961c99846.jpg;cee441dcd0544f6b87bc653961c99846.jpg;3
data/images/c56323c7e6d6468fbc567e09250c0d33.jpg;c56323c7e6d6468fbc567e09250c0d33.jpg;3
data/images/342056fb15754757a7865b5dd075d940.jpg;342056fb15754757a7865b5dd075d940.jpg;3
data/images/6d2761e3b6284c1d9b5a1fb26832d5a6.jpg;6d2761e3b6284c1d9b5a1fb26832d5a6.jpg;3
data/images/4d61183378e94eadb66e4427f197abf6.jpg;4d61183378e94eadb66e4427f197abf6.jpg;3
data/images/05ddc66c5379472a8950244c0b36579f.jpg;05ddc66c5379472a8950244c0b36579f.jpg;3
data/images/bc7ab98da3f34e889185810acb71d104.jpg;bc7ab98da3f34e889185810acb71d104.jpg;3
data/images/aa283ccd48324870b831146854db2760.jpg;aa283ccd48324870b831146854db2760.jpg;3
data/images/387e7002fee24f0e8c04bb9b7257cc68.jpg;387e7002fee24f0e8c04bb9b7257cc68.jpg;3
data/images/9b63b0d1a6f74ce8b7c9acaaebe18344.jpg;9b63b0d1a6f74ce8b7c9acaaebe18344.jpg;3
data/images/d18e1ec2441545a18d1ceaed4e21daec.jpg;d18e1ec2441545a18d1ceaed4e21daec.jpg;3
data/images/532038aba06a49dea35a4bdc811746b9.jpg;532038aba06a49dea35a4bdc811746b9.jpg;3
data/images/57f14318d91045a08bd5785b47967323.jpg;57f14318d91045a08bd5785b47967323.jpg;3
data/images/fbbced5c390a462ab347edb6e2730d62.jpg;fbbced5c390a462ab347edb6e2730d62.jpg;3
data/images/40670c33f024430b9de7c6a1d5ff4ab3.jpg;40670c33f024430b9de7c6a1d5ff4ab3.jpg;3
data/images/367502071a1640e5a7381a0327d4c107.jpg;367502071a1640e5a7381a0327d4c107.jpg;3
data/images/0fc11828490f493eabf68d54fa36b185.jpg;0fc11828490f493eabf68d54fa36b185.jpg;3
data/images/170b2bb90f4a4f99919bb9642ac11d65.jpg;170b2bb90f4a4f99919bb9642ac11d65.jpg;3
data/images/43f8395e9c67402e862d4d694956a786.jpg;43f8395e9c67402e862d4d694956a786.jpg;3
data/images/09d0cca6b30a4def8bbf7df30692bb54.jpg;09d0cca6b30a4def8bbf7df30692bb54.jpg;3
data/images/ddd80f80c8e34336bef614cb5a620402.jpg;ddd80f80c8e34336bef614cb5a620402.jpg;3
data/images/4469a7bcda5549349f23743eb2821901.jpg;4469a7bcda5549349f23743eb2821901.jpg;3
data/images/3d6820f1586440d3a6394320817968f3.jpg;3d6820f1586440d3a6394320817968f3.jpg;3
data/images/5f82619ede854b75accd75cae2512297.jpg;5f82619ede854b75accd75cae2512297.jpg;3
data/images/3d95dff3974e43279d7c42b78fd7f8df.jpg;3d95dff3974e43279d7c42b78fd7f8df.jpg;3
data/images/4854db12aa464ddc9c9b21f2e50c10ce.jpg;4854db12aa464ddc9c9b21f2e50c10ce.jpg;3
data/images/9487ff2e307547d4bf6c0edea5600201.jpg;9487ff2e307547d4bf6c0edea5600201.jpg;3
data/images/b54a39a17e3745d7be9f064ee3973fb3.jpg;b54a39a17e3745d7be9f064ee3973fb3.jpg;3
data/images/fc51ad730570433c86e65de1745e16e9.jpg;fc51ad730570433c86e65de1745e16e9.jpg;3
data/images/6511649571a0452bb1e0d06cef214d5d.jpg;6511649571a0452bb1e0d06cef214d5d.jpg;3
data/images/2cb3776b7fcc46bcac4c2b13cb00abcc.jpg;2cb3776b7fcc46bcac4c2b13cb00abcc.jpg;3
data/images/1c75ebd33d304af19de4d29e09d19ee2.jpg;1c75ebd33d304af19de4d29e09d19ee2.jpg;3
data/images/336e0e79809d40999c673dfa24fe9648.jpg;336e0e79809d40999c673dfa24fe9648.jpg;3
data/images/bcfa0bbef3944d819aae4b09c1c6cc14.jpg;bcfa0bbef3944d819aae4b09c1c6cc14.jpg;3
data/images/276e3cf6f43d4d2797a59d11a04fd6cf.jpg;276e3cf6f43d4d2797a59d11a04fd6cf.jpg;3
data/images/5d4e3a757a1a4959a709493cc12c3e1b.jpg;5d4e3a757a1a4959a709493cc12c3e1b.jpg;3
data/images/e3527e628d4b4829ac0036f8e84c62c9.jpg;e3527e628d4b4829ac0036f8e84c62c9.jpg;3
data/images/a4dbab868817444fbb65509a37d70f06.jpg;a4dbab868817444fbb65509a37d70f06.jpg;3
data/images/dd8f6622c59543bd8902036690bd1811.jpg;dd8f6622c59543bd8902036690bd1811.jpg;3
data/images/572b87097bd547d58eb31351aaf512e0.jpg;572b87097bd547d58eb31351aaf512e0.jpg;3
data/images/142daf52ed684996922a07441e7f8d8e.jpg;142daf52ed684996922a07441e7f8d8e.jpg;3
data/images/dc99446ee70a497a85a290ade8fca734.jpg;dc99446ee70a497a85a290ade8fca734.jpg;3
data/images/4aa38a8e40be4c95a1f633ccc2ba64f5.jpg;4aa38a8e40be4c95a1f633ccc2ba64f5.jpg;3
data/images/caa42478a861451e93a2c0fd48e4841c.jpg;caa42478a861451e93a2c0fd48e4841c.jpg;3
data/images/e11858967e35496e92d60a77f9b04fe2.jpg;e11858967e35496e92d60a77f9b04fe2.jpg;3
data/images/c61903bfad0848e399f5435637b3e991.jpg;c61903bfad0848e399f5435637b3e991.jpg;3
data/images/a4507c1404fb4c2e83415a930809f25d.jpg;a4507c1404fb4c2e83415a930809f25d.jpg;3
data/images/d4df8cb89a974e628c7d94cfcadb72b5.jpg;d4df8cb89a974e628c7d94cfcadb72b5.jpg;3
data/images/a52d97e5da4348bd8db527ee99c145ea.jpg;a52d97e5da4348bd8db527ee99c145ea.jpg;3
data/images/22bebbdf24da4e8f908f67a147105592.jpg;22bebbdf24da4e8f908f67a147105592.jpg;3
data/images/9af8a280489a4a23a376d1aec6d88985.jpg;9af8a280489a4a23a376d1aec6d88985.jpg;3
data/images/cb9c2369a1714461bfddbbe02351141d.jpg;cb9c2369a1714461bfddbbe02351141d.jpg;3
data/images/00efadfd4aaf489ab4a9dda876e5ae5e.jpg;00efadfd4aaf489ab4a9dda876e5ae5e.jpg;3
data/images/81b2594aaeca4d6aa731471167fc2c1e.jpg;81b2594aaeca4d6aa731471167fc2c1e.jpg;3
data/images/807d9576a06e40518b6d725130ef1f7a.jpg;807d9576a06e40518b6d725130ef1f7a.jpg;3
data/images/0092cdbb2c29411ca564fe1fc1002dff.jpg;0092cdbb2c29411ca564fe1fc1002dff.jpg;3
data/images/6aec95acd23a435a96c8d6feea862268.jpg;6aec95acd23a435a96c8d6feea862268.jpg;3
data/images/001e80f214374b349cecef0c8e55d815.jpg;001e80f214374b349cecef0c8e55d815.jpg;3
data/images/ffbc945ca0334f9ebcad35ea6da89e53.jpg;ffbc945ca0334f9ebcad35ea6da89e53.jpg;3
data/images/d7873478ed584082897a3a7b351bf730.jpg;d7873478ed584082897a3a7b351bf730.jpg;3
data/images/07e9727f53d34a91ad0147b1056e82f4.jpg;07e9727f53d34a91ad0147b1056e82f4.jpg;3
data/images/cc5e1fa2341547d1ac146614a358af03.jpg;cc5e1fa2341547d1ac146614a358af03.jpg;3
data/images/a8d110ac78bd4c19be60f5d07407afda.jpg;a8d110ac78bd4c19be60f5d07407afda.jpg;3
data/images/dad2e8a2168948d8acf2eccda24bd892.jpg;dad2e8a2168948d8acf2eccda24bd892.jpg;3
data/images/3d3533d675954b228e2d1b37ceb69f02.jpg;3d3533d675954b228e2d1b37ceb69f02.jpg;3
data/images/85375f3183c74e028e7dcfe20e36efb2.jpg;85375f3183c74e028e7dcfe20e36efb2.jpg;3
data/images/57dc5eddf41f4b338783487e6c02c63a.jpg;57dc5eddf41f4b338783487e6c02c63a.jpg;3
data/images/ee8866d456c94376a046376c21ff549c.jpg;ee8866d456c94376a046376c21ff549c.jpg;3
data/images/59d030ebfaf84fdbbafad4c83d9a2815.jpg;59d030ebfaf84fdbbafad4c83d9a2815.jpg;3
data/images/78c070cabe794122bfd865f0f241a0b3.jpg;78c070cabe794122bfd865f0f241a0b3.jpg;3
data/images/7480aef2614b4beca7965fa193773654.jpg;7480aef2614b4beca7965fa193773654.jpg;3
data/images/8949291cf09b48678a05ad7b62b637f3.jpg;8949291cf09b48678a05ad7b62b637f3.jpg;3
data/images/19a874da8985497f87b17fc8e43c9f4f.jpg;19a874da8985497f87b17fc8e43c9f4f.jpg;3
data/images/c7b2b98270cb4173b4e1950cb408338e.jpg;c7b2b98270cb4173b4e1950cb408338e.jpg;3
data/images/5fa18a3635a84b908576b9ec82609b2d.jpg;5fa18a3635a84b908576b9ec82609b2d.jpg;3
data/images/b7ca229dd089430f9f1110cb25ce704b.jpg;b7ca229dd089430f9f1110cb25ce704b.jpg;3
data/images/2b422e2879a44bc8aa4ad551c40abc49.jpg;2b422e2879a44bc8aa4ad551c40abc49.jpg;3
data/images/18534ff61b4d470787e35d7ee370aeee.jpg;18534ff61b4d470787e35d7ee370aeee.jpg;3
data/images/80bcc7f12e56440ca75340890a192fae.jpg;80bcc7f12e56440ca75340890a192fae.jpg;3
data/images/06eeb779fc0840feb098ebf6e55af2bd.jpg;06eeb779fc0840feb098ebf6e55af2bd.jpg;3
data/images/dcfd2abedf3a4ec993715b371a7aec04.jpg;dcfd2abedf3a4ec993715b371a7aec04.jpg;3
data/images/9b0d3fffc8214c13abd8ac5e24e14c62.jpg;9b0d3fffc8214c13abd8ac5e24e14c62.jpg;3
data/images/e54cad1b45e54df89238f4686d85d8fd.jpg;e54cad1b45e54df89238f4686d85d8fd.jpg;3
data/images/54182e05e5eb41948ec3d1824897b98b.jpg;54182e05e5eb41948ec3d1824897b98b.jpg;3
data/images/1a1a6f2869d844b1842ca20c0e55e4ce.jpg;1a1a6f2869d844b1842ca20c0e55e4ce.jpg;3
data/images/cd8ad31f2fa44fb29bbc6375afb16601.jpg;cd8ad31f2fa44fb29bbc6375afb16601.jpg;3
data/images/ad235cdcfe7c4c07a11a2e6fd08661a2.jpg;ad235cdcfe7c4c07a11a2e6fd08661a2.jpg;3
data/images/7cfd5348cb1844a6986f8b0afc4005a3.jpg;7cfd5348cb1844a6986f8b0afc4005a3.jpg;3
data/images/fe748124a8f24f77b30affdf18f32535.jpg;fe748124a8f24f77b30affdf18f32535.jpg;3
data/images/668048b325524d2b9aaaa42e76eb6992.jpg;668048b325524d2b9aaaa42e76eb6992.jpg;3
data/images/cbd1117653944640a6cf9197570240ee.jpg;cbd1117653944640a6cf9197570240ee.jpg;3
data/images/be79260856dc44ffa7314c409ec187a7.jpg;be79260856dc44ffa7314c409ec187a7.jpg;3
data/images/0e28f24e52c746a2a27036ce6c539c03.jpg;0e28f24e52c746a2a27036ce6c539c03.jpg;3
data/images/1dee541f04ee43db81984a28850bdbc1.jpg;1dee541f04ee43db81984a28850bdbc1.jpg;3
data/images/cbe3cc14298d40e58a66987e9c277a7e.jpg;cbe3cc14298d40e58a66987e9c277a7e.jpg;3
data/images/3328ddeb1d9c49879f6487b8c245aa3e.jpg;3328ddeb1d9c49879f6487b8c245aa3e.jpg;3
data/images/293356d4c3184371aa3962de251acf64.jpg;293356d4c3184371aa3962de251acf64.jpg;3
data/images/675250a423a6495a8b1bb9a77b8f6677.jpg;675250a423a6495a8b1bb9a77b8f6677.jpg;3
data/images/9aba60a49426484795246757702f41cf.jpg;9aba60a49426484795246757702f41cf.jpg;3
data/images/7bc7c3d4e92144559ddfa50f19915f2a.jpg;7bc7c3d4e92144559ddfa50f19915f2a.jpg;3
data/images/9ed5f4c3f4d44ec7a1d9ac27bf9b8f30.jpg;9ed5f4c3f4d44ec7a1d9ac27bf9b8f30.jpg;3
data/images/80410f028ff54888aaaac09ee1fda0b2.jpg;80410f028ff54888aaaac09ee1fda0b2.jpg;3
data/images/64366186f4cb49adbd8a9beac3f66e39.jpg;64366186f4cb49adbd8a9beac3f66e39.jpg;3
data/images/ba0e374b9ed64a2195cc8ca55ca15efa.jpg;ba0e374b9ed64a2195cc8ca55ca15efa.jpg;3
data/images/ef1ddc79b1ca4a48b3ad9194dd653499.jpg;ef1ddc79b1ca4a48b3ad9194dd653499.jpg;3
data/images/ac694af203f747bc92c7da4f94ed1b9c.jpg;ac694af203f747bc92c7da4f94ed1b9c.jpg;3
data/images/150fb934ee7e4f829ea5b883cac03d05.jpg;150fb934ee7e4f829ea5b883cac03d05.jpg;3
data/images/0179dfa17f4943abbea2184d18a0a277.jpg;0179dfa17f4943abbea2184d18a0a277.jpg;3
data/images/7826cbc9e134476f92e52cb0955a306e.jpg;7826cbc9e134476f92e52cb0955a306e.jpg;3
data/images/504ad04e90464096ad71c48c1b683af7.jpg;504ad04e90464096ad71c48c1b683af7.jpg;3
data/images/9fb1ebc58ed0496bb6eef846e74241f3.jpg;9fb1ebc58ed0496bb6eef846e74241f3.jpg;3
data/images/10064c4e0dda4dfa98a06a3fdd0eb7c7.jpg;10064c4e0dda4dfa98a06a3fdd0eb7c7.jpg;3
data/images/ad8bff4611dc4c12acc4bbea466881cb.jpg;ad8bff4611dc4c12acc4bbea466881cb.jpg;3
data/images/5bebfe6351174585b70c5f7045e16700.jpg;5bebfe6351174585b70c5f7045e16700.jpg;3
data/images/9aae558cd46947db8020cbfadf4a627d.jpg;9aae558cd46947db8020cbfadf4a627d.jpg;3
data/images/c2cecdcfc1a846dcb86c20791da5a91c.jpg;c2cecdcfc1a846dcb86c20791da5a91c.jpg;3
data/images/2d5c0282f04a4982b28d4fcae291b6b7.jpg;2d5c0282f04a4982b28d4fcae291b6b7.jpg;3
data/images/ce48dfec226c4f5c96b6be42454b5417.jpg;ce48dfec226c4f5c96b6be42454b5417.jpg;3
data/images/12b93437c61d4127b9dfa8d12ff2aabd.jpg;12b93437c61d4127b9dfa8d12ff2aabd.jpg;3
data/images/d3d7c468ae684a268bae434fd2e5b3fc.jpg;d3d7c468ae684a268bae434fd2e5b3fc.jpg;3
data/images/9f50c5fd3e2a4e07b70ad45d951b5c43.jpg;9f50c5fd3e2a4e07b70ad45d951b5c43.jpg;3
data/images/c71eca9eaf204545a7f57d17e5009e9d.jpg;c71eca9eaf204545a7f57d17e5009e9d.jpg;3
data/images/9900cbc09ac4452db606ac8e6235bd3c.jpg;9900cbc09ac4452db606ac8e6235bd3c.jpg;3
data/images/c8e83bf756c14fd9a422b5626735b004.jpg;c8e83bf756c14fd9a422b5626735b004.jpg;3
data/images/fe19919a42504b40ae96ccadc103687a.jpg;fe19919a42504b40ae96ccadc103687a.jpg;3
data/images/751e75b3dba545389afa1d23efe301b2.jpg;751e75b3dba545389afa1d23efe301b2.jpg;3
data/images/2bfc395d10094cc1b832380816b5702e.jpg;2bfc395d10094cc1b832380816b5702e.jpg;3
data/images/0cf1528ea93b4088845c5a6b71cc1f48.jpg;0cf1528ea93b4088845c5a6b71cc1f48.jpg;3
data/images/e390fddc3f03444eacbb6ab7add79250.jpg;e390fddc3f03444eacbb6ab7add79250.jpg;3
data/images/adc641ae9f6246a5aa3aea284c5698f7.jpg;adc641ae9f6246a5aa3aea284c5698f7.jpg;3
data/images/5a848d736d524f01909b49169adb859d.jpg;5a848d736d524f01909b49169adb859d.jpg;3
data/images/fd8e239d33ea4daa8a1b42861e7dee23.jpg;fd8e239d33ea4daa8a1b42861e7dee23.jpg;3
data/images/995aabbfb7374fddae5404c30d7870e4.jpg;995aabbfb7374fddae5404c30d7870e4.jpg;3
data/images/049690db781b4e0c955cf0bfa0eb3bbf.jpg;049690db781b4e0c955cf0bfa0eb3bbf.jpg;3
data/images/0349e1e221634578ad1fe0e1765c4ee2.jpg;0349e1e221634578ad1fe0e1765c4ee2.jpg;3
data/images/9194eb929bbc4c9894774df7a82e6e71.jpg;9194eb929bbc4c9894774df7a82e6e71.jpg;3
data/images/f217ce98c1d648a7a41590c08ecbb617.jpg;f217ce98c1d648a7a41590c08ecbb617.jpg;3
data/images/1662a85ba4734f479b3a5f9e064ddc57.jpg;1662a85ba4734f479b3a5f9e064ddc57.jpg;3
data/images/93998affcdf64798ae947319c6b316c9.jpg;93998affcdf64798ae947319c6b316c9.jpg;3
data/images/42890ac6be4649609afa61f8893cddc5.jpg;42890ac6be4649609afa61f8893cddc5.jpg;3
data/images/bd66ec7a72b74d499726d947c33ddd5d.jpg;bd66ec7a72b74d499726d947c33ddd5d.jpg;3
data/images/9f291ec67f034139a00c644d651b91dd.jpg;9f291ec67f034139a00c644d651b91dd.jpg;3
data/images/1f3d48e522d042b4b2020402b582c447.jpg;1f3d48e522d042b4b2020402b582c447.jpg;3
data/images/540b53797332425faeefdf1d1880b05b.jpg;540b53797332425faeefdf1d1880b05b.jpg;3
data/images/072845282fe948ed8e92811694bc5ebd.jpg;072845282fe948ed8e92811694bc5ebd.jpg;3
data/images/ef3a94a2231d410aa67eeb24f7765f19.jpg;ef3a94a2231d410aa67eeb24f7765f19.jpg;3
data/images/d0875de30b2c4acbbb7551d22158b192.jpg;d0875de30b2c4acbbb7551d22158b192.jpg;3
data/images/926013151f4d492d8ee987d7060a02c4.jpg;926013151f4d492d8ee987d7060a02c4.jpg;3
data/images/38a02edeb5c24db6b72588177133d6a6.jpg;38a02edeb5c24db6b72588177133d6a6.jpg;3
data/images/1844d76817184dbeae099eb998e8859e.jpg;1844d76817184dbeae099eb998e8859e.jpg;3
data/images/8eb92338980a439bb7eda838cec18654.jpg;8eb92338980a439bb7eda838cec18654.jpg;3
data/images/389f8c997cae4b3ea0854ecfdcaf5524.jpg;389f8c997cae4b3ea0854ecfdcaf5524.jpg;3
data/images/dd0aeec4af724a4ea3724ec6c250ad7e.jpg;dd0aeec4af724a4ea3724ec6c250ad7e.jpg;3
data/images/18ffd9ee768b4e29ab856c32f5da199c.jpg;18ffd9ee768b4e29ab856c32f5da199c.jpg;3
data/images/5a889c14503b4b088379fa7c45576eb7.jpg;5a889c14503b4b088379fa7c45576eb7.jpg;3
data/images/11d46bd783fa4155aa64ff97fdcd2312.jpg;11d46bd783fa4155aa64ff97fdcd2312.jpg;3
data/images/6940d203a4884147b93ae11dcbc76e6f.jpg;6940d203a4884147b93ae11dcbc76e6f.jpg;3
data/images/5cba20b4aaf643e6a2f1082bcfa19b63.jpg;5cba20b4aaf643e6a2f1082bcfa19b63.jpg;3
data/images/ee4e89f67e68441ca7dd38f8f55af61c.jpg;ee4e89f67e68441ca7dd38f8f55af61c.jpg;3
data/images/11632253d3484fe3b4615650816e1a87.jpg;11632253d3484fe3b4615650816e1a87.jpg;3
data/images/54549e5f87054ad185b9beac99356d3c.jpg;54549e5f87054ad185b9beac99356d3c.jpg;3
data/images/58136ae40f7b422d9b576d0a14e99ec7.jpg;58136ae40f7b422d9b576d0a14e99ec7.jpg;3
data/images/6699c0664de6449cb93fc085dd82202b.jpg;6699c0664de6449cb93fc085dd82202b.jpg;3
data/images/535dc978f1444d51ace9dd5cdde1efc4.jpg;535dc978f1444d51ace9dd5cdde1efc4.jpg;3
data/images/4a2f0f92188341acaca07d39051e2b6b.jpg;4a2f0f92188341acaca07d39051e2b6b.jpg;3
data/images/f2a12c851a9641e2b1f392cfb12acc8a.jpg;f2a12c851a9641e2b1f392cfb12acc8a.jpg;3
data/images/36b410f0b7454bf5b8fd9308db1d38df.jpg;36b410f0b7454bf5b8fd9308db1d38df.jpg;3
data/images/872d9fd77f0041e1a5b9485efcbf66b6.jpg;872d9fd77f0041e1a5b9485efcbf66b6.jpg;3
data/images/097c7d9128fe451485a1a70421440f53.jpg;097c7d9128fe451485a1a70421440f53.jpg;3
data/images/8e2b771fe60d4fabb88395f93a614982.jpg;8e2b771fe60d4fabb88395f93a614982.jpg;3
data/images/15d49b2688244e87bec42f4b4be175dd.jpg;15d49b2688244e87bec42f4b4be175dd.jpg;3
data/images/babcc9a079d24968bf647d156a5fcef7.jpg;babcc9a079d24968bf647d156a5fcef7.jpg;3
data/images/150fda527e5f4611898b640cb7ae721f.jpg;150fda527e5f4611898b640cb7ae721f.jpg;3
data/images/087d076579fe448aa63134c17668d194.jpg;087d076579fe448aa63134c17668d194.jpg;3
data/images/e1e58beedf6d4ae29a071b9304199b0d.jpg;e1e58beedf6d4ae29a071b9304199b0d.jpg;3
data/images/ca0c3f80e5e1480c9865aab8cb7916be.jpg;ca0c3f80e5e1480c9865aab8cb7916be.jpg;3
data/images/eba660a94d2f468b9d8edc8cfab9f5bd.jpg;eba660a94d2f468b9d8edc8cfab9f5bd.jpg;3
data/images/bc29fd59d9264d1290b0c955b13ae26e.jpg;bc29fd59d9264d1290b0c955b13ae26e.jpg;3
data/images/ff3858bf4410435997c3d43edb36b3d7.jpg;ff3858bf4410435997c3d43edb36b3d7.jpg;3
data/images/ef33798bec1a457e8ce007fd39d6085c.jpg;ef33798bec1a457e8ce007fd39d6085c.jpg;3
data/images/13d5880116fe466391a0ead2c0da238d.jpg;13d5880116fe466391a0ead2c0da238d.jpg;3
data/images/0f760a3a19894f3f989ff632287117dd.jpg;0f760a3a19894f3f989ff632287117dd.jpg;3
data/images/a7688a0f0bb14850833014b4886334fd.jpg;a7688a0f0bb14850833014b4886334fd.jpg;3
data/images/ee3e691683f24fbea6685026ccb7c33c.jpg;ee3e691683f24fbea6685026ccb7c33c.jpg;3
data/images/2f2c8f4aea1f431589cdc7e0575744f8.jpg;2f2c8f4aea1f431589cdc7e0575744f8.jpg;3
data/images/39fc25bce212433b94924569c7666b42.jpg;39fc25bce212433b94924569c7666b42.jpg;3
data/images/4dfd43924566481db8b3ae108c835279.jpg;4dfd43924566481db8b3ae108c835279.jpg;3
data/images/56e2cc279c4944f2a89bdf693cdc53dc.jpg;56e2cc279c4944f2a89bdf693cdc53dc.jpg;3
data/images/cb6f8d5b02b44bd1b6617a6303ce938e.jpg;cb6f8d5b02b44bd1b6617a6303ce938e.jpg;3
data/images/700a9ca53289483f85d9ec9f7d94b8f4.jpg;700a9ca53289483f85d9ec9f7d94b8f4.jpg;3
data/images/93070540b6fe4aeca73f5a488eee64d3.jpg;93070540b6fe4aeca73f5a488eee64d3.jpg;3
data/images/d89644e9b0624e4f9fa71ffc71372f82.jpg;d89644e9b0624e4f9fa71ffc71372f82.jpg;3
data/images/b6dacdd492c4474c82cd09e15b797dae.jpg;b6dacdd492c4474c82cd09e15b797dae.jpg;3
data/images/07f4f38ffce34d5a8b3933d3bf70a9c6.jpg;07f4f38ffce34d5a8b3933d3bf70a9c6.jpg;3
data/images/0ec8eeb89907447a95cf2f4366f5f659.jpg;0ec8eeb89907447a95cf2f4366f5f659.jpg;3
data/images/725201688ff64796b564ebf162d30fae.jpg;725201688ff64796b564ebf162d30fae.jpg;3
data/images/3e15be3cc4a649e1a682a471569abf33.jpg;3e15be3cc4a649e1a682a471569abf33.jpg;3
data/images/d4128e5a1f9045e0a3fb3853309e84a1.jpg;d4128e5a1f9045e0a3fb3853309e84a1.jpg;3
data/images/1504d43965ef49fda8c34a1a2970f3a3.jpg;1504d43965ef49fda8c34a1a2970f3a3.jpg;3
data/images/8db2af2ddcb24bf383048254d510d7b0.jpg;8db2af2ddcb24bf383048254d510d7b0.jpg;3
data/images/0bad0ad7639042d789a0ce582125d634.jpg;0bad0ad7639042d789a0ce582125d634.jpg;3
data/images/24604bee705145618dbc15bdbf352940.jpg;24604bee705145618dbc15bdbf352940.jpg;3
data/images/1f1ca115f1614b3e8dba2033965ec2eb.jpg;1f1ca115f1614b3e8dba2033965ec2eb.jpg;3
data/images/84f2e3799eec4a70bbb774caa9b5689a.jpg;84f2e3799eec4a70bbb774caa9b5689a.jpg;3
data/images/0605d0e741ba41d19ce635f46771c6f1.jpg;0605d0e741ba41d19ce635f46771c6f1.jpg;3
data/images/6786ebe648334430b5535691baba9d22.jpg;6786ebe648334430b5535691baba9d22.jpg;3
data/images/5165ef5d9b4c441e8b4a9fd1616f3bbb.jpg;5165ef5d9b4c441e8b4a9fd1616f3bbb.jpg;3
data/images/922b644059724f2ca32a5da56533c7cb.jpg;922b644059724f2ca32a5da56533c7cb.jpg;3
data/images/0f67808a9d3c44a9966cab739275a532.jpg;0f67808a9d3c44a9966cab739275a532.jpg;3
data/images/379e41840c1745a38da28516c9c5277d.jpg;379e41840c1745a38da28516c9c5277d.jpg;3
data/images/7804fc01574a4a4daa546d253d2eddb3.jpg;7804fc01574a4a4daa546d253d2eddb3.jpg;3
data/images/dc47a9fd006a4de8aeff0b7fd77634d4.jpg;dc47a9fd006a4de8aeff0b7fd77634d4.jpg;3
data/images/65e3057ff28e4fcd84547cb1c6eed154.jpg;65e3057ff28e4fcd84547cb1c6eed154.jpg;3
data/images/5acb0f20d1c8497182ffd332dfe458dc.jpg;5acb0f20d1c8497182ffd332dfe458dc.jpg;3
data/images/1d87cd39fd7c4ae986a43bb0927c1112.jpg;1d87cd39fd7c4ae986a43bb0927c1112.jpg;3
data/images/649622de06a34fc884b1d6c03a21f79b.jpg;649622de06a34fc884b1d6c03a21f79b.jpg;3
data/images/ebd862e405a44c4da38f2e7a54d99f4e.jpg;ebd862e405a44c4da38f2e7a54d99f4e.jpg;3
data/images/07b71e2aa3ac40beb0c8b6b1ae8dae71.jpg;07b71e2aa3ac40beb0c8b6b1ae8dae71.jpg;3
data/images/7d322eecb2754db2a36a0e6fae638e67.jpg;7d322eecb2754db2a36a0e6fae638e67.jpg;3
data/images/50051077b4b84329b1dffc0189d80b4c.jpg;50051077b4b84329b1dffc0189d80b4c.jpg;3
data/images/9f6b5ff3d2e049c8bd1647be683c1628.jpg;9f6b5ff3d2e049c8bd1647be683c1628.jpg;3
data/images/522dfd53ca974ec498a8ef938eab3c5f.jpg;522dfd53ca974ec498a8ef938eab3c5f.jpg;3
data/images/843b78f153114f14bc88161384a69704.jpg;843b78f153114f14bc88161384a69704.jpg;3
data/images/d04ae81629644ed4b4ff95923113e19e.jpg;d04ae81629644ed4b4ff95923113e19e.jpg;3
data/images/0489ae223d6e42f6afb3ea6947eac537.jpg;0489ae223d6e42f6afb3ea6947eac537.jpg;3
data/images/da1361ca577749529e55d3d0244e0f1b.jpg;da1361ca577749529e55d3d0244e0f1b.jpg;3
data/images/97b29c44bc6b44858057ebd282d26d98.jpg;97b29c44bc6b44858057ebd282d26d98.jpg;3
data/images/0f3d7544137b4cddb2d46276c3fe8c97.jpg;0f3d7544137b4cddb2d46276c3fe8c97.jpg;3
data/images/36876e19e7784e24a2b08163602f03cc.jpg;36876e19e7784e24a2b08163602f03cc.jpg;3
data/images/288ffe31295d452a988578746875c64f.jpg;288ffe31295d452a988578746875c64f.jpg;3
data/images/629cf8de5d2e4930ab9a74c6e3813e9e.jpg;629cf8de5d2e4930ab9a74c6e3813e9e.jpg;3
data/images/49c3cc066a494c5997dce8dffec739a3.jpg;49c3cc066a494c5997dce8dffec739a3.jpg;3
data/images/f74e449141a9416dadd6b0ce4b604985.jpg;f74e449141a9416dadd6b0ce4b604985.jpg;3
data/images/6b0648824de44da4a56580865535b494.jpg;6b0648824de44da4a56580865535b494.jpg;3
data/images/a1ccb73db43346e6ae708634608ede80.jpg;a1ccb73db43346e6ae708634608ede80.jpg;3
data/images/99dd992424f64203af2ff8bc5d2943da.jpg;99dd992424f64203af2ff8bc5d2943da.jpg;3
data/images/97ac8d05077847f0aad704eb25926a54.jpg;97ac8d05077847f0aad704eb25926a54.jpg;3
data/images/397a6bffa3ac482aa1641a8dd0f0f38a.jpg;397a6bffa3ac482aa1641a8dd0f0f38a.jpg;3
data/images/2f765b999f4f4f028233d1ab71a60e06.jpg;2f765b999f4f4f028233d1ab71a60e06.jpg;3
data/images/082d8c1b72c246e1828afac7483b2a74.jpg;082d8c1b72c246e1828afac7483b2a74.jpg;3
data/images/52b03c7a76c340cfb4cb40d2685673f1.jpg;52b03c7a76c340cfb4cb40d2685673f1.jpg;3
data/images/6de605eedc514326913c1844ee2bb110.jpg;6de605eedc514326913c1844ee2bb110.jpg;3
data/images/eb283ddd2e2140c2a5e0f9c8893c2a27.jpg;eb283ddd2e2140c2a5e0f9c8893c2a27.jpg;3
data/images/b6cae4f8434c4db797e1682310930b70.jpg;b6cae4f8434c4db797e1682310930b70.jpg;3
data/images/b97539e64d7f4206969705224ff7750e.jpg;b97539e64d7f4206969705224ff7750e.jpg;3
data/images/dfe775d1ed244e5fac5371f2e919e5de.jpg;dfe775d1ed244e5fac5371f2e919e5de.jpg;3
data/images/bfbf6a29dd7e484b98f569929ffc169e.jpg;bfbf6a29dd7e484b98f569929ffc169e.jpg;3
data/images/4183ba5f6abd47568d76811e41d037b9.jpg;4183ba5f6abd47568d76811e41d037b9.jpg;3
data/images/972981e9e3e54af4a29566f11552b796.jpg;972981e9e3e54af4a29566f11552b796.jpg;3
data/images/b9b3eca25f54404caf55c1181555628d.jpg;b9b3eca25f54404caf55c1181555628d.jpg;3
data/images/45920a1fb1374c72a473ba165913af12.jpg;45920a1fb1374c72a473ba165913af12.jpg;3
data/images/46426e8554ed4d408efcbe25998d26c2.jpg;46426e8554ed4d408efcbe25998d26c2.jpg;3
data/images/58b9643aba2041ebbf326d9580de93a3.jpg;58b9643aba2041ebbf326d9580de93a3.jpg;3
data/images/2df86cef7db144728d9d4fa0776a8f16.jpg;2df86cef7db144728d9d4fa0776a8f16.jpg;3
data/images/451d03ed859946d5a2bfded54cbd2f02.jpg;451d03ed859946d5a2bfded54cbd2f02.jpg;3
data/images/2032c5be38cb4997b527592c8905eef4.jpg;2032c5be38cb4997b527592c8905eef4.jpg;3
data/images/3016e6a731b24982b964748c26129a0a.jpg;3016e6a731b24982b964748c26129a0a.jpg;3
data/images/20fb76000337459588aaecdc3a5a6c92.jpg;20fb76000337459588aaecdc3a5a6c92.jpg;3
data/images/cbc76406937b465c863ed0c86988a7e7.jpg;cbc76406937b465c863ed0c86988a7e7.jpg;3
data/images/9a47c15f247648d0a044d366174e68d7.jpg;9a47c15f247648d0a044d366174e68d7.jpg;3
data/images/21a0d370821249dea044a80be31df61e.jpg;21a0d370821249dea044a80be31df61e.jpg;3
data/images/237d429612fb4e2ea38f0002334ddaea.jpg;237d429612fb4e2ea38f0002334ddaea.jpg;3
data/images/95f4de5d39064ed0a0ae7ee8f2c79131.jpg;95f4de5d39064ed0a0ae7ee8f2c79131.jpg;3
data/images/37e61c6cd8b144b3b8174ae43a497218.jpg;37e61c6cd8b144b3b8174ae43a497218.jpg;3
data/images/ae9da07272a14ef0a4b84d8561aacc1c.jpg;ae9da07272a14ef0a4b84d8561aacc1c.jpg;3
data/images/1d31aaf7792f4194973638040c9ac321.jpg;1d31aaf7792f4194973638040c9ac321.jpg;3
data/images/67cbeb472d9944e09984ca81a148dae5.jpg;67cbeb472d9944e09984ca81a148dae5.jpg;3
data/images/626d90bc61e6486e8ff213655f79d5f0.jpg;626d90bc61e6486e8ff213655f79d5f0.jpg;3
data/images/dc04647adcb64f359e13c8edcdaec113.jpg;dc04647adcb64f359e13c8edcdaec113.jpg;3
data/images/8b06bf05447c4df4add3bd2587a8e112.jpg;8b06bf05447c4df4add3bd2587a8e112.jpg;3
data/images/396545e1301848bcbd2dd39766f7e0bc.jpg;396545e1301848bcbd2dd39766f7e0bc.jpg;3
data/images/b4bc873f96634adb96a08e27ccb59163.jpg;b4bc873f96634adb96a08e27ccb59163.jpg;3
data/images/bef7182c9f4c4af6ac9bf5478c9bdda4.jpg;bef7182c9f4c4af6ac9bf5478c9bdda4.jpg;3
data/images/ab296a78f9d64f189c061222dfd3b1e8.jpg;ab296a78f9d64f189c061222dfd3b1e8.jpg;3
data/images/1d69947365a54cc59a26b647775056ca.jpg;1d69947365a54cc59a26b647775056ca.jpg;3
data/images/19bdf4ef53634627981afe65d8c6e9e8.jpg;19bdf4ef53634627981afe65d8c6e9e8.jpg;3
data/images/543b8d78c9aa47e4b10c04d8e69bd669.jpg;543b8d78c9aa47e4b10c04d8e69bd669.jpg;3
data/images/6600b884b3ea438ca2127a9980192fe8.jpg;6600b884b3ea438ca2127a9980192fe8.jpg;3
data/images/393ade1df7364762a3400eb8299ce932.jpg;393ade1df7364762a3400eb8299ce932.jpg;3
data/images/94d7b251d2314017bfe62e7dde353486.jpg;94d7b251d2314017bfe62e7dde353486.jpg;3
data/images/a64038cdabda4f38b1b134f791854650.jpg;a64038cdabda4f38b1b134f791854650.jpg;3
data/images/fb4ec86c4dab4d7aa082ea387a907e93.jpg;fb4ec86c4dab4d7aa082ea387a907e93.jpg;3
data/images/58861edbf89049d0aad0449191490020.jpg;58861edbf89049d0aad0449191490020.jpg;3
data/images/5899c2b5d936450d9ef5caaf6c028f50.jpg;5899c2b5d936450d9ef5caaf6c028f50.jpg;3
data/images/2d7dc3ebc40847d6942767ad22df98ee.jpg;2d7dc3ebc40847d6942767ad22df98ee.jpg;3
data/images/12ee2d940dd14e7da59fe18573e8ddfd.jpg;12ee2d940dd14e7da59fe18573e8ddfd.jpg;3
data/images/7f28556dbdba4ebcbaed28fb7bdfadbb.jpg;7f28556dbdba4ebcbaed28fb7bdfadbb.jpg;3
data/images/bc03bd44322142d88336983c93e6b8c2.jpg;bc03bd44322142d88336983c93e6b8c2.jpg;3
data/images/abe215a032a04840985f97b532bb699c.jpg;abe215a032a04840985f97b532bb699c.jpg;3
data/images/c123d6f3cdde47f5b61b1d0ba7808bce.jpg;c123d6f3cdde47f5b61b1d0ba7808bce.jpg;3
data/images/25e9e63d32084365985f5f1eb53496c0.jpg;25e9e63d32084365985f5f1eb53496c0.jpg;3
data/images/1d706bf6b8bf4594adc4f166917fe059.jpg;1d706bf6b8bf4594adc4f166917fe059.jpg;3
data/images/035200200a724dd591f029ceb803d7f6.jpg;035200200a724dd591f029ceb803d7f6.jpg;3
data/images/1229b9d02487403bbd07fd780d668f14.jpg;1229b9d02487403bbd07fd780d668f14.jpg;3
data/images/c71df4699ec44e83bb9c0f1024b66ac5.jpg;c71df4699ec44e83bb9c0f1024b66ac5.jpg;3
data/images/2e7e107bf47a408fbbfc69554e8b740c.jpg;2e7e107bf47a408fbbfc69554e8b740c.jpg;3
data/images/c9c4b29badcb42869c5896ea96871e4c.jpg;c9c4b29badcb42869c5896ea96871e4c.jpg;3
data/images/29a65565e28a4c42a177c44eff70f852.jpg;29a65565e28a4c42a177c44eff70f852.jpg;3
data/images/58a0eb6941eb4969914c19bbd52750b4.jpg;58a0eb6941eb4969914c19bbd52750b4.jpg;3
data/images/3c17447c82bc4cda863787bf7fd11bdb.jpg;3c17447c82bc4cda863787bf7fd11bdb.jpg;3
data/images/c1ba22f628eb42df99aac57b50c9a29f.jpg;c1ba22f628eb42df99aac57b50c9a29f.jpg;3
data/images/91c7f0f2fc9440f9aa3d219874714c53.jpg;91c7f0f2fc9440f9aa3d219874714c53.jpg;3
data/images/695fa3d224bc4271a00082794fcda2e1.jpg;695fa3d224bc4271a00082794fcda2e1.jpg;3
data/images/9f56457cacf5488ab20265458f33d818.jpg;9f56457cacf5488ab20265458f33d818.jpg;3
data/images/0704737ed6ea4af8b19e86e30e66759b.jpg;0704737ed6ea4af8b19e86e30e66759b.jpg;3
data/images/0a021a4d22ed4103b1c87374f989516f.jpg;0a021a4d22ed4103b1c87374f989516f.jpg;3
data/images/8fe0b15eb63447e59372d93b820fae4c.jpg;8fe0b15eb63447e59372d93b820fae4c.jpg;3
data/images/939f9f324b3f492083794d18a1b1032f.jpg;939f9f324b3f492083794d18a1b1032f.jpg;3
data/images/be76bcbe3046458292d1c2415f8a805d.jpg;be76bcbe3046458292d1c2415f8a805d.jpg;3
data/images/59bf06c74cfd4cd2826ccb5244e131f4.jpg;59bf06c74cfd4cd2826ccb5244e131f4.jpg;3
data/images/a525a78845d24cb9883a2f7862b2fd25.jpg;a525a78845d24cb9883a2f7862b2fd25.jpg;3
data/images/bf0b91e6565142c28fbe4190762775f6.jpg;bf0b91e6565142c28fbe4190762775f6.jpg;3
data/images/f7a25a2afac04653aab9a7220032ba0d.jpg;f7a25a2afac04653aab9a7220032ba0d.jpg;3
data/images/4a718677a21f4128850e472ec16ef817.jpg;4a718677a21f4128850e472ec16ef817.jpg;3
data/images/a335aff4a3b8426582e9160bccadf784.jpg;a335aff4a3b8426582e9160bccadf784.jpg;3
data/images/fc718cf942854cd8a9610e53db675162.jpg;fc718cf942854cd8a9610e53db675162.jpg;3
data/images/ad49b4ae19e04a19a2b3bc9ec5cd0ade.jpg;ad49b4ae19e04a19a2b3bc9ec5cd0ade.jpg;3
data/images/2e2acf49b24d46329c88743aa409e4c4.jpg;2e2acf49b24d46329c88743aa409e4c4.jpg;3
data/images/15afa28faffc47dd870c58a70d2cc4db.jpg;15afa28faffc47dd870c58a70d2cc4db.jpg;3
data/images/d01c068f41434461b46a9c1f5213812a.jpg;d01c068f41434461b46a9c1f5213812a.jpg;3
data/images/635fd36361684311ba2514acdef7ca85.jpg;635fd36361684311ba2514acdef7ca85.jpg;3
data/images/3b2549d3a8ed49c6840b96159c4ea8f1.jpg;3b2549d3a8ed49c6840b96159c4ea8f1.jpg;3
data/images/e15eea0769644571bb66a4a011bb7c61.jpg;e15eea0769644571bb66a4a011bb7c61.jpg;3
data/images/eebdbb4ec35e4f13910e76568088698a.jpg;eebdbb4ec35e4f13910e76568088698a.jpg;3
data/images/89e51540b55b407e9f82837590ff2151.jpg;89e51540b55b407e9f82837590ff2151.jpg;3
data/images/f41c24b89d7d4060a5640869939e0009.jpg;f41c24b89d7d4060a5640869939e0009.jpg;3
data/images/7eb7d31abaab44a083de8dcbb0f180e2.jpg;7eb7d31abaab44a083de8dcbb0f180e2.jpg;3
data/images/e32eb7804e5a4ac9b6d0f52d0971208b.jpg;e32eb7804e5a4ac9b6d0f52d0971208b.jpg;3
data/images/0cf7e0f310c242d4b07d8f22bb7e9baa.jpg;0cf7e0f310c242d4b07d8f22bb7e9baa.jpg;3
data/images/37e8e3e3e590499c8fac4b8cfc5ab9dd.jpg;37e8e3e3e590499c8fac4b8cfc5ab9dd.jpg;3
data/images/1c36ca7af5fb44339bcddb2f3e70b7ea.jpg;1c36ca7af5fb44339bcddb2f3e70b7ea.jpg;3
data/images/fceef2d1a79e43efa7796438cc82993c.jpg;fceef2d1a79e43efa7796438cc82993c.jpg;3
data/images/50dc00edc234406fa3116b9e5ed8a835.jpg;50dc00edc234406fa3116b9e5ed8a835.jpg;3
data/images/da4b12cd68a04f359df02af4647b80f8.jpg;da4b12cd68a04f359df02af4647b80f8.jpg;3
data/images/2b8dfe27d48c4852a56fd5fd73e7cfad.jpg;2b8dfe27d48c4852a56fd5fd73e7cfad.jpg;3
data/images/b0b09907f49d4545a73c09af194a3c07.jpg;b0b09907f49d4545a73c09af194a3c07.jpg;3
data/images/6eab22869682439e9f640b36c7441cd1.jpg;6eab22869682439e9f640b36c7441cd1.jpg;3
data/images/615f6c442ee84b46ade2f525f4457d28.jpg;615f6c442ee84b46ade2f525f4457d28.jpg;3
data/images/7808e80f9fa6459e8d3ef8fe3201f445.jpg;7808e80f9fa6459e8d3ef8fe3201f445.jpg;3
data/images/83948c2d523c46af8a89acc203a7e386.jpg;83948c2d523c46af8a89acc203a7e386.jpg;3
data/images/73bcadb7201e427fbe96fc11abcd3b42.jpg;73bcadb7201e427fbe96fc11abcd3b42.jpg;3
data/images/cc6d6f6bb7274eb68b8ac938e41cdfd0.jpg;cc6d6f6bb7274eb68b8ac938e41cdfd0.jpg;3
data/images/914142872fdf41ee96082d707d98195c.jpg;914142872fdf41ee96082d707d98195c.jpg;3
data/images/3735064e129946538069aa306adb422a.jpg;3735064e129946538069aa306adb422a.jpg;3
data/images/558e1438558d459dbb0023c095755eea.jpg;558e1438558d459dbb0023c095755eea.jpg;3
data/images/69e8ad909f424f588e09003380a13e00.jpg;69e8ad909f424f588e09003380a13e00.jpg;3
data/images/bf47a80717634110a618ab3a05021f76.jpg;bf47a80717634110a618ab3a05021f76.jpg;3
data/images/709591466d42495fb7d6e4bd1d684fc6.jpg;709591466d42495fb7d6e4bd1d684fc6.jpg;3
data/images/096082c508e64f9e9e580912835c9df2.jpg;096082c508e64f9e9e580912835c9df2.jpg;3
data/images/d93dcb932ce941b9a173948b228097cf.jpg;d93dcb932ce941b9a173948b228097cf.jpg;3
data/images/45c0708c96994c8ebffaa0df0837e66a.jpg;45c0708c96994c8ebffaa0df0837e66a.jpg;3
data/images/ae9d4a1415de4e2389c3c97ff0384766.jpg;ae9d4a1415de4e2389c3c97ff0384766.jpg;3
data/images/08e9f7c930cc413487e64bfbde3339a4.jpg;08e9f7c930cc413487e64bfbde3339a4.jpg;3
data/images/b21738bd4cce4896985891a4a5048ac6.jpg;b21738bd4cce4896985891a4a5048ac6.jpg;3
data/images/0017618f77bc4dcfb36823422bd3d04c.jpg;0017618f77bc4dcfb36823422bd3d04c.jpg;3
data/images/e9adc6180ce14f6e9cffa23624ff52a3.jpg;e9adc6180ce14f6e9cffa23624ff52a3.jpg;3
data/images/b49adf0a24a04e29989effd1fb727be8.jpg;b49adf0a24a04e29989effd1fb727be8.jpg;3
data/images/8ad551a8f89f4aa8b3f47fe21376db4d.jpg;8ad551a8f89f4aa8b3f47fe21376db4d.jpg;3
data/images/458b6eef8e734b1c9d140022c59d781b.jpg;458b6eef8e734b1c9d140022c59d781b.jpg;3
data/images/89098b066926487ca57dfa895850389c.jpg;89098b066926487ca57dfa895850389c.jpg;3
data/images/ec85e842dba043c7bac46fd017de0b74.jpg;ec85e842dba043c7bac46fd017de0b74.jpg;3
data/images/44b16bb8cac14575b3884b0cfa4aea3f.jpg;44b16bb8cac14575b3884b0cfa4aea3f.jpg;3
data/images/93a90a85f6c649fb87ecc260ba004920.jpg;93a90a85f6c649fb87ecc260ba004920.jpg;3
data/images/82ab695aa64b448c87cb75e77c4491e3.jpg;82ab695aa64b448c87cb75e77c4491e3.jpg;3
data/images/ba637ad3998243d8ae1c511e83255085.jpg;ba637ad3998243d8ae1c511e83255085.jpg;3
data/images/2a3a2b0423fc4d598d8e30ad5c1fc48c.jpg;2a3a2b0423fc4d598d8e30ad5c1fc48c.jpg;3
data/images/ac939e60107e485b979eaeb44b6d3520.jpg;ac939e60107e485b979eaeb44b6d3520.jpg;3
data/images/4d33a583bea2426b9f02e8f2ddfaf00e.jpg;4d33a583bea2426b9f02e8f2ddfaf00e.jpg;3
data/images/a5d3ba800e764397a81c4a4fbe796237.jpg;a5d3ba800e764397a81c4a4fbe796237.jpg;3
data/images/fcd6adf4637d41b584a1ffa00fee9f6a.jpg;fcd6adf4637d41b584a1ffa00fee9f6a.jpg;3
data/images/9b1142d30156460caf8f481cab00baf1.jpg;9b1142d30156460caf8f481cab00baf1.jpg;3
data/images/3ba833dff51e494b8ee4c8bde503a6bf.jpg;3ba833dff51e494b8ee4c8bde503a6bf.jpg;3
data/images/a4dbe5cc3e3346a5a1d29d65042253c3.jpg;a4dbe5cc3e3346a5a1d29d65042253c3.jpg;3
data/images/e74f7b1bc0954bdab11eab869e6bee05.jpg;e74f7b1bc0954bdab11eab869e6bee05.jpg;3
data/images/13de58fc87694059810dac1cc59cbc27.jpg;13de58fc87694059810dac1cc59cbc27.jpg;3
data/images/933a771b6eca4fb7a5c4ad059f2daea1.jpg;933a771b6eca4fb7a5c4ad059f2daea1.jpg;3
data/images/a52d49cc598b462eb381b68bb86c08ff.jpg;a52d49cc598b462eb381b68bb86c08ff.jpg;3
data/images/9f56d61d7d5540e8afc6443c607ef944.jpg;9f56d61d7d5540e8afc6443c607ef944.jpg;3
data/images/7657fcde99d244c9bcf0648061ec99ee.jpg;7657fcde99d244c9bcf0648061ec99ee.jpg;3
data/images/604b879692c643fa941c23dd6c894acd.jpg;604b879692c643fa941c23dd6c894acd.jpg;3
data/images/51bd2c9c94984ca09409d4a4264e6ed6.jpg;51bd2c9c94984ca09409d4a4264e6ed6.jpg;3
data/images/878950e28743403d837aa03849ab0707.jpg;878950e28743403d837aa03849ab0707.jpg;3
data/images/a8b920b22671419bb072e7607378f1f9.jpg;a8b920b22671419bb072e7607378f1f9.jpg;3
data/images/b189ed0941394a139ad9a14a292b4fa4.jpg;b189ed0941394a139ad9a14a292b4fa4.jpg;3
data/images/93d1ceb335a74492a32adce091913cd5.jpg;93d1ceb335a74492a32adce091913cd5.jpg;3
data/images/cfcafdd8b15149cd9befea414b9f709f.jpg;cfcafdd8b15149cd9befea414b9f709f.jpg;3
data/images/82e3e79c8ec84390bde5ff7c237eca0e.jpg;82e3e79c8ec84390bde5ff7c237eca0e.jpg;3
data/images/d139d35fc24e4a47a37df14203daf357.jpg;d139d35fc24e4a47a37df14203daf357.jpg;3
data/images/13d0622f9391421fb732a225f28e7fc4.jpg;13d0622f9391421fb732a225f28e7fc4.jpg;3
data/images/8c065440ee8f4bd295b6ac4cd8cabd32.jpg;8c065440ee8f4bd295b6ac4cd8cabd32.jpg;3
data/images/b4b4046231364790902d32ef1f1c27bd.jpg;b4b4046231364790902d32ef1f1c27bd.jpg;3
data/images/b1f86d5f033945dbb4da852fd3db41fe.jpg;b1f86d5f033945dbb4da852fd3db41fe.jpg;3
data/images/5a818adfd0154d68bda623253cc8317d.jpg;5a818adfd0154d68bda623253cc8317d.jpg;3
data/images/c239ccce6029427e9be7effba2b6f602.jpg;c239ccce6029427e9be7effba2b6f602.jpg;3
data/images/590c6c6e038e4ef0b819e13f8e81cf71.jpg;590c6c6e038e4ef0b819e13f8e81cf71.jpg;3
data/images/97f0f675eb3946bfbeb2ea47288ea8c3.jpg;97f0f675eb3946bfbeb2ea47288ea8c3.jpg;3
data/images/c1a481f219fb4cc49b15ce3a4bbaf24b.jpg;c1a481f219fb4cc49b15ce3a4bbaf24b.jpg;3
data/images/5d0c208d5b624d7594e9b57ce8a4f08b.jpg;5d0c208d5b624d7594e9b57ce8a4f08b.jpg;3
data/images/748412ceca2543a09b58c2d0d877a974.jpg;748412ceca2543a09b58c2d0d877a974.jpg;3
data/images/1808fe1cadf74fcc85a4aa7834b136b6.jpg;1808fe1cadf74fcc85a4aa7834b136b6.jpg;3
data/images/456e657a4f7848ec84d9ff7402421924.jpg;456e657a4f7848ec84d9ff7402421924.jpg;3
data/images/0d79a2a15fb34fd39d99ec7a9a4da807.jpg;0d79a2a15fb34fd39d99ec7a9a4da807.jpg;3
data/images/3804cc78db9f49858bdece4808353734.jpg;3804cc78db9f49858bdece4808353734.jpg;3
data/images/ac96e59273a84900b4afdb61561a23c3.jpg;ac96e59273a84900b4afdb61561a23c3.jpg;3
data/images/e92606eaffe34240b122cf0dd5ff88e6.jpg;e92606eaffe34240b122cf0dd5ff88e6.jpg;3
data/images/da9e0fcdb8664837979cacfd411414a7.jpg;da9e0fcdb8664837979cacfd411414a7.jpg;3
data/images/59532b6cc728430f9045721917d03471.jpg;59532b6cc728430f9045721917d03471.jpg;3
data/images/454b7b915a7649909777e61d4e732008.jpg;454b7b915a7649909777e61d4e732008.jpg;3
data/images/01b7f82a0e8c472d9029169b77e36153.jpg;01b7f82a0e8c472d9029169b77e36153.jpg;3
data/images/1fd27100800744bb9e99677d30ccdfb3.jpg;1fd27100800744bb9e99677d30ccdfb3.jpg;3
data/images/6afe0dbdbc4c4ba9b8c6e61809d1e6ef.jpg;6afe0dbdbc4c4ba9b8c6e61809d1e6ef.jpg;3
data/images/6b21cf320e8046f3abeaacfd17032202.jpg;6b21cf320e8046f3abeaacfd17032202.jpg;3
data/images/8ae37cfd88684435be434b9b1a83b63a.jpg;8ae37cfd88684435be434b9b1a83b63a.jpg;3
data/images/7befd80c1db34e7999b641e31adfcdec.jpg;7befd80c1db34e7999b641e31adfcdec.jpg;3
data/images/4ae34040d4a14949ae2f6a8f7d4a400d.jpg;4ae34040d4a14949ae2f6a8f7d4a400d.jpg;3
data/images/72ed02f1d6564e1db688b3b942052932.jpg;72ed02f1d6564e1db688b3b942052932.jpg;3
data/images/4d3f644f6a6a43b8b7014df8bbaad609.jpg;4d3f644f6a6a43b8b7014df8bbaad609.jpg;3
data/images/ebf5b5300bd94d4a8e1fab83222ce49d.jpg;ebf5b5300bd94d4a8e1fab83222ce49d.jpg;3
data/images/1ab1c1ef67ca4aabac0033e943e05d3d.jpg;1ab1c1ef67ca4aabac0033e943e05d3d.jpg;3
data/images/71376fd8f0924cc3be058f5e81050cb5.jpg;71376fd8f0924cc3be058f5e81050cb5.jpg;3
data/images/2b3672f8bfd44120a143bcaba01630f7.jpg;2b3672f8bfd44120a143bcaba01630f7.jpg;3
data/images/128155c569de410794f561c9efaf2022.jpg;128155c569de410794f561c9efaf2022.jpg;3
data/images/f87b5f7528594ac88ac2474f07417fb2.jpg;f87b5f7528594ac88ac2474f07417fb2.jpg;3
data/images/ad703c32f78c4ecbaf5e1c827fd910b9.jpg;ad703c32f78c4ecbaf5e1c827fd910b9.jpg;3
data/images/464c7bfff7d746a292093e20be78c562.jpg;464c7bfff7d746a292093e20be78c562.jpg;3
data/images/c5346fef3c134c18a9cda1647c5f30b9.jpg;c5346fef3c134c18a9cda1647c5f30b9.jpg;3
data/images/fbc71576c9c849b68a194c3a27da375f.jpg;fbc71576c9c849b68a194c3a27da375f.jpg;3
data/images/0c8aeb1ddcae4fe68f9ae3d4ca621cc8.jpg;0c8aeb1ddcae4fe68f9ae3d4ca621cc8.jpg;3
data/images/4d5526639ce24c25b42fb81691f49b7b.jpg;4d5526639ce24c25b42fb81691f49b7b.jpg;3
data/images/aa8ec9b450a64751a5fed125a6562adc.jpg;aa8ec9b450a64751a5fed125a6562adc.jpg;3
data/images/5eb4165e35c24e42a433de3473a6b224.jpg;5eb4165e35c24e42a433de3473a6b224.jpg;3
data/images/dcf6af4fa5c0498d91b95b64947f3dea.jpg;dcf6af4fa5c0498d91b95b64947f3dea.jpg;3
data/images/d2c6e0aae9c24020bf66fdca5600c3bd.jpg;d2c6e0aae9c24020bf66fdca5600c3bd.jpg;3
data/images/db185fcee35847ea95c8403ca20589d9.jpg;db185fcee35847ea95c8403ca20589d9.jpg;3
data/images/b031d791c97546aab0cdeab38bfb10b9.jpg;b031d791c97546aab0cdeab38bfb10b9.jpg;3
data/images/54d38bae8033446cba96eabbf6d9fb3f.jpg;54d38bae8033446cba96eabbf6d9fb3f.jpg;3
data/images/0017d91a631f4eeead5d810b314fd3b2.jpg;0017d91a631f4eeead5d810b314fd3b2.jpg;3
data/images/61957a8460a94bd99d66a6868fb5dc2f.jpg;61957a8460a94bd99d66a6868fb5dc2f.jpg;3
data/images/a7794a90a21f4e078dff9cd5e60e6a19.jpg;a7794a90a21f4e078dff9cd5e60e6a19.jpg;3
data/images/d8f41575d6ed4f89bbf9512bf7a9531d.jpg;d8f41575d6ed4f89bbf9512bf7a9531d.jpg;3
data/images/4b5a3eeecb6a43ebab115a82895eb2e9.jpg;4b5a3eeecb6a43ebab115a82895eb2e9.jpg;3
data/images/ca7350cb13fe45cf93f273d606789f4a.jpg;ca7350cb13fe45cf93f273d606789f4a.jpg;3
data/images/d949adf90ff74e489e1333f7fe351a8a.jpg;d949adf90ff74e489e1333f7fe351a8a.jpg;3
data/images/59a1513047da45eeaa3af46072b486b9.jpg;59a1513047da45eeaa3af46072b486b9.jpg;3
data/images/4ae5c92825924d7e9ae1d4fcb4b647da.jpg;4ae5c92825924d7e9ae1d4fcb4b647da.jpg;3
data/images/6a9f5792bb5a4f46a250ae8df3936de1.jpg;6a9f5792bb5a4f46a250ae8df3936de1.jpg;3
data/images/3485d52d39094702a3e1c999dc4d4526.jpg;3485d52d39094702a3e1c999dc4d4526.jpg;3
data/images/2c944ea2e1d54c7283ff87c36a9793aa.jpg;2c944ea2e1d54c7283ff87c36a9793aa.jpg;3
data/images/c1254317c0264d06b19094f459d25f2b.jpg;c1254317c0264d06b19094f459d25f2b.jpg;3
data/images/b5e532968f7e4c9abd839aaf6197608c.jpg;b5e532968f7e4c9abd839aaf6197608c.jpg;3
data/images/32f4685e25214921b34b9e7de19f34de.jpg;32f4685e25214921b34b9e7de19f34de.jpg;3
data/images/51e4c0f63a4d49dfbbfcaf2ee9927755.jpg;51e4c0f63a4d49dfbbfcaf2ee9927755.jpg;3
data/images/2224128eae2a4127aad7ff6ea3141193.jpg;2224128eae2a4127aad7ff6ea3141193.jpg;3
data/images/0c96c0fa1ab14cf6a0d091467457e2a1.jpg;0c96c0fa1ab14cf6a0d091467457e2a1.jpg;3
data/images/10f990e60e1c493bb4037ee509be0fd0.jpg;10f990e60e1c493bb4037ee509be0fd0.jpg;3
data/images/d44a9a1b3c7d40aaa2091006820e7ff2.jpg;d44a9a1b3c7d40aaa2091006820e7ff2.jpg;3
data/images/af45a043ee444774a61624c8e8c95522.jpg;af45a043ee444774a61624c8e8c95522.jpg;3
data/images/36ee04ed714345078081fe724d7fbe59.jpg;36ee04ed714345078081fe724d7fbe59.jpg;3
data/images/0e7707bf640b40659c0009749ac789fa.jpg;0e7707bf640b40659c0009749ac789fa.jpg;3
data/images/81aff59fd031435eb6ac13f1e97465ba.jpg;81aff59fd031435eb6ac13f1e97465ba.jpg;3
data/images/4caceffbd4794210a2b12f5a6152f36d.jpg;4caceffbd4794210a2b12f5a6152f36d.jpg;3
data/images/a2f3b39fbbd3486aa21b9440d8509b07.jpg;a2f3b39fbbd3486aa21b9440d8509b07.jpg;3
data/images/ecf4ec3ac8f34f0ea0f2ea94069a4978.jpg;ecf4ec3ac8f34f0ea0f2ea94069a4978.jpg;3
data/images/f3188921765844b1afcd10ee9dcd71b8.jpg;f3188921765844b1afcd10ee9dcd71b8.jpg;3
data/images/73a5587133f34147b834987bf1f0c218.jpg;73a5587133f34147b834987bf1f0c218.jpg;3
data/images/609c4d1b8b89470cbea8be1f19a0d828.jpg;609c4d1b8b89470cbea8be1f19a0d828.jpg;3
data/images/fe4151cb9ff246199bf3ec6e7b1fad88.jpg;fe4151cb9ff246199bf3ec6e7b1fad88.jpg;3
data/images/75129518f60b43f3b6103bce59b6cc8c.jpg;75129518f60b43f3b6103bce59b6cc8c.jpg;3
data/images/71af9f7947f94109990252a36eccf89d.jpg;71af9f7947f94109990252a36eccf89d.jpg;3
data/images/94ca5a7c35c1431eaed30d44e7af2dfd.jpg;94ca5a7c35c1431eaed30d44e7af2dfd.jpg;3
data/images/919b30ae0f864e949e61280450bdba77.jpg;919b30ae0f864e949e61280450bdba77.jpg;3
data/images/f0aa8c53b98d42619b5c96957d197d46.jpg;f0aa8c53b98d42619b5c96957d197d46.jpg;3
data/images/ec6098b2267b43449b2535da67a3154b.jpg;ec6098b2267b43449b2535da67a3154b.jpg;3
data/images/043fde5cdf53455182755351add8ed8c.jpg;043fde5cdf53455182755351add8ed8c.jpg;3
data/images/b19f19dbe0dd4491bfe4c56f1db578d3.jpg;b19f19dbe0dd4491bfe4c56f1db578d3.jpg;3
data/images/2ca44d8bded64a109ca503e30e9e9512.jpg;2ca44d8bded64a109ca503e30e9e9512.jpg;3
data/images/9e063d4817244a178271a0fbb00f709e.jpg;9e063d4817244a178271a0fbb00f709e.jpg;3
data/images/075f6d3c830346dca328d2fa57b13aac.jpg;075f6d3c830346dca328d2fa57b13aac.jpg;3
data/images/07141c802cf04755b2383904f26bfe29.jpg;07141c802cf04755b2383904f26bfe29.jpg;3
data/images/d4e6bebc8dc54eb8bebbd0b43afb611d.jpg;d4e6bebc8dc54eb8bebbd0b43afb611d.jpg;3
data/images/432795773e6a47cb996b9edc40f83b9c.jpg;432795773e6a47cb996b9edc40f83b9c.jpg;3
data/images/008887b21db0436eb5e2d4ef974198f1.jpg;008887b21db0436eb5e2d4ef974198f1.jpg;3
data/images/e1fd81839c094c1cb02e7c6cc4459035.jpg;e1fd81839c094c1cb02e7c6cc4459035.jpg;3
data/images/83225f8a095240509b11ca0d3e6ba323.jpg;83225f8a095240509b11ca0d3e6ba323.jpg;3
data/images/51463a2e8d374489862e1e9534c3b870.jpg;51463a2e8d374489862e1e9534c3b870.jpg;3
data/images/b5ff09356d124dd5836ea93ba2fe86cf.jpg;b5ff09356d124dd5836ea93ba2fe86cf.jpg;3
data/images/b18e600c9ba84378851dd053f47dffae.jpg;b18e600c9ba84378851dd053f47dffae.jpg;3
data/images/7e44cb94966c49969afd786127f7aa73.jpg;7e44cb94966c49969afd786127f7aa73.jpg;3
data/images/e3b7e8af02924cc9949e0b066b708263.jpg;e3b7e8af02924cc9949e0b066b708263.jpg;3
data/images/a9474996b9a44324afc24d788e2ba495.jpg;a9474996b9a44324afc24d788e2ba495.jpg;3
data/images/fe99c8d9d856433aab6171c1cd0bf418.jpg;fe99c8d9d856433aab6171c1cd0bf418.jpg;3
data/images/0327e8dae6c84a4698aedfe0d16ec14e.jpg;0327e8dae6c84a4698aedfe0d16ec14e.jpg;3
data/images/e11b7463f8c84e758f79fd64d56c3bc7.jpg;e11b7463f8c84e758f79fd64d56c3bc7.jpg;3
data/images/52b234b5054840c7846fc6c00025c51d.jpg;52b234b5054840c7846fc6c00025c51d.jpg;3
data/images/ae67822008bb4a2492e6263d27647224.jpg;ae67822008bb4a2492e6263d27647224.jpg;3
data/images/80499526446c4c50ac18b5c21947c4eb.jpg;80499526446c4c50ac18b5c21947c4eb.jpg;3
data/images/4ca08c4ac89c42d2bf20876b88d95458.jpg;4ca08c4ac89c42d2bf20876b88d95458.jpg;3
data/images/db9050a0981046d0a07f6724f0cf7f6d.jpg;db9050a0981046d0a07f6724f0cf7f6d.jpg;3
data/images/bee5809182e74dc88b2c6c8ad34f4c91.jpg;bee5809182e74dc88b2c6c8ad34f4c91.jpg;3
data/images/fdb82a69f3a540e2a5ff4931061339fd.jpg;fdb82a69f3a540e2a5ff4931061339fd.jpg;3
data/images/9aa56691ca1c4ad3a1b044e5dde8b037.jpg;9aa56691ca1c4ad3a1b044e5dde8b037.jpg;3
data/images/fbae032d67fd470d86dc61485d2351fe.jpg;fbae032d67fd470d86dc61485d2351fe.jpg;3
data/images/a370facffeaf4276a7b1c34827ed5aef.jpg;a370facffeaf4276a7b1c34827ed5aef.jpg;3
data/images/744ac0cfc7db4c4da7ad99ccc1e76b20.jpg;744ac0cfc7db4c4da7ad99ccc1e76b20.jpg;3
data/images/3c84551a99934110923ee1883a6785b2.jpg;3c84551a99934110923ee1883a6785b2.jpg;3
data/images/5722230499834dcfada5979f1d2d8bc8.jpg;5722230499834dcfada5979f1d2d8bc8.jpg;3
data/images/3f90329ebfdf404d814404dac21b0f60.jpg;3f90329ebfdf404d814404dac21b0f60.jpg;3
data/images/3b2e40bc05834be8835c7c34e57c8b5c.jpg;3b2e40bc05834be8835c7c34e57c8b5c.jpg;3
data/images/7ba561e521594b2698e2003d2026cd14.jpg;7ba561e521594b2698e2003d2026cd14.jpg;3
data/images/a213cc96a94b4faca61b15365144d737.jpg;a213cc96a94b4faca61b15365144d737.jpg;3
data/images/bf6577253b11410ca71d0363cb6e4078.jpg;bf6577253b11410ca71d0363cb6e4078.jpg;3
data/images/7ca5b9d24edf4b278a31f2b3f6d0cddd.jpg;7ca5b9d24edf4b278a31f2b3f6d0cddd.jpg;3
data/images/979fc8fb5afe4a99a91fbeb4c6274ed5.jpg;979fc8fb5afe4a99a91fbeb4c6274ed5.jpg;3
data/images/831d3d140fc64b068aa4f6ddfbaae6b1.jpg;831d3d140fc64b068aa4f6ddfbaae6b1.jpg;3
data/images/e24a28809a6d4855b0baccfe15f3ee0b.jpg;e24a28809a6d4855b0baccfe15f3ee0b.jpg;3
data/images/ecf3ab96c53c4ddab73a346813303767.jpg;ecf3ab96c53c4ddab73a346813303767.jpg;3
data/images/8fa3d67b80864f338cbbb468ab93f159.jpg;8fa3d67b80864f338cbbb468ab93f159.jpg;3
data/images/3924a96b7484412481752512a03cfd9d.jpg;3924a96b7484412481752512a03cfd9d.jpg;3
data/images/eff3a0a5f4764992bb2f7483925d06c3.jpg;eff3a0a5f4764992bb2f7483925d06c3.jpg;3
data/images/0b06595bc5db4b18bb8565c1838e72d8.jpg;0b06595bc5db4b18bb8565c1838e72d8.jpg;3
data/images/595d73a2fc1b4ad6baca38bf8c53c7bd.jpg;595d73a2fc1b4ad6baca38bf8c53c7bd.jpg;3
data/images/3da8a88475ee4ee4a91302b0e1293c95.jpg;3da8a88475ee4ee4a91302b0e1293c95.jpg;3
data/images/820554388cdb465f808d8f18aec7d67a.jpg;820554388cdb465f808d8f18aec7d67a.jpg;3
data/images/a8b0b594ba014560892e5e434ff14a6b.jpg;a8b0b594ba014560892e5e434ff14a6b.jpg;3
data/images/7f1b1ffb009147eb9fe988d2cd5e5a67.jpg;7f1b1ffb009147eb9fe988d2cd5e5a67.jpg;3
data/images/8ada011ccf6e4f2383bb0cb76534af4d.jpg;8ada011ccf6e4f2383bb0cb76534af4d.jpg;3
data/images/e675cdb06a9b4dc2a7f8fe1a1cb98928.jpg;e675cdb06a9b4dc2a7f8fe1a1cb98928.jpg;3
data/images/4e2e0288a82d46609a6adcf14b310283.jpg;4e2e0288a82d46609a6adcf14b310283.jpg;3
data/images/1c0391fe0cd34a07b6aeed33fde7c7d8.jpg;1c0391fe0cd34a07b6aeed33fde7c7d8.jpg;3
data/images/f1123c42655e41e4bd059c63a5dfb643.jpg;f1123c42655e41e4bd059c63a5dfb643.jpg;3
data/images/6d8674c897d24b288b2eef973e703eea.jpg;6d8674c897d24b288b2eef973e703eea.jpg;3
data/images/c5d5ea8a289048acaf57fb79cf10b0b4.jpg;c5d5ea8a289048acaf57fb79cf10b0b4.jpg;3
data/images/536eab34843b4f6ba45f238b6733559a.jpg;536eab34843b4f6ba45f238b6733559a.jpg;3
data/images/e14b43cb9d114ac2b6daccf3da366e5e.jpg;e14b43cb9d114ac2b6daccf3da366e5e.jpg;3
data/images/39d6aeb3bf29442eacde7528a7089722.jpg;39d6aeb3bf29442eacde7528a7089722.jpg;3
data/images/5746431e0ed146b8b329039443465421.jpg;5746431e0ed146b8b329039443465421.jpg;3
data/images/3329233a22564ea2892c69d7c56f325d.jpg;3329233a22564ea2892c69d7c56f325d.jpg;3
data/images/fefce71a42e44b8d9a1c6ecc1df9199e.jpg;fefce71a42e44b8d9a1c6ecc1df9199e.jpg;3
data/images/da8af5408cc04474beffbdaf19f007dc.jpg;da8af5408cc04474beffbdaf19f007dc.jpg;3
data/images/417d4288fdee4381af07f36052bbc081.jpg;417d4288fdee4381af07f36052bbc081.jpg;3
data/images/3113524172e246ea9a823e2caa4ade9d.jpg;3113524172e246ea9a823e2caa4ade9d.jpg;3
data/images/5bfb4615a4c243a6b4545295c6b6c531.jpg;5bfb4615a4c243a6b4545295c6b6c531.jpg;3
data/images/f44583ae9deb4203a3370fd40271c811.jpg;f44583ae9deb4203a3370fd40271c811.jpg;3
data/images/48df1f54e6e14b23b2f32e5f2ceb411e.jpg;48df1f54e6e14b23b2f32e5f2ceb411e.jpg;3
data/images/ebc7ffda4ed74137b23ab9aed3513650.jpg;ebc7ffda4ed74137b23ab9aed3513650.jpg;3
data/images/afb1d897afa146b8b1720ca054aa5679.jpg;afb1d897afa146b8b1720ca054aa5679.jpg;3
data/images/96273e03f70b4466845e60b3a1b36a5d.jpg;96273e03f70b4466845e60b3a1b36a5d.jpg;3
data/images/9d6b406cd7c4462a9c0c0aeb8510a652.jpg;9d6b406cd7c4462a9c0c0aeb8510a652.jpg;3
data/images/5893661e1cf7457899a3b956321e6acf.jpg;5893661e1cf7457899a3b956321e6acf.jpg;3
data/images/20dc8a8f347b4696a403a0efdfd354ef.jpg;20dc8a8f347b4696a403a0efdfd354ef.jpg;3
data/images/b49a3751b9424128b26fa0607c1c7195.jpg;b49a3751b9424128b26fa0607c1c7195.jpg;3
data/images/b05dd43b6e564d65ba3fc99570494955.jpg;b05dd43b6e564d65ba3fc99570494955.jpg;3
data/images/1d93d18bfbc3479295c7924e384951d1.jpg;1d93d18bfbc3479295c7924e384951d1.jpg;3
data/images/a87a31c79df34ba7831b9f782f181cf1.jpg;a87a31c79df34ba7831b9f782f181cf1.jpg;3
data/images/25a6ae7e21574957a90dec5e1c948e5f.jpg;25a6ae7e21574957a90dec5e1c948e5f.jpg;3
data/images/f8d02ee84ab74f7995bccfabad3b79fa.jpg;f8d02ee84ab74f7995bccfabad3b79fa.jpg;3
data/images/82ce30767deb454287c5ba198241cfc8.jpg;82ce30767deb454287c5ba198241cfc8.jpg;3
data/images/7e585def288e4f79bb8c9b921eab90be.jpg;7e585def288e4f79bb8c9b921eab90be.jpg;3
data/images/7cf5ab38dc6d4a23922db58f2305e974.jpg;7cf5ab38dc6d4a23922db58f2305e974.jpg;3
data/images/f860acfd1abb410e9d6d29d6a5881b3c.jpg;f860acfd1abb410e9d6d29d6a5881b3c.jpg;3
data/images/5f2e1be8afc44ad4b9136ab7538e6ae5.jpg;5f2e1be8afc44ad4b9136ab7538e6ae5.jpg;3
data/images/8b73c6246ee3420385f05b201dce5d57.jpg;8b73c6246ee3420385f05b201dce5d57.jpg;3
data/images/cfa56d8a6e2f491ba5274a49ea289f1c.jpg;cfa56d8a6e2f491ba5274a49ea289f1c.jpg;3
data/images/794e2f8da8bc41bf92c8bdbf6e148f34.jpg;794e2f8da8bc41bf92c8bdbf6e148f34.jpg;3
data/images/a6ec3b265e1945b68e97c449faa8093c.jpg;a6ec3b265e1945b68e97c449faa8093c.jpg;3
data/images/d8be88566f154a17a3d23901f53705cb.jpg;d8be88566f154a17a3d23901f53705cb.jpg;3
data/images/db7a97edaeb1480f922e96a6d7aa233d.jpg;db7a97edaeb1480f922e96a6d7aa233d.jpg;3
data/images/d3d7841f241d4bc2a61e4f2536552d70.jpg;d3d7841f241d4bc2a61e4f2536552d70.jpg;3
data/images/85fa42ccdfbb40b2b8093305ef249781.jpg;85fa42ccdfbb40b2b8093305ef249781.jpg;3
data/images/e1d2b721284e4787a2665c49379b9e7c.jpg;e1d2b721284e4787a2665c49379b9e7c.jpg;3
data/images/6867f8cbfb9c4964bbbdab96690070c4.jpg;6867f8cbfb9c4964bbbdab96690070c4.jpg;3
data/images/d5ac728058754ab6a33d0eb1da287e16.jpg;d5ac728058754ab6a33d0eb1da287e16.jpg;3
data/images/bfa6f421653f4ee19a89d6c2acf0d0fb.jpg;bfa6f421653f4ee19a89d6c2acf0d0fb.jpg;3
data/images/c267962e7f874fbb8bbabe03153b711c.jpg;c267962e7f874fbb8bbabe03153b711c.jpg;3
data/images/1de81adccf5a40e390374d904540b8d6.jpg;1de81adccf5a40e390374d904540b8d6.jpg;3
data/images/986aa3a46e81474db5e1ca5291fc8fe6.jpg;986aa3a46e81474db5e1ca5291fc8fe6.jpg;3
data/images/bca2b57510c9462988c85157675b216e.jpg;bca2b57510c9462988c85157675b216e.jpg;3
data/images/80759bd790a74c2d904cda2320242113.jpg;80759bd790a74c2d904cda2320242113.jpg;3
data/images/fa8664e4474c424f9418c2ff898dfb3b.jpg;fa8664e4474c424f9418c2ff898dfb3b.jpg;3
data/images/f27e94edc65c4b85bb39ea9f249311ef.jpg;f27e94edc65c4b85bb39ea9f249311ef.jpg;3
data/images/3d0bebb2a0214b2684a9a8aa89024ddf.jpg;3d0bebb2a0214b2684a9a8aa89024ddf.jpg;3
data/images/f66a3c503dee484787eacb2ac99dcec3.jpg;f66a3c503dee484787eacb2ac99dcec3.jpg;3
data/images/1819f2387b2d4eaa929f851bc6fed3eb.jpg;1819f2387b2d4eaa929f851bc6fed3eb.jpg;3
data/images/35218bc01586455199947036101c87d9.jpg;35218bc01586455199947036101c87d9.jpg;3
data/images/d2a74c4450254971ba960ecee27f2fec.jpg;d2a74c4450254971ba960ecee27f2fec.jpg;3
data/images/80169256e1d64973bd86aa85ff81a3c0.jpg;80169256e1d64973bd86aa85ff81a3c0.jpg;3
data/images/e68d6d0850a24ec0a0f14ec7ba11208f.jpg;e68d6d0850a24ec0a0f14ec7ba11208f.jpg;3
data/images/c2dd5893d6fd425ca64c3da92f20453d.jpg;c2dd5893d6fd425ca64c3da92f20453d.jpg;3
data/images/47dcde0056af4a9ea1f4c6982203f6d1.jpg;47dcde0056af4a9ea1f4c6982203f6d1.jpg;3
data/images/cd5b861f7a4649e0898c98e6369c8cce.jpg;cd5b861f7a4649e0898c98e6369c8cce.jpg;3
data/images/99e45668e870489a82e28c383298ddc1.jpg;99e45668e870489a82e28c383298ddc1.jpg;3
data/images/f562420f14114e2f89d4b5c9b1a5b997.jpg;f562420f14114e2f89d4b5c9b1a5b997.jpg;3
data/images/762f5eac3f504f8e972737503a811a0d.jpg;762f5eac3f504f8e972737503a811a0d.jpg;3
data/images/cb78792551b74cb08694f3a6d87d7c05.jpg;cb78792551b74cb08694f3a6d87d7c05.jpg;3
data/images/f25c7ffa9f654a3b9fa0664108c8938a.jpg;f25c7ffa9f654a3b9fa0664108c8938a.jpg;3
data/images/6842386c04414b07a153f07cef7faeaf.jpg;6842386c04414b07a153f07cef7faeaf.jpg;3
data/images/c0ea5016aa594527b1ead5d018639c19.jpg;c0ea5016aa594527b1ead5d018639c19.jpg;3
data/images/da3e29bb2f394ebd9705c11bdae456c6.jpg;da3e29bb2f394ebd9705c11bdae456c6.jpg;3
data/images/2b14b1ec824c46c9b48b3b0abb3da037.jpg;2b14b1ec824c46c9b48b3b0abb3da037.jpg;3
data/images/005a94546c4e49b2be003722642f9430.jpg;005a94546c4e49b2be003722642f9430.jpg;3
data/images/620b7119643b475c930d3f069ebd0d40.jpg;620b7119643b475c930d3f069ebd0d40.jpg;3
data/images/c6ee67aecc7c45bd91b6b7752b6f3f6c.jpg;c6ee67aecc7c45bd91b6b7752b6f3f6c.jpg;3
data/images/854a191e1e474b0d9363ca595010a89c.jpg;854a191e1e474b0d9363ca595010a89c.jpg;3
data/images/81dc73469ee74f9e8b08137dc352e959.jpg;81dc73469ee74f9e8b08137dc352e959.jpg;3
data/images/0e17938dd1fc4093bfd47b148c5bbf85.jpg;0e17938dd1fc4093bfd47b148c5bbf85.jpg;3
data/images/f3fe8dfde5024f9293b105649f2a8bb6.jpg;f3fe8dfde5024f9293b105649f2a8bb6.jpg;3
data/images/a2df7e89eec543478b9114417458c9d8.jpg;a2df7e89eec543478b9114417458c9d8.jpg;3
data/images/55727f892b3b4e37841f1682437283a2.jpg;55727f892b3b4e37841f1682437283a2.jpg;3
data/images/aa6bd5cb14054905b531c98c42d864a9.jpg;aa6bd5cb14054905b531c98c42d864a9.jpg;3
data/images/6b56f7c40eff4aa49add403efa7da554.jpg;6b56f7c40eff4aa49add403efa7da554.jpg;3
data/images/bd69bf86cde640cb9f65e8bcb9508394.jpg;bd69bf86cde640cb9f65e8bcb9508394.jpg;3
data/images/9eab11e3ea3645a595e9f044a15b44ad.jpg;9eab11e3ea3645a595e9f044a15b44ad.jpg;3
data/images/e0f036985d2345008bf10897eed625f1.jpg;e0f036985d2345008bf10897eed625f1.jpg;3
data/images/68f21a1a8f5f4ebcb04074f967791024.jpg;68f21a1a8f5f4ebcb04074f967791024.jpg;3
data/images/262552a9be19455585d8afe8f64c6816.jpg;262552a9be19455585d8afe8f64c6816.jpg;3
data/images/d79f606e9a4f4d5bb18360b9077ee8ee.jpg;d79f606e9a4f4d5bb18360b9077ee8ee.jpg;3
data/images/d5abab18703344adb4a3c5a2330de423.jpg;d5abab18703344adb4a3c5a2330de423.jpg;3
data/images/26d04f9a37a54fdabbe92a862262b6ea.jpg;26d04f9a37a54fdabbe92a862262b6ea.jpg;3
data/images/5ea5473a50384405a18a928bf13621b3.jpg;5ea5473a50384405a18a928bf13621b3.jpg;3
data/images/843d74044ffe4aca890d3bf7edcf0b70.jpg;843d74044ffe4aca890d3bf7edcf0b70.jpg;3
data/images/ced6d15f71d9479d8a0bc7a55058c67a.jpg;ced6d15f71d9479d8a0bc7a55058c67a.jpg;3
data/images/c852745fb58548c58f8d4535ca3891ac.jpg;c852745fb58548c58f8d4535ca3891ac.jpg;3
data/images/4a014d8f9f144e13b6770734a536e318.jpg;4a014d8f9f144e13b6770734a536e318.jpg;3
data/images/edbf806816184442b44d2f65f67426c2.jpg;edbf806816184442b44d2f65f67426c2.jpg;3
data/images/116bf28ebda247a69768dd75428ec21c.jpg;116bf28ebda247a69768dd75428ec21c.jpg;3
data/images/5552c3911fb9492b8017141379513fdf.jpg;5552c3911fb9492b8017141379513fdf.jpg;3
data/images/f33c9878b9884abba743267611585e57.jpg;f33c9878b9884abba743267611585e57.jpg;3
data/images/e7c8805ef870486091056988a7e16f5b.jpg;e7c8805ef870486091056988a7e16f5b.jpg;3
data/images/f41c83ac6c8841b59e086387a0489036.jpg;f41c83ac6c8841b59e086387a0489036.jpg;3
data/images/e8b4fde771e3489fa81d9abc6b5da33f.jpg;e8b4fde771e3489fa81d9abc6b5da33f.jpg;3
data/images/4aea6dba7a19421a98f812dbf7db09d6.jpg;4aea6dba7a19421a98f812dbf7db09d6.jpg;3
data/images/7aaa79a0888f401fbeb930a9f6d6b308.jpg;7aaa79a0888f401fbeb930a9f6d6b308.jpg;3
data/images/42568f6f23a045a5a2edcb027e12816c.jpg;42568f6f23a045a5a2edcb027e12816c.jpg;3
data/images/886288f4c60c42ee850f67fd08eb43d3.jpg;886288f4c60c42ee850f67fd08eb43d3.jpg;3
data/images/4c3c2c5dbc3949d39421d1d852bf03d1.jpg;4c3c2c5dbc3949d39421d1d852bf03d1.jpg;3
data/images/28a990059a26489fa8d8a140683614a6.jpg;28a990059a26489fa8d8a140683614a6.jpg;3
data/images/a2547c8987454cc6822e42e2079ed301.jpg;a2547c8987454cc6822e42e2079ed301.jpg;3
data/images/22a9d7b27b6b4a5482275389eb456d5a.jpg;22a9d7b27b6b4a5482275389eb456d5a.jpg;3
data/images/b2949dcd07d44f9a94cf4405b5d2902d.jpg;b2949dcd07d44f9a94cf4405b5d2902d.jpg;3
data/images/ab4e7d01f7484e0c91bcfd881b533ad7.jpg;ab4e7d01f7484e0c91bcfd881b533ad7.jpg;3
data/images/7085d26bec154493b77bdd66e3e863cb.jpg;7085d26bec154493b77bdd66e3e863cb.jpg;3
data/images/36710b64f114401a925e4c6fc96fdde3.jpg;36710b64f114401a925e4c6fc96fdde3.jpg;3
data/images/907b249623d442b28f717f95555c0c8e.jpg;907b249623d442b28f717f95555c0c8e.jpg;3
data/images/27a232cd810d40b395f828df1c7a0571.jpg;27a232cd810d40b395f828df1c7a0571.jpg;3
data/images/8a442a0c92df4fa9b4a86c9043140b74.jpg;8a442a0c92df4fa9b4a86c9043140b74.jpg;3
data/images/7d0d0e40b5754a7583eb1bb1e5b248bf.jpg;7d0d0e40b5754a7583eb1bb1e5b248bf.jpg;3
data/images/ba8669c00b524ec78b45fae5e568ab80.jpg;ba8669c00b524ec78b45fae5e568ab80.jpg;3
data/images/67c704cc86a54d54b1542f192a02bce4.jpg;67c704cc86a54d54b1542f192a02bce4.jpg;3
data/images/5c3597047ed54e11a4d7f1daadea04f0.jpg;5c3597047ed54e11a4d7f1daadea04f0.jpg;3
data/images/bf7445c92d134288b0593088c4ecc7dc.jpg;bf7445c92d134288b0593088c4ecc7dc.jpg;3
data/images/49cbe0aa7dea43bcb09db96743c2d096.jpg;49cbe0aa7dea43bcb09db96743c2d096.jpg;3
data/images/32e58eaa0d2445eabbd038ac2f57218e.jpg;32e58eaa0d2445eabbd038ac2f57218e.jpg;3
data/images/4277afe331614bb2be86b7e1f5ad2ba2.jpg;4277afe331614bb2be86b7e1f5ad2ba2.jpg;3
data/images/0e30d25835ef463c93823e0e14f59cdb.jpg;0e30d25835ef463c93823e0e14f59cdb.jpg;3
data/images/29a8f2138f4a4a638efef6558b508328.jpg;29a8f2138f4a4a638efef6558b508328.jpg;3
data/images/5621b0cc90414e60a1a82928eeed9db8.jpg;5621b0cc90414e60a1a82928eeed9db8.jpg;3
data/images/2ad94c8b322542f6acf29a9993194def.jpg;2ad94c8b322542f6acf29a9993194def.jpg;3
data/images/31086d3a27d24a2b92cb60886bdb6be1.jpg;31086d3a27d24a2b92cb60886bdb6be1.jpg;3
data/images/38be76a513f24d1dacf8ae7f2982ef87.jpg;38be76a513f24d1dacf8ae7f2982ef87.jpg;3
data/images/fc2b48b77d224b6d9a4c8401a1299343.jpg;fc2b48b77d224b6d9a4c8401a1299343.jpg;3
data/images/b25e6ddaa91f40e9854a0d150294c937.jpg;b25e6ddaa91f40e9854a0d150294c937.jpg;3
data/images/247f39bb97894bdaaca591ccee6db329.jpg;247f39bb97894bdaaca591ccee6db329.jpg;3
data/images/c1e238eab09449ed9fb5f4f83c8895ab.jpg;c1e238eab09449ed9fb5f4f83c8895ab.jpg;3
data/images/28d4fde507ab45e889daf16077eefa4f.jpg;28d4fde507ab45e889daf16077eefa4f.jpg;3
data/images/55afce1b1ec643bdb187c92e3204072f.jpg;55afce1b1ec643bdb187c92e3204072f.jpg;3
data/images/f41690547bc9431882eda6dff1eee133.jpg;f41690547bc9431882eda6dff1eee133.jpg;3
data/images/4ea92ed9d87549e8998bf2bcf13186b1.jpg;4ea92ed9d87549e8998bf2bcf13186b1.jpg;3
data/images/312974164b6e47e897b40e5d502dd767.jpg;312974164b6e47e897b40e5d502dd767.jpg;3
data/images/e000c039c9df419c9d8fa26a3ff7c520.jpg;e000c039c9df419c9d8fa26a3ff7c520.jpg;3
data/images/21a77113109645f898fb49298ec1e7d6.jpg;21a77113109645f898fb49298ec1e7d6.jpg;3
data/images/b12e27b6081c412d9dc86730d50c87a3.jpg;b12e27b6081c412d9dc86730d50c87a3.jpg;3
data/images/adc6af2bbfbb4affbe639230529476ae.jpg;adc6af2bbfbb4affbe639230529476ae.jpg;3
data/images/3cce116179064f31aee6c377b1c903df.jpg;3cce116179064f31aee6c377b1c903df.jpg;3
data/images/5f47dcf46c2b43fc9df3fbcd054b59ad.jpg;5f47dcf46c2b43fc9df3fbcd054b59ad.jpg;3
data/images/8703c24d39f74517afa4859800bed2bc.jpg;8703c24d39f74517afa4859800bed2bc.jpg;3
data/images/a105d462e1924dba82b4fb4d89f26067.jpg;a105d462e1924dba82b4fb4d89f26067.jpg;3
data/images/4c50d4bd6fec445a85e3fd3202f5465f.jpg;4c50d4bd6fec445a85e3fd3202f5465f.jpg;3
data/images/418d7e7d356f411d80cefcc178ba1803.jpg;418d7e7d356f411d80cefcc178ba1803.jpg;3
data/images/3a5be2553bc141318e349f6e5a26fcdb.jpg;3a5be2553bc141318e349f6e5a26fcdb.jpg;3
data/images/71376e425f4d4d9f8d3612a74815bcff.jpg;71376e425f4d4d9f8d3612a74815bcff.jpg;3
data/images/2de87e8287724acc9ce2d736080dc10d.jpg;2de87e8287724acc9ce2d736080dc10d.jpg;3
data/images/44025c2d52fe4699b63553685c9d03bf.jpg;44025c2d52fe4699b63553685c9d03bf.jpg;3
data/images/2d46817d33dd4b389ff167604ef1e548.jpg;2d46817d33dd4b389ff167604ef1e548.jpg;3
data/images/63e1621864ce409f809d417cf4abcfd3.jpg;63e1621864ce409f809d417cf4abcfd3.jpg;3
data/images/75c32c017a09442da9a1621b461d9f14.jpg;75c32c017a09442da9a1621b461d9f14.jpg;3
data/images/f170322daf57474785de9234d3ae4ca8.jpg;f170322daf57474785de9234d3ae4ca8.jpg;3
data/images/c469ac47e2a0475c98f31306a45b5846.jpg;c469ac47e2a0475c98f31306a45b5846.jpg;3
data/images/f2d0e909f8a34a29b6d5ba8632d14118.jpg;f2d0e909f8a34a29b6d5ba8632d14118.jpg;3
data/images/7a2a4c6894bc48d9be64b069cfa0b509.jpg;7a2a4c6894bc48d9be64b069cfa0b509.jpg;3
data/images/3f4398885b3a40febc8cfd4f12a8e148.jpg;3f4398885b3a40febc8cfd4f12a8e148.jpg;3
data/images/a8dc1e80390e40d780432d32af8071eb.jpg;a8dc1e80390e40d780432d32af8071eb.jpg;3
data/images/dfebe19f6602402996dce8de6fb516f8.jpg;dfebe19f6602402996dce8de6fb516f8.jpg;3
data/images/5c9816e585f8420293ff94d15e282ea4.jpg;5c9816e585f8420293ff94d15e282ea4.jpg;3
data/images/11bfad96d7f347aaa2868077411e6006.jpg;11bfad96d7f347aaa2868077411e6006.jpg;3
data/images/de4287bd19de460aa09b6e303187f939.jpg;de4287bd19de460aa09b6e303187f939.jpg;3
data/images/02c088b6d2ff484e822a22d4a0e9e220.jpg;02c088b6d2ff484e822a22d4a0e9e220.jpg;3
data/images/3f46475e35b84819b72e62b4054d5f96.jpg;3f46475e35b84819b72e62b4054d5f96.jpg;3
data/images/0f8c4b7edfae4ca4aab087a4be33d853.jpg;0f8c4b7edfae4ca4aab087a4be33d853.jpg;3
data/images/efec83f6402e4a4cbbae0e595c86b33b.jpg;efec83f6402e4a4cbbae0e595c86b33b.jpg;3
data/images/a7185495c9eb4e5a984740ea0fe5f6eb.jpg;a7185495c9eb4e5a984740ea0fe5f6eb.jpg;3
data/images/824e0ffb7d284471b842d528344ce438.jpg;824e0ffb7d284471b842d528344ce438.jpg;3
data/images/5070a60d980b40caa45292bb75e41ce2.jpg;5070a60d980b40caa45292bb75e41ce2.jpg;3
data/images/d6906020b449456eb7e5c07b2866c4c8.jpg;d6906020b449456eb7e5c07b2866c4c8.jpg;3
data/images/d25b95d03a8c437582a3c8f85299dd8a.jpg;d25b95d03a8c437582a3c8f85299dd8a.jpg;3
data/images/a152693393b24c3595a0a0598dc66d89.jpg;a152693393b24c3595a0a0598dc66d89.jpg;3
data/images/50f42546230945ffbca2b4a1c405e251.jpg;50f42546230945ffbca2b4a1c405e251.jpg;3
data/images/0ced0c24888c4bf18fcda6f403a97256.jpg;0ced0c24888c4bf18fcda6f403a97256.jpg;3
data/images/0709e11172b8446cb121de2bafadd893.jpg;0709e11172b8446cb121de2bafadd893.jpg;3
data/images/aad93495ff974f4084b913c9575aa277.jpg;aad93495ff974f4084b913c9575aa277.jpg;3
data/images/8c4f7c33238d42ea9388b399d690a537.jpg;8c4f7c33238d42ea9388b399d690a537.jpg;3
data/images/02f41b044e1147beac0666a170a0673b.jpg;02f41b044e1147beac0666a170a0673b.jpg;3
data/images/8c06c0721cff497aa355f140b6b74c7b.jpg;8c06c0721cff497aa355f140b6b74c7b.jpg;3
data/images/80d42ccc99924175830bcba8b65a8388.jpg;80d42ccc99924175830bcba8b65a8388.jpg;3
data/images/84e1a58a093b4b61b28452d17973be64.jpg;84e1a58a093b4b61b28452d17973be64.jpg;3
data/images/9fcc074db1334d89afe658e307a323b9.jpg;9fcc074db1334d89afe658e307a323b9.jpg;3
data/images/d8e8a57d81234a6cb1e65f1153c3cea3.jpg;d8e8a57d81234a6cb1e65f1153c3cea3.jpg;3
data/images/becdd063fc5b45b2b892e4cb0543d7cb.jpg;becdd063fc5b45b2b892e4cb0543d7cb.jpg;3
data/images/9bd62f06fc9e4f2cbe707c229265297d.jpg;9bd62f06fc9e4f2cbe707c229265297d.jpg;3
data/images/aa295a759d4041909cdf0ce7bdf30c3d.jpg;aa295a759d4041909cdf0ce7bdf30c3d.jpg;3
data/images/6554751b7dd34f8096b2628238795a3b.jpg;6554751b7dd34f8096b2628238795a3b.jpg;3
data/images/33500493c1664f06a917af3a7d4240e3.jpg;33500493c1664f06a917af3a7d4240e3.jpg;3
data/images/fb601ff54c834fddaf3b14c44709c836.jpg;fb601ff54c834fddaf3b14c44709c836.jpg;3
data/images/d301c74b596c43ca8a01f5147d8bb643.jpg;d301c74b596c43ca8a01f5147d8bb643.jpg;3
data/images/d867654af06f468581246c07861ec0b1.jpg;d867654af06f468581246c07861ec0b1.jpg;3
data/images/51e51158b1384d249cbd5edca49e2f86.jpg;51e51158b1384d249cbd5edca49e2f86.jpg;3
data/images/8262ada4fa5745969785c8cebac9a173.jpg;8262ada4fa5745969785c8cebac9a173.jpg;3
data/images/17e779e1dbe3404aaf190f5bd4107dcf.jpg;17e779e1dbe3404aaf190f5bd4107dcf.jpg;3
data/images/d25cb1129ac9452fa3d1908f912f496d.jpg;d25cb1129ac9452fa3d1908f912f496d.jpg;3
data/images/8c7e88d40ea348b088858475387ce3d3.jpg;8c7e88d40ea348b088858475387ce3d3.jpg;3
data/images/c878a2fbcfa24c3b901bf26f88992432.jpg;c878a2fbcfa24c3b901bf26f88992432.jpg;3
data/images/5a1294eda6ba488b83c25413d9fa271b.jpg;5a1294eda6ba488b83c25413d9fa271b.jpg;3
data/images/b7d15ab9ae8e4f868b970eeb87ee53c3.jpg;b7d15ab9ae8e4f868b970eeb87ee53c3.jpg;3
data/images/d7367c319ca647cd84c88551a0abbf09.jpg;d7367c319ca647cd84c88551a0abbf09.jpg;3
data/images/b8268267869d496596f8ab7771ebba3a.jpg;b8268267869d496596f8ab7771ebba3a.jpg;3
data/images/d72e9ce8f05a40b894ea89f693df9d9c.jpg;d72e9ce8f05a40b894ea89f693df9d9c.jpg;3
data/images/55a583bf977b4b17b81cb459caeb537c.jpg;55a583bf977b4b17b81cb459caeb537c.jpg;3
data/images/aede9379255648119297a0934c97b42d.jpg;aede9379255648119297a0934c97b42d.jpg;3
data/images/ec9db265d9b8410e8ac766724cef0478.jpg;ec9db265d9b8410e8ac766724cef0478.jpg;3
data/images/016da4dd6d574eb3bb636e97a708b85f.jpg;016da4dd6d574eb3bb636e97a708b85f.jpg;3
data/images/a5919873a4164d3fadbbb34ef86a6510.jpg;a5919873a4164d3fadbbb34ef86a6510.jpg;3
data/images/c2adb4e5d3274768884feb352b9399e5.jpg;c2adb4e5d3274768884feb352b9399e5.jpg;3
data/images/849024d3f28b442c9f0d88520c34be72.jpg;849024d3f28b442c9f0d88520c34be72.jpg;3
data/images/b592290617f04f2e8acedb8d21ce1616.jpg;b592290617f04f2e8acedb8d21ce1616.jpg;3
data/images/0c14d67fac4142f089b248d3b7440bb1.jpg;0c14d67fac4142f089b248d3b7440bb1.jpg;3
data/images/bb377fb5166447f59ebc50ef98a746ba.jpg;bb377fb5166447f59ebc50ef98a746ba.jpg;3
data/images/efa11374ffd847e0b66f1d1926a0f26a.jpg;efa11374ffd847e0b66f1d1926a0f26a.jpg;3
data/images/225704b52f3b447a820308f072926ddb.jpg;225704b52f3b447a820308f072926ddb.jpg;3
data/images/9b3e819e2486490abad880333581a9d6.jpg;9b3e819e2486490abad880333581a9d6.jpg;3
data/images/945c286ef360483583cba711dc7fb967.jpg;945c286ef360483583cba711dc7fb967.jpg;3
data/images/b8393a5563094d3188d63ab975ee656a.jpg;b8393a5563094d3188d63ab975ee656a.jpg;3
data/images/f0b12050b35145ecb438d105ae1f2fe3.jpg;f0b12050b35145ecb438d105ae1f2fe3.jpg;3
data/images/4ffdf17e494642ba8162825d09f82bd1.jpg;4ffdf17e494642ba8162825d09f82bd1.jpg;3
data/images/c53341339c2c430ea8902f7476d1f00f.jpg;c53341339c2c430ea8902f7476d1f00f.jpg;3
data/images/cae16813dbc54725a9ac14dfb7c8bde8.jpg;cae16813dbc54725a9ac14dfb7c8bde8.jpg;3
data/images/a2f0ece41c99416f9a2f033f244f35d0.jpg;a2f0ece41c99416f9a2f033f244f35d0.jpg;3
data/images/4c2c2c27c65a491fa02df4473d6a8b27.jpg;4c2c2c27c65a491fa02df4473d6a8b27.jpg;3
data/images/96caf7d27678496291ac9f6123161ca4.jpg;96caf7d27678496291ac9f6123161ca4.jpg;3
data/images/6f734115a3fd483aa9d96ff86b239655.jpg;6f734115a3fd483aa9d96ff86b239655.jpg;3
data/images/95b1b7cda9e845359cea6f0308420f59.jpg;95b1b7cda9e845359cea6f0308420f59.jpg;3
data/images/b9aeb7c3c7af4c1198d9bbc8b2580137.jpg;b9aeb7c3c7af4c1198d9bbc8b2580137.jpg;3
data/images/78bc8f9788c9484481eea3f623ddc6d0.jpg;78bc8f9788c9484481eea3f623ddc6d0.jpg;3
data/images/17228a380576497398288f6c145789da.jpg;17228a380576497398288f6c145789da.jpg;3
data/images/1d90a29336f9434c8c897d4856f3fe56.jpg;1d90a29336f9434c8c897d4856f3fe56.jpg;3
data/images/165ed53dbb6840298573e57b58456cb7.jpg;165ed53dbb6840298573e57b58456cb7.jpg;3
data/images/8f43ed3b1e874b03b7baebf6bf8d2ff8.jpg;8f43ed3b1e874b03b7baebf6bf8d2ff8.jpg;3
data/images/d3d7d3be42314cb69185217211310467.jpg;d3d7d3be42314cb69185217211310467.jpg;3
data/images/c80fc093852c43989f9075b2c73cf9ac.jpg;c80fc093852c43989f9075b2c73cf9ac.jpg;3
data/images/901ebe11b82b4c498028802d25d70848.jpg;901ebe11b82b4c498028802d25d70848.jpg;3
data/images/c515886597d24af3a95eec9d51e0a59e.jpg;c515886597d24af3a95eec9d51e0a59e.jpg;3
data/images/1080fd39bc9f4975b422905e7ad5ea28.jpg;1080fd39bc9f4975b422905e7ad5ea28.jpg;3
data/images/40d35a7fa66f42dda0b6a1b8f57ed33f.jpg;40d35a7fa66f42dda0b6a1b8f57ed33f.jpg;3
data/images/8ac7b2f8c85a4a74a7605992432fb2fe.jpg;8ac7b2f8c85a4a74a7605992432fb2fe.jpg;3
data/images/5ef88c57d3ae4e6fbfb541e6259e9d97.jpg;5ef88c57d3ae4e6fbfb541e6259e9d97.jpg;3
data/images/85ee98d4a397493788566dadf7ffc785.jpg;85ee98d4a397493788566dadf7ffc785.jpg;3
data/images/35fd1d0d3e1d41dea5a594814b456512.jpg;35fd1d0d3e1d41dea5a594814b456512.jpg;3
data/images/8f39a33528934d569c3f56080050e380.jpg;8f39a33528934d569c3f56080050e380.jpg;3
data/images/5ca3c344605343e58609a4c1f7b3f4a9.jpg;5ca3c344605343e58609a4c1f7b3f4a9.jpg;3
data/images/c6f8d0a0048741a0b7efe332d6c01fef.jpg;c6f8d0a0048741a0b7efe332d6c01fef.jpg;3
data/images/6f93d14d25184c4a9cf4462efb751e9f.jpg;6f93d14d25184c4a9cf4462efb751e9f.jpg;3
data/images/b59fecef4c114c6a9d91812f72ee8a10.jpg;b59fecef4c114c6a9d91812f72ee8a10.jpg;3
data/images/852abc1c991d4154a51e096b7b1f7eda.jpg;852abc1c991d4154a51e096b7b1f7eda.jpg;3
data/images/a156d6fafcfa4c87a8e02b2e4fd255d0.jpg;a156d6fafcfa4c87a8e02b2e4fd255d0.jpg;3
data/images/e545464b4f924d148223bdea17bfaf75.jpg;e545464b4f924d148223bdea17bfaf75.jpg;3
data/images/f9c869804b2546f8b3c3074f4b491589.jpg;f9c869804b2546f8b3c3074f4b491589.jpg;3
data/images/892f9b5fb6ed4dfcb7d07bbb1cf65341.jpg;892f9b5fb6ed4dfcb7d07bbb1cf65341.jpg;3
data/images/67777c5d1ffb4454be0d6095e404bfd4.jpg;67777c5d1ffb4454be0d6095e404bfd4.jpg;3
data/images/f79fb66de5bf400f81ae8f25bccdc8b8.jpg;f79fb66de5bf400f81ae8f25bccdc8b8.jpg;3
data/images/b4d3192252c94584b3a69a96fdcc8d18.jpg;b4d3192252c94584b3a69a96fdcc8d18.jpg;3
data/images/f484cb5ad1dc487586d79aa9f8acc81e.jpg;f484cb5ad1dc487586d79aa9f8acc81e.jpg;3
data/images/a7a95b1768d1409297c47dcb0fe90e24.jpg;a7a95b1768d1409297c47dcb0fe90e24.jpg;3
data/images/08978e0a0ecd469c8f84dfa69fa3dad3.jpg;08978e0a0ecd469c8f84dfa69fa3dad3.jpg;3
data/images/53fd44a8d3b04694b9b1a692ad9c5423.jpg;53fd44a8d3b04694b9b1a692ad9c5423.jpg;3
data/images/40bb8d6fe27440a3a6d1e1157464aa30.jpg;40bb8d6fe27440a3a6d1e1157464aa30.jpg;3
data/images/f1f9032e2e804b4da1b93d8a4e8cea99.jpg;f1f9032e2e804b4da1b93d8a4e8cea99.jpg;3
data/images/05b3ae8884a941cdaf413f9fa9e78362.jpg;05b3ae8884a941cdaf413f9fa9e78362.jpg;3
data/images/4b63da8c28f447f581d77f5f0b8cef31.jpg;4b63da8c28f447f581d77f5f0b8cef31.jpg;3
data/images/fad7752d5c2b4ec9aba7965961cb1012.jpg;fad7752d5c2b4ec9aba7965961cb1012.jpg;3
data/images/8037c8d1c4474c72afff8c6b4fc49fef.jpg;8037c8d1c4474c72afff8c6b4fc49fef.jpg;3
data/images/05d028ebc2984ccdbe7ff253611bde58.jpg;05d028ebc2984ccdbe7ff253611bde58.jpg;3
data/images/2de61b7c2f5846efaaf5d49672e6398f.jpg;2de61b7c2f5846efaaf5d49672e6398f.jpg;3
data/images/e809c313eb1f43919c173ec52ebf8c65.jpg;e809c313eb1f43919c173ec52ebf8c65.jpg;3
data/images/946b5bb81be5499ead37f324aa9c8127.jpg;946b5bb81be5499ead37f324aa9c8127.jpg;3
data/images/c2754fb6740d4a78bd184626bdfa8d22.jpg;c2754fb6740d4a78bd184626bdfa8d22.jpg;3
data/images/c2527ef8782f42eb865bf25b1e2b07f8.jpg;c2527ef8782f42eb865bf25b1e2b07f8.jpg;3
data/images/2433cc8b2fef4b7d9aab4186c54bed00.jpg;2433cc8b2fef4b7d9aab4186c54bed00.jpg;3
data/images/08c3773787eb40c893b4c3799a2875f1.jpg;08c3773787eb40c893b4c3799a2875f1.jpg;3
data/images/4acf94c9bed3405a8d305df41870637a.jpg;4acf94c9bed3405a8d305df41870637a.jpg;3
data/images/01160b7293e54a2aa4afb7684758023f.jpg;01160b7293e54a2aa4afb7684758023f.jpg;3
data/images/18d5f4c76449482384289a289e68b969.jpg;18d5f4c76449482384289a289e68b969.jpg;3
data/images/181b0d48b2f64fbca583372094462b6c.jpg;181b0d48b2f64fbca583372094462b6c.jpg;3
data/images/f72dec3bf7474c4b8d02c415a7a2517b.jpg;f72dec3bf7474c4b8d02c415a7a2517b.jpg;3
data/images/4d72dda6ce79403abd3642c8e1259640.jpg;4d72dda6ce79403abd3642c8e1259640.jpg;3
data/images/e168d6b6950b421f97ea8a4c874e8312.jpg;e168d6b6950b421f97ea8a4c874e8312.jpg;3
data/images/fd4e99edaf9442468ac58e8752322462.jpg;fd4e99edaf9442468ac58e8752322462.jpg;3
data/images/9a140a13915647d9b6429c068f61394b.jpg;9a140a13915647d9b6429c068f61394b.jpg;3
data/images/f1bc7ca1075a4f0aabf816e7701d1fa6.jpg;f1bc7ca1075a4f0aabf816e7701d1fa6.jpg;3
data/images/e67ceed1c569463e90a2de6144bf8945.jpg;e67ceed1c569463e90a2de6144bf8945.jpg;3
data/images/275337aa8d0145fa90d8534b6100d64d.jpg;275337aa8d0145fa90d8534b6100d64d.jpg;3
data/images/6e422515dae74df0835d639d1934f84e.jpg;6e422515dae74df0835d639d1934f84e.jpg;3
data/images/731d2ae47e10466c8623ad6b46243f40.jpg;731d2ae47e10466c8623ad6b46243f40.jpg;3
data/images/45e7eaf9dc6d4612af56a1b8c45d77dd.jpg;45e7eaf9dc6d4612af56a1b8c45d77dd.jpg;3
data/images/8a63f0f037d94bb299f39e247086ed1a.jpg;8a63f0f037d94bb299f39e247086ed1a.jpg;3
data/images/884f6bf5c17a4ee79e5075718fd007df.jpg;884f6bf5c17a4ee79e5075718fd007df.jpg;3
data/images/93d667e7a542442d90b3be974aca3172.jpg;93d667e7a542442d90b3be974aca3172.jpg;3
data/images/a23f5a7c63be4552b2eca86fbe6369ea.jpg;a23f5a7c63be4552b2eca86fbe6369ea.jpg;3
data/images/bf8136dd76614dc6b8eb35a8c4ef348b.jpg;bf8136dd76614dc6b8eb35a8c4ef348b.jpg;3
data/images/a3535145c80145fa9c871b27cefa2cec.jpg;a3535145c80145fa9c871b27cefa2cec.jpg;3
data/images/28c0a6a93429455dab260de774295dff.jpg;28c0a6a93429455dab260de774295dff.jpg;3
data/images/1a9b7e540b3944509c91efedaa1c007d.jpg;1a9b7e540b3944509c91efedaa1c007d.jpg;3
data/images/2afd5c7889ac457e8c6cbc6b3d18f6fa.jpg;2afd5c7889ac457e8c6cbc6b3d18f6fa.jpg;3
data/images/9cc428725d7f4b2ca36458ac19292d70.jpg;9cc428725d7f4b2ca36458ac19292d70.jpg;3
data/images/1c00abdc4d654838bf74013ed068049d.jpg;1c00abdc4d654838bf74013ed068049d.jpg;3
data/images/8371fa9f7e5a461e9a7b0fb731d332e2.jpg;8371fa9f7e5a461e9a7b0fb731d332e2.jpg;3
data/images/34889274e5144887932037b71528612d.jpg;34889274e5144887932037b71528612d.jpg;3
data/images/f232fea13cef4a32843eec28647dff2f.jpg;f232fea13cef4a32843eec28647dff2f.jpg;3
data/images/c26ec3c1f115444f9485bd13865f3c88.jpg;c26ec3c1f115444f9485bd13865f3c88.jpg;3
data/images/ecdfaca162ef4ef9ac064322a0575586.jpg;ecdfaca162ef4ef9ac064322a0575586.jpg;3
data/images/cd6bff736ef4465cb3bb66ab30142916.jpg;cd6bff736ef4465cb3bb66ab30142916.jpg;3
data/images/9ea695f25d5b448f872600b44cb9d945.jpg;9ea695f25d5b448f872600b44cb9d945.jpg;3
data/images/944c0e36dc2d47dcbf8107c99a836228.jpg;944c0e36dc2d47dcbf8107c99a836228.jpg;3
data/images/f59764aea32449c79db6b4c182f8289a.jpg;f59764aea32449c79db6b4c182f8289a.jpg;3
data/images/aa2fabd6f6044444a762130b344a3554.jpg;aa2fabd6f6044444a762130b344a3554.jpg;3
data/images/0f321a8301d4490ca6d9a5f0893cd0f9.jpg;0f321a8301d4490ca6d9a5f0893cd0f9.jpg;3
data/images/f967c9ce2d6f4b509596a7d626b0d6ab.jpg;f967c9ce2d6f4b509596a7d626b0d6ab.jpg;3
data/images/a825d2b8f7ef43659c31f4565ddf05fb.jpg;a825d2b8f7ef43659c31f4565ddf05fb.jpg;3
data/images/826dda4b5f85472b95bc7fbed52723b3.jpg;826dda4b5f85472b95bc7fbed52723b3.jpg;3
data/images/382b4cdebbb54176a2392da8549a8133.jpg;382b4cdebbb54176a2392da8549a8133.jpg;3
data/images/cf8aac618f35417f9bb19bf1eeb30fb4.jpg;cf8aac618f35417f9bb19bf1eeb30fb4.jpg;3
data/images/a93dd95bb3c0454f8738fc574f9f4ba6.jpg;a93dd95bb3c0454f8738fc574f9f4ba6.jpg;3
data/images/8da607b1a57b48f7abe15efc0f9c1b41.jpg;8da607b1a57b48f7abe15efc0f9c1b41.jpg;3
data/images/df85d527b2df46deb74c8f433ae3efc7.jpg;df85d527b2df46deb74c8f433ae3efc7.jpg;3
data/images/1df65f5a44e2417796ba580a5d550989.jpg;1df65f5a44e2417796ba580a5d550989.jpg;3
data/images/f3d9e9f9968c4c2681265a0a6663e0a2.jpg;f3d9e9f9968c4c2681265a0a6663e0a2.jpg;3
data/images/7b63a0c0bd3241d597f26293c1e06832.jpg;7b63a0c0bd3241d597f26293c1e06832.jpg;3
data/images/3d25c7f6c4334370a7630cf0e98f4270.jpg;3d25c7f6c4334370a7630cf0e98f4270.jpg;3
data/images/5f3b43555bce4f07a4ffbbb68a111cdc.jpg;5f3b43555bce4f07a4ffbbb68a111cdc.jpg;3
data/images/643399d83be8435582ff79ef12b7d449.jpg;643399d83be8435582ff79ef12b7d449.jpg;3
data/images/87e78c298efa45d088f2362db0e26d4d.jpg;87e78c298efa45d088f2362db0e26d4d.jpg;3
data/images/49c0795df4b84cbea7ff814813755239.jpg;49c0795df4b84cbea7ff814813755239.jpg;3
data/images/1ce1102672934067b8349057ddbd413e.jpg;1ce1102672934067b8349057ddbd413e.jpg;3
data/images/911d6a5321ff4769b6d572692b65fa37.jpg;911d6a5321ff4769b6d572692b65fa37.jpg;3
data/images/c4b7213510734b7e9fb51c5eb4a58e61.jpg;c4b7213510734b7e9fb51c5eb4a58e61.jpg;3
data/images/4e7a1259ff594f6ea28b35561ec4bb7c.jpg;4e7a1259ff594f6ea28b35561ec4bb7c.jpg;3
data/images/a99956d3d2d142839f45b5c3057abddc.jpg;a99956d3d2d142839f45b5c3057abddc.jpg;3
data/images/1b413b033f9a411f867331e060290a71.jpg;1b413b033f9a411f867331e060290a71.jpg;3
data/images/36c2acede5034547a34a5a7c2116e99d.jpg;36c2acede5034547a34a5a7c2116e99d.jpg;3
data/images/c89c00f5ce3d40748f084eab843239c0.jpg;c89c00f5ce3d40748f084eab843239c0.jpg;3
data/images/41d51dc4dfca48398a7d5941799e7f37.jpg;41d51dc4dfca48398a7d5941799e7f37.jpg;3
data/images/d2e9c731c25d4ff4875bb0c7d89cfd17.jpg;d2e9c731c25d4ff4875bb0c7d89cfd17.jpg;3
data/images/719eb7b8d4a9444f8b1e5b4cbb69bf61.jpg;719eb7b8d4a9444f8b1e5b4cbb69bf61.jpg;3
data/images/9dfcb2229aad4c6886b7a9b1b4b807cf.jpg;9dfcb2229aad4c6886b7a9b1b4b807cf.jpg;3
data/images/68202b8939e2418f8be71439465435ba.jpg;68202b8939e2418f8be71439465435ba.jpg;3
data/images/34e9aeea704b490d9ac2a73f48dab3ae.jpg;34e9aeea704b490d9ac2a73f48dab3ae.jpg;3
data/images/8a8e970c51bf417480f08bf6eee12d3e.jpg;8a8e970c51bf417480f08bf6eee12d3e.jpg;3
data/images/2eda394f07fe46ca981f3a75457af62a.jpg;2eda394f07fe46ca981f3a75457af62a.jpg;3
data/images/3ec90ec4582642beb5d20162f33b9585.jpg;3ec90ec4582642beb5d20162f33b9585.jpg;3
data/images/5bc01f70d0b24e499f366a6ceb8d5b7c.jpg;5bc01f70d0b24e499f366a6ceb8d5b7c.jpg;3
data/images/5e7439aa86f74510b597ceadfba5aca3.jpg;5e7439aa86f74510b597ceadfba5aca3.jpg;3
data/images/6592e946f5b140b8a980df5e8ad26780.jpg;6592e946f5b140b8a980df5e8ad26780.jpg;3
data/images/62ef2c499d1b4ce8adf622de5d50adaf.jpg;62ef2c499d1b4ce8adf622de5d50adaf.jpg;3
data/images/9a0402d870ee4850bb3188936d7f7747.jpg;9a0402d870ee4850bb3188936d7f7747.jpg;3
data/images/289fba9a4e67468891c93ae4666acb72.jpg;289fba9a4e67468891c93ae4666acb72.jpg;3
data/images/41c8f741d1a34f9f958e2eed34348b22.jpg;41c8f741d1a34f9f958e2eed34348b22.jpg;3
data/images/8989841a9f114166a95d0ca48f30809a.jpg;8989841a9f114166a95d0ca48f30809a.jpg;3
data/images/67a141811b594e018490574693ec4721.jpg;67a141811b594e018490574693ec4721.jpg;3
data/images/8c3023d769ae4c3f89554adfd784c23b.jpg;8c3023d769ae4c3f89554adfd784c23b.jpg;3
data/images/ed8e683ec32a4ff1b721bfef5f1d4910.jpg;ed8e683ec32a4ff1b721bfef5f1d4910.jpg;3
data/images/859b11de36dd4737ba18e69540d387ce.jpg;859b11de36dd4737ba18e69540d387ce.jpg;3
data/images/fb8a7a456afc4467b4c6d0fa31abd5d2.jpg;fb8a7a456afc4467b4c6d0fa31abd5d2.jpg;3
data/images/234b171344ab4577b6f7d792f1621fee.jpg;234b171344ab4577b6f7d792f1621fee.jpg;3
data/images/e252ceec9ba14c27894bcf6b042e7306.jpg;e252ceec9ba14c27894bcf6b042e7306.jpg;3
data/images/1dc6b5e724784ed28b8adc60d94b5887.jpg;1dc6b5e724784ed28b8adc60d94b5887.jpg;3
data/images/ac2de8a36a814d8d8c5b8f37aba8ae47.jpg;ac2de8a36a814d8d8c5b8f37aba8ae47.jpg;3
data/images/5a4e5c62af4044c4a0bbe0ec324c74bc.jpg;5a4e5c62af4044c4a0bbe0ec324c74bc.jpg;3
data/images/b2e672c1746f48ee96598687e9099d9f.jpg;b2e672c1746f48ee96598687e9099d9f.jpg;3
data/images/038ece40c1c242ac8d7519a8f5b40984.jpg;038ece40c1c242ac8d7519a8f5b40984.jpg;3
data/images/e356eb020a34464ead84685292add4eb.jpg;e356eb020a34464ead84685292add4eb.jpg;3
data/images/22becaad1f084b81937c41c821edad3b.jpg;22becaad1f084b81937c41c821edad3b.jpg;3
data/images/d50be3a1c05d45ae96b8316057d22360.jpg;d50be3a1c05d45ae96b8316057d22360.jpg;3
data/images/bb92ea812401483ea0de767a9a0c13df.jpg;bb92ea812401483ea0de767a9a0c13df.jpg;3
data/images/8d746ef9b9344cd3b0eb7a11267d79f9.jpg;8d746ef9b9344cd3b0eb7a11267d79f9.jpg;3
data/images/4229722d45874770ab65a5af7e94b805.jpg;4229722d45874770ab65a5af7e94b805.jpg;3
data/images/c3dc3c4fcc984c1cbccfe34b562a28b8.jpg;c3dc3c4fcc984c1cbccfe34b562a28b8.jpg;3
data/images/3e51a63278dc4be5865373e3147b6416.jpg;3e51a63278dc4be5865373e3147b6416.jpg;3
data/images/81612204c43441aaab4f139db0bcc105.jpg;81612204c43441aaab4f139db0bcc105.jpg;3
data/images/6b0b87a8a7e54e87989ec544efa9caf3.jpg;6b0b87a8a7e54e87989ec544efa9caf3.jpg;3
data/images/9d9ac1e3f985480786f5e446b3c56a3f.jpg;9d9ac1e3f985480786f5e446b3c56a3f.jpg;3
data/images/44c3f03eb4784c52badd083bacda0e5b.jpg;44c3f03eb4784c52badd083bacda0e5b.jpg;3
data/images/59e962a7f77548afb4bba87361ee42a6.jpg;59e962a7f77548afb4bba87361ee42a6.jpg;3
data/images/4cc304e91437400e9e42ce28e83fe694.jpg;4cc304e91437400e9e42ce28e83fe694.jpg;3
data/images/5e1b9be5fc0347f4a940b0214486d826.jpg;5e1b9be5fc0347f4a940b0214486d826.jpg;3
data/images/770bedf0ad624572a39e8e999ed2f85b.jpg;770bedf0ad624572a39e8e999ed2f85b.jpg;3
data/images/046054e7c2f840c593e4a7985a373fa7.jpg;046054e7c2f840c593e4a7985a373fa7.jpg;3
data/images/c661471708374c749e739cf4b90afd1b.jpg;c661471708374c749e739cf4b90afd1b.jpg;3
data/images/c600aafddb034512bb63dccc288896a6.jpg;c600aafddb034512bb63dccc288896a6.jpg;3
data/images/4b9dea9754624d4b8d30ca4874304c02.jpg;4b9dea9754624d4b8d30ca4874304c02.jpg;3
data/images/33c79709b92b4693b0b07b88827eba97.jpg;33c79709b92b4693b0b07b88827eba97.jpg;3
data/images/945ee00058fa4ae4a1e5462f2863fce5.jpg;945ee00058fa4ae4a1e5462f2863fce5.jpg;3
data/images/0ec27efd197b4dadb1bf49dd635405f5.jpg;0ec27efd197b4dadb1bf49dd635405f5.jpg;3
data/images/e3c8abd941744841aa95cf63b41bc25e.jpg;e3c8abd941744841aa95cf63b41bc25e.jpg;3
data/images/df57d7b9131241b287ed76bdbb49b161.jpg;df57d7b9131241b287ed76bdbb49b161.jpg;3
data/images/e9d7890da7fb4ead953aaa01be988793.jpg;e9d7890da7fb4ead953aaa01be988793.jpg;3
data/images/b95e2665051646a6a6d7b5105a285b08.jpg;b95e2665051646a6a6d7b5105a285b08.jpg;3
data/images/e2aa96e8766642b19ea346713c1b3e71.jpg;e2aa96e8766642b19ea346713c1b3e71.jpg;3
data/images/555a2341ded44fb185213e0b117b9891.jpg;555a2341ded44fb185213e0b117b9891.jpg;3
data/images/c634f10b7dab468a96a331555637f05b.jpg;c634f10b7dab468a96a331555637f05b.jpg;3
data/images/a803d02d086e489aa7d5560eae80ce67.jpg;a803d02d086e489aa7d5560eae80ce67.jpg;3
data/images/df13605fdc03433a8e6d8eb40316c34d.jpg;df13605fdc03433a8e6d8eb40316c34d.jpg;3
data/images/d339323f764f4da99e8209cef2a85f4b.jpg;d339323f764f4da99e8209cef2a85f4b.jpg;3
data/images/33450a42fe424ff98716d3af1a9cbe21.jpg;33450a42fe424ff98716d3af1a9cbe21.jpg;3
data/images/6998496f5d5e4e77b3d42878992483d7.jpg;6998496f5d5e4e77b3d42878992483d7.jpg;3
data/images/515a6d89e8d544bf9100b5ef85b6ab63.jpg;515a6d89e8d544bf9100b5ef85b6ab63.jpg;3
data/images/3752766cf0ff4f26a219d53e03e3a28c.jpg;3752766cf0ff4f26a219d53e03e3a28c.jpg;3
data/images/ba9e5b8464ad43ef9b4a4ba5532cfe4f.jpg;ba9e5b8464ad43ef9b4a4ba5532cfe4f.jpg;3
data/images/c51b202c7dcb4f0c8573b5809ab94480.jpg;c51b202c7dcb4f0c8573b5809ab94480.jpg;3
data/images/424910c033144c4ba31e66c7d251c55c.jpg;424910c033144c4ba31e66c7d251c55c.jpg;3
data/images/f60965b4f2194390a23a6b9dd03e08b4.jpg;f60965b4f2194390a23a6b9dd03e08b4.jpg;3
data/images/b1b3c9ea15704187b3780cd290fd5f06.jpg;b1b3c9ea15704187b3780cd290fd5f06.jpg;3
data/images/e858a036248047a9b822085cf27cd2e5.jpg;e858a036248047a9b822085cf27cd2e5.jpg;3
data/images/17fe38bfe4d74b4b80d2ce32ae817440.jpg;17fe38bfe4d74b4b80d2ce32ae817440.jpg;3
data/images/886a76cdbbd54a49b34c0689aa4ade86.jpg;886a76cdbbd54a49b34c0689aa4ade86.jpg;3
data/images/e6b52545fbb141ae984be041eb863688.jpg;e6b52545fbb141ae984be041eb863688.jpg;3
data/images/1f00972d456e477e8d1d8f8685045460.jpg;1f00972d456e477e8d1d8f8685045460.jpg;3
data/images/04740734eb6d43b5b56070c8b5513152.jpg;04740734eb6d43b5b56070c8b5513152.jpg;3
data/images/730030f08ec34813b2a19ba6e1e5422e.jpg;730030f08ec34813b2a19ba6e1e5422e.jpg;3
data/images/c2b7222ccdf64c00b01cbf733238ade1.jpg;c2b7222ccdf64c00b01cbf733238ade1.jpg;3
data/images/c94147c1bcaf41e088e943b4edac2ed1.jpg;c94147c1bcaf41e088e943b4edac2ed1.jpg;3
data/images/4e07507ff79d41fa96de46b6d3573999.jpg;4e07507ff79d41fa96de46b6d3573999.jpg;3
data/images/3d9f40e0d0984907a7bb448af3a39497.jpg;3d9f40e0d0984907a7bb448af3a39497.jpg;3
data/images/bc72715751f841e6bc50fc494e3b34b4.jpg;bc72715751f841e6bc50fc494e3b34b4.jpg;3
data/images/262e467cab034155ab8a193d1814e873.jpg;262e467cab034155ab8a193d1814e873.jpg;3
data/images/c01a6c18a4ce48dfb035407dd48a1150.jpg;c01a6c18a4ce48dfb035407dd48a1150.jpg;3
data/images/e2890ee6d80d48868c3122e098852a69.jpg;e2890ee6d80d48868c3122e098852a69.jpg;3
data/images/b105777ed6b84c13a125ad13b320f5f3.jpg;b105777ed6b84c13a125ad13b320f5f3.jpg;3
data/images/eab83ea215084af69d33ecb1da2cfa69.jpg;eab83ea215084af69d33ecb1da2cfa69.jpg;3
data/images/251f36277697404c864d55dc636bf1f5.jpg;251f36277697404c864d55dc636bf1f5.jpg;3
data/images/de4d62af2e204a82991d09b4d85de0ec.jpg;de4d62af2e204a82991d09b4d85de0ec.jpg;3
data/images/95485d8b737845948bd0719cd6b9a4a0.jpg;95485d8b737845948bd0719cd6b9a4a0.jpg;3
data/images/4e3780956dfa4dfca359afe2e2e44e21.jpg;4e3780956dfa4dfca359afe2e2e44e21.jpg;3
data/images/7f59d1c4a5cf4f48a423626f083d54cb.jpg;7f59d1c4a5cf4f48a423626f083d54cb.jpg;3
data/images/aa64f3de552e42e682bd7f904c42cbe8.jpg;aa64f3de552e42e682bd7f904c42cbe8.jpg;3
data/images/e648516d92b442888c0414b03af11626.jpg;e648516d92b442888c0414b03af11626.jpg;3
data/images/51f5046717914e3799ded2273590f1c4.jpg;51f5046717914e3799ded2273590f1c4.jpg;3
data/images/0ee45d1ed6eb4d1eb7640b7b369dab3a.jpg;0ee45d1ed6eb4d1eb7640b7b369dab3a.jpg;3
data/images/c791643fb53d4c3c9d87d088a7db7fbc.jpg;c791643fb53d4c3c9d87d088a7db7fbc.jpg;3
data/images/2f3b6d8a19a84441b65df5516b9b4f02.jpg;2f3b6d8a19a84441b65df5516b9b4f02.jpg;3
data/images/84a4c5d228654f08ab0ac1d902970fb3.jpg;84a4c5d228654f08ab0ac1d902970fb3.jpg;3
data/images/f26dd596fe3c41acaa858ad8fc341240.jpg;f26dd596fe3c41acaa858ad8fc341240.jpg;3
data/images/bfeef301ae69499f84ecf6971fb455b3.jpg;bfeef301ae69499f84ecf6971fb455b3.jpg;3
data/images/2346255ea6804025bd0dfc15e0663b07.jpg;2346255ea6804025bd0dfc15e0663b07.jpg;3
data/images/e5207ad51cc34deab16e9f76cb33e7ae.jpg;e5207ad51cc34deab16e9f76cb33e7ae.jpg;3
data/images/5aee24c7dde94294aff49d68472b1e8a.jpg;5aee24c7dde94294aff49d68472b1e8a.jpg;3
data/images/195ce0cf29fe40bbb12ae084ea32eced.jpg;195ce0cf29fe40bbb12ae084ea32eced.jpg;3
data/images/51648bf36c8d496a9e53b7f95c69e7a8.jpg;51648bf36c8d496a9e53b7f95c69e7a8.jpg;3
data/images/192eef2439e64e0a8d8ea3af68401101.jpg;192eef2439e64e0a8d8ea3af68401101.jpg;3
data/images/c90fff4c98a04963b2c77b64fb4cc9b9.jpg;c90fff4c98a04963b2c77b64fb4cc9b9.jpg;3
data/images/475992a50f2d45e6a0af637e39a8f756.jpg;475992a50f2d45e6a0af637e39a8f756.jpg;3
data/images/078c465594334345a9c080786247a773.jpg;078c465594334345a9c080786247a773.jpg;3
data/images/0461a2b370c94036adb46d455a445e10.jpg;0461a2b370c94036adb46d455a445e10.jpg;3
data/images/df3685cb551d4e7d9aa058e835292a9b.jpg;df3685cb551d4e7d9aa058e835292a9b.jpg;3
data/images/efba5df59bf644f18a8c3190f7434c7f.jpg;efba5df59bf644f18a8c3190f7434c7f.jpg;3
data/images/ff2a08094da0441d894adcf6298aa7b5.jpg;ff2a08094da0441d894adcf6298aa7b5.jpg;3
data/images/7ff3e3c2393d4cbcbb7c6825ce1faddc.jpg;7ff3e3c2393d4cbcbb7c6825ce1faddc.jpg;3
data/images/c73b81d53fe64b41925404f32b128a38.jpg;c73b81d53fe64b41925404f32b128a38.jpg;3
data/images/136bc00819754fc88a7e6a1e66a12d87.jpg;136bc00819754fc88a7e6a1e66a12d87.jpg;3
data/images/8e23a14d096f45f9b03e58119eaeaac8.jpg;8e23a14d096f45f9b03e58119eaeaac8.jpg;3
data/images/fa54c966248541e180755322cf54a228.jpg;fa54c966248541e180755322cf54a228.jpg;3
data/images/5605aee62e50424cb00a791f995f1ba1.jpg;5605aee62e50424cb00a791f995f1ba1.jpg;3
data/images/3d5bb18d276d433da1003755a505852f.jpg;3d5bb18d276d433da1003755a505852f.jpg;3
data/images/66a38b74554e4684884287492ecadc03.jpg;66a38b74554e4684884287492ecadc03.jpg;3
data/images/00dafa82d50842588b5c3320bf9b4f86.jpg;00dafa82d50842588b5c3320bf9b4f86.jpg;3
data/images/19d9beb4383f499cb949d36c1ced9eeb.jpg;19d9beb4383f499cb949d36c1ced9eeb.jpg;3
data/images/45a2ef37b74647209748149e83d97da1.jpg;45a2ef37b74647209748149e83d97da1.jpg;3
data/images/cdaa1b2958c746af809f4cc0c0376595.jpg;cdaa1b2958c746af809f4cc0c0376595.jpg;3
data/images/bcd92aa999a841bf9f5635f649c8ff70.jpg;bcd92aa999a841bf9f5635f649c8ff70.jpg;3
data/images/cb1e3f83ae814d7d8242fef6a29e941a.jpg;cb1e3f83ae814d7d8242fef6a29e941a.jpg;3
data/images/0050872905864bcda3f2d54b558b7fe2.jpg;0050872905864bcda3f2d54b558b7fe2.jpg;3
data/images/65b44828c2824870a189df9614d481bb.jpg;65b44828c2824870a189df9614d481bb.jpg;3
data/images/c4d6a751ea7b4800854aaf531be02613.jpg;c4d6a751ea7b4800854aaf531be02613.jpg;3
data/images/c1b506776a5d4b7ea866b747b4e14a91.jpg;c1b506776a5d4b7ea866b747b4e14a91.jpg;3
data/images/c01be78de99143a6b5dc1f11df6a9717.jpg;c01be78de99143a6b5dc1f11df6a9717.jpg;3
data/images/a784319a9d7b4ed5b368b97e9680064c.jpg;a784319a9d7b4ed5b368b97e9680064c.jpg;3
data/images/7392f0fb641447c991d656c7360a7101.jpg;7392f0fb641447c991d656c7360a7101.jpg;3
data/images/2508b5b99d6a4564a7560985f6d67020.jpg;2508b5b99d6a4564a7560985f6d67020.jpg;3
data/images/d17e1805d5fc4c08948f7f94a1c9cfbb.jpg;d17e1805d5fc4c08948f7f94a1c9cfbb.jpg;3
data/images/83bba27c2b0148248a4b6234549a66a4.jpg;83bba27c2b0148248a4b6234549a66a4.jpg;3
data/images/5a7ee6f17794405788aa2cdada2bd0f4.jpg;5a7ee6f17794405788aa2cdada2bd0f4.jpg;3
data/images/9f5995441abd429c859d6655c5471bf6.jpg;9f5995441abd429c859d6655c5471bf6.jpg;3
data/images/b42cc6d83ece483987410c717df583b1.jpg;b42cc6d83ece483987410c717df583b1.jpg;3
data/images/9ef683af9c89446cb0018ade7b83a360.jpg;9ef683af9c89446cb0018ade7b83a360.jpg;3
data/images/c57855a87e2247598a122313df6780e4.jpg;c57855a87e2247598a122313df6780e4.jpg;3
data/images/da5092bed0b0469a9abe7bc6bed062b1.jpg;da5092bed0b0469a9abe7bc6bed062b1.jpg;3
data/images/2c63511bc0504185848b5d9d72e974f3.jpg;2c63511bc0504185848b5d9d72e974f3.jpg;3
data/images/8cf5f72af79048fea8b63d510b663fc0.jpg;8cf5f72af79048fea8b63d510b663fc0.jpg;3
data/images/2375f5b3591b4d41a71717014d77f7af.jpg;2375f5b3591b4d41a71717014d77f7af.jpg;3
data/images/f8ae9ed2df8f432eb3294f1bac3a4639.jpg;f8ae9ed2df8f432eb3294f1bac3a4639.jpg;3
data/images/0d07c4a007ab46679a84c693217e6cad.jpg;0d07c4a007ab46679a84c693217e6cad.jpg;3
data/images/5cd10c170bd84aa1b19c2bad36257458.jpg;5cd10c170bd84aa1b19c2bad36257458.jpg;3
data/images/90903680e93c4ac5810cf136732f4cd7.jpg;90903680e93c4ac5810cf136732f4cd7.jpg;3
data/images/b514792c400d44f0a0b86fa955321327.jpg;b514792c400d44f0a0b86fa955321327.jpg;3
data/images/cca9fdae990543e1a78ad19194b98558.jpg;cca9fdae990543e1a78ad19194b98558.jpg;3
data/images/56bd57f384b54329bbb0a7725812dbf9.jpg;56bd57f384b54329bbb0a7725812dbf9.jpg;3
data/images/2de005f5b4e54ef0836f5033ac3745dd.jpg;2de005f5b4e54ef0836f5033ac3745dd.jpg;3
data/images/9667c973cbda48d5b2090494a74c76d4.jpg;9667c973cbda48d5b2090494a74c76d4.jpg;3
data/images/88e6547fe5e342cfaffcf14cb61d8195.jpg;88e6547fe5e342cfaffcf14cb61d8195.jpg;3
data/images/2e917cc30e8b421c8efa81fd973822d0.jpg;2e917cc30e8b421c8efa81fd973822d0.jpg;3
data/images/fa47a733f7e24c6796eea9fef6463c23.jpg;fa47a733f7e24c6796eea9fef6463c23.jpg;3
data/images/235eeb7b3e364795b0797e2caae194ea.jpg;235eeb7b3e364795b0797e2caae194ea.jpg;3
data/images/3e9f3370759340d8b37ba5bede1ab079.jpg;3e9f3370759340d8b37ba5bede1ab079.jpg;3
data/images/f6aec95bcb6d41b1b6ba5f7dad031ceb.jpg;f6aec95bcb6d41b1b6ba5f7dad031ceb.jpg;3
data/images/cabe323a714d4f089478bdf627ff5831.jpg;cabe323a714d4f089478bdf627ff5831.jpg;3
data/images/631ec9d3b782499683963a054a00d272.jpg;631ec9d3b782499683963a054a00d272.jpg;3
data/images/da4bd7f6e0704459886a64117d92bd05.jpg;da4bd7f6e0704459886a64117d92bd05.jpg;3
data/images/56f3e7c137a24f259be1a2d03edde706.jpg;56f3e7c137a24f259be1a2d03edde706.jpg;3
data/images/ec8cfd045f284786af7274ae171bfabd.jpg;ec8cfd045f284786af7274ae171bfabd.jpg;3
data/images/3c66f62f07b341359dd7dfc575ad3377.jpg;3c66f62f07b341359dd7dfc575ad3377.jpg;3
data/images/e19472a1d4ec4078a83d6fe134476a54.jpg;e19472a1d4ec4078a83d6fe134476a54.jpg;3
data/images/02a5158209594159bd91115b93432e54.jpg;02a5158209594159bd91115b93432e54.jpg;3
data/images/c5ef7d4b33564426a88f4f7c56c39d50.jpg;c5ef7d4b33564426a88f4f7c56c39d50.jpg;3
data/images/41e694e0703a4f589a5f51024273a17b.jpg;41e694e0703a4f589a5f51024273a17b.jpg;3
data/images/e93455eed03d42889cf4ef739ff7309d.jpg;e93455eed03d42889cf4ef739ff7309d.jpg;3
data/images/063e2226efd94fda9aae34e62c410db7.jpg;063e2226efd94fda9aae34e62c410db7.jpg;3
data/images/a602780e1f9540a18956096b6f17e084.jpg;a602780e1f9540a18956096b6f17e084.jpg;3
data/images/4d66a2b2f16e4a0b92888bd6da2aa40f.jpg;4d66a2b2f16e4a0b92888bd6da2aa40f.jpg;3
data/images/b8e7a348d55943b4b0a77336525344a9.jpg;b8e7a348d55943b4b0a77336525344a9.jpg;3
data/images/917337cfafc64517b5427b0f6aa44781.jpg;917337cfafc64517b5427b0f6aa44781.jpg;3
data/images/2e0734c48b5c473cafc81dd8565db285.jpg;2e0734c48b5c473cafc81dd8565db285.jpg;3
data/images/4f8805f778c64e27b82b18a264da07cc.jpg;4f8805f778c64e27b82b18a264da07cc.jpg;3
data/images/4883704142f74a90b989ee0f1847df07.jpg;4883704142f74a90b989ee0f1847df07.jpg;3
data/images/d0e0ce59c77a45c58ed337ca8a98ef71.jpg;d0e0ce59c77a45c58ed337ca8a98ef71.jpg;3
data/images/b974f93c18b84730aef1dbd095159568.jpg;b974f93c18b84730aef1dbd095159568.jpg;3
data/images/af8982ff7dff4ba185131423764e9cd2.jpg;af8982ff7dff4ba185131423764e9cd2.jpg;3
data/images/27f1195f3e41458caf5b96cf252d5316.jpg;27f1195f3e41458caf5b96cf252d5316.jpg;3
data/images/74bb73eca3134c55b4260961770eeb07.jpg;74bb73eca3134c55b4260961770eeb07.jpg;3
data/images/1470d4fd459c4bc5be9ee664405d4e8b.jpg;1470d4fd459c4bc5be9ee664405d4e8b.jpg;3
data/images/2cf9d3042bfa4b80a6c1b4deebd697cc.jpg;2cf9d3042bfa4b80a6c1b4deebd697cc.jpg;3
data/images/d8bbf1f870e84759a6449f7ad45de321.jpg;d8bbf1f870e84759a6449f7ad45de321.jpg;3
data/images/af3a1446b13c4e108d142d4638c0797a.jpg;af3a1446b13c4e108d142d4638c0797a.jpg;3
data/images/1db3eca68eb64babac670865ae8c46f9.jpg;1db3eca68eb64babac670865ae8c46f9.jpg;3
data/images/fc7ebdee91024e6bb798ee930e3e8867.jpg;fc7ebdee91024e6bb798ee930e3e8867.jpg;3
data/images/ad28892a54124e1b88652ab2329a06a2.jpg;ad28892a54124e1b88652ab2329a06a2.jpg;3
data/images/e5b635d0e22444e8940051c2212f1a09.jpg;e5b635d0e22444e8940051c2212f1a09.jpg;3
data/images/139527bac95c4f7dae8c38841511d957.jpg;139527bac95c4f7dae8c38841511d957.jpg;3
data/images/5419b5659e2a454f9ab27230e08d9b3c.jpg;5419b5659e2a454f9ab27230e08d9b3c.jpg;3
data/images/32bf8f430e79498990819d0c98e949a4.jpg;32bf8f430e79498990819d0c98e949a4.jpg;3
data/images/d6921a4533bb4bd382d6b89ba7946f37.jpg;d6921a4533bb4bd382d6b89ba7946f37.jpg;3
data/images/7e898c973d314884988ea29667256aa4.jpg;7e898c973d314884988ea29667256aa4.jpg;3
data/images/41e81c26e15a47ceaa840ebff4e5b3ec.jpg;41e81c26e15a47ceaa840ebff4e5b3ec.jpg;3
data/images/abaca5d9236541efbbaef0a95bc54880.jpg;abaca5d9236541efbbaef0a95bc54880.jpg;3
data/images/4747cd8337e34676967848966b353670.jpg;4747cd8337e34676967848966b353670.jpg;3
data/images/b3e93fbe0d624486914788d524d13f3f.jpg;b3e93fbe0d624486914788d524d13f3f.jpg;3
data/images/72eb0ecd023a418fb1713653eb6afc75.jpg;72eb0ecd023a418fb1713653eb6afc75.jpg;3
data/images/3757d815536140b2babd484789a5bbaa.jpg;3757d815536140b2babd484789a5bbaa.jpg;3
data/images/284c514859134d94bf9bbbcba76a913a.jpg;284c514859134d94bf9bbbcba76a913a.jpg;3
data/images/b8f0f33c3b834e45b19fc6ea07497388.jpg;b8f0f33c3b834e45b19fc6ea07497388.jpg;3
data/images/c7f340477909428d88a281b40f53ace8.jpg;c7f340477909428d88a281b40f53ace8.jpg;3
data/images/494d969628324f7ebb5bda729afd8644.jpg;494d969628324f7ebb5bda729afd8644.jpg;3
data/images/7868fb705d8b4cb2a9483632ff497921.jpg;7868fb705d8b4cb2a9483632ff497921.jpg;3
data/images/e1adff51df8948848020425e5e236823.jpg;e1adff51df8948848020425e5e236823.jpg;3
data/images/fd68c06480c8439083905562353b6456.jpg;fd68c06480c8439083905562353b6456.jpg;3
data/images/97b2cdda898b48e29c8ba5f48811f6a1.jpg;97b2cdda898b48e29c8ba5f48811f6a1.jpg;3
data/images/cd509bf5dd444f7eb585040b04dae007.jpg;cd509bf5dd444f7eb585040b04dae007.jpg;3
data/images/d77f8476a3a5494bbfbb499c565e59df.jpg;d77f8476a3a5494bbfbb499c565e59df.jpg;3
data/images/e39bb5a902484bde88318d86ee7ddef9.jpg;e39bb5a902484bde88318d86ee7ddef9.jpg;3
data/images/4e6592b6550a44cfba3858e59c6963e5.jpg;4e6592b6550a44cfba3858e59c6963e5.jpg;3
data/images/97e72ce2aded47058e4c6c08b39be969.jpg;97e72ce2aded47058e4c6c08b39be969.jpg;3
data/images/a7c98197b334498486d45dafa4676eac.jpg;a7c98197b334498486d45dafa4676eac.jpg;3
data/images/406a64e82876410fa6dbed6a72a4ce67.jpg;406a64e82876410fa6dbed6a72a4ce67.jpg;3
data/images/417b013ca517493ebeb001892bb42944.jpg;417b013ca517493ebeb001892bb42944.jpg;3
data/images/01ac37becca34f9a9ef181712006dacd.jpg;01ac37becca34f9a9ef181712006dacd.jpg;3
data/images/3585f475f5a94debacffd7ed07893c2a.jpg;3585f475f5a94debacffd7ed07893c2a.jpg;3
data/images/f5140e3248724734a1a0cb8607480ec1.jpg;f5140e3248724734a1a0cb8607480ec1.jpg;3
data/images/0f9074245dd4411586f42869fba5a912.jpg;0f9074245dd4411586f42869fba5a912.jpg;3
data/images/d5e21a60fe5e4eaca4937c407b8d8bd6.jpg;d5e21a60fe5e4eaca4937c407b8d8bd6.jpg;3
data/images/3df6c3cdcec049a2adb8f902e3ec3421.jpg;3df6c3cdcec049a2adb8f902e3ec3421.jpg;3
data/images/cb1c5cb6b017496cb81c3a379d8c07f7.jpg;cb1c5cb6b017496cb81c3a379d8c07f7.jpg;3
data/images/de5729d1d71749c4bac182930c659acf.jpg;de5729d1d71749c4bac182930c659acf.jpg;3
data/images/8656dcf5b32544468f23b8fa42b2dc5d.jpg;8656dcf5b32544468f23b8fa42b2dc5d.jpg;3
data/images/878a54da81234e2eb055c1c26edf6c20.jpg;878a54da81234e2eb055c1c26edf6c20.jpg;3
data/images/896959dce31141289c23b6c6eba67354.jpg;896959dce31141289c23b6c6eba67354.jpg;3
data/images/3e4b54dcff5341a7af402ddcd7b7302c.jpg;3e4b54dcff5341a7af402ddcd7b7302c.jpg;3
data/images/cbb659f8a325465e9ffa447ff0292eca.jpg;cbb659f8a325465e9ffa447ff0292eca.jpg;3
data/images/c83876cfb294452eaeacbd124f7483b4.jpg;c83876cfb294452eaeacbd124f7483b4.jpg;3
data/images/b84920c0acb540988b2be284cee5522d.jpg;b84920c0acb540988b2be284cee5522d.jpg;3
data/images/2189244e48fb4ef791e6a5b1557d9ccc.jpg;2189244e48fb4ef791e6a5b1557d9ccc.jpg;3
data/images/d53ff9f71a5048f5ad8f82425ddc80f1.jpg;d53ff9f71a5048f5ad8f82425ddc80f1.jpg;3
data/images/cbb1b840f0614249b15f9e48a6a88477.jpg;cbb1b840f0614249b15f9e48a6a88477.jpg;3
data/images/4485439380534632bd111e872167ad2e.jpg;4485439380534632bd111e872167ad2e.jpg;3
data/images/9e44637cb6c44cf9b3b64dac0a20cc73.jpg;9e44637cb6c44cf9b3b64dac0a20cc73.jpg;3
data/images/e8e16612085849e9a7dbd6906534039e.jpg;e8e16612085849e9a7dbd6906534039e.jpg;3
data/images/88a6e2971ba545a28f73405cb9cce9de.jpg;88a6e2971ba545a28f73405cb9cce9de.jpg;3
data/images/d6f4c1504990485899362160c85f5ef1.jpg;d6f4c1504990485899362160c85f5ef1.jpg;3
data/images/73a9d01b051642e49046973046ac9347.jpg;73a9d01b051642e49046973046ac9347.jpg;3
data/images/537fd967e92f4a6bb0a61911b2294d8f.jpg;537fd967e92f4a6bb0a61911b2294d8f.jpg;3
data/images/f7c7ef412d35420aa59f0542e748abd8.jpg;f7c7ef412d35420aa59f0542e748abd8.jpg;3
data/images/c7eb275750d94ccc93c2984e92ac40d7.jpg;c7eb275750d94ccc93c2984e92ac40d7.jpg;3
data/images/69de079e8ac8430787ef8aca08350b5a.jpg;69de079e8ac8430787ef8aca08350b5a.jpg;3
data/images/f8b5ef8f9b0c44c1a4196cf07c789383.jpg;f8b5ef8f9b0c44c1a4196cf07c789383.jpg;3
data/images/3a9f31f859ec4bb5a7c54e3b0ed67eeb.jpg;3a9f31f859ec4bb5a7c54e3b0ed67eeb.jpg;3
data/images/b9b4251132af476789e7f4cbe326a623.jpg;b9b4251132af476789e7f4cbe326a623.jpg;3
data/images/d97a05b523324268a0af4a5fee80c59a.jpg;d97a05b523324268a0af4a5fee80c59a.jpg;3
data/images/0400305a6b014c3a9ddd60db68dfb948.jpg;0400305a6b014c3a9ddd60db68dfb948.jpg;3
data/images/2f40e9ff2b4a40f486158e227f3c40e0.jpg;2f40e9ff2b4a40f486158e227f3c40e0.jpg;3
data/images/2bf5899f0cd64ef9b1269b8e942a5d6f.jpg;2bf5899f0cd64ef9b1269b8e942a5d6f.jpg;3
data/images/208ea87369e14af38eceb1e3693d244f.jpg;208ea87369e14af38eceb1e3693d244f.jpg;3
data/images/6c66af898ac14a7982e6df828e361386.jpg;6c66af898ac14a7982e6df828e361386.jpg;3
data/images/54738b80c9224208b88c23000f48be9b.jpg;54738b80c9224208b88c23000f48be9b.jpg;3
data/images/04d69c12b0e0438da42ca51a55799b07.jpg;04d69c12b0e0438da42ca51a55799b07.jpg;3
data/images/b6d30588182c437e8301a45793f42f18.jpg;b6d30588182c437e8301a45793f42f18.jpg;3
data/images/0dcffa9318e24acc99e97a90f075f2cb.jpg;0dcffa9318e24acc99e97a90f075f2cb.jpg;3
data/images/f6dc55f1865e488cb0ffaeb2b9d7988a.jpg;f6dc55f1865e488cb0ffaeb2b9d7988a.jpg;3
data/images/9aa73e4447814d8aad88edfb0f2d0d70.jpg;9aa73e4447814d8aad88edfb0f2d0d70.jpg;3
data/images/74879a1ede5e4f718a662d5dc9c14ed3.jpg;74879a1ede5e4f718a662d5dc9c14ed3.jpg;3
data/images/b248146aab084aaa9d8de20b489e805b.jpg;b248146aab084aaa9d8de20b489e805b.jpg;3
data/images/553436b5420c4c18a206900bc5ba287d.jpg;553436b5420c4c18a206900bc5ba287d.jpg;3
data/images/fda540fa043345348df7e2e2315b31ca.jpg;fda540fa043345348df7e2e2315b31ca.jpg;3
data/images/eb49551a34074c37931f2949c881e3de.jpg;eb49551a34074c37931f2949c881e3de.jpg;3
data/images/39e068db484a49aebda6ba368eabd2d2.jpg;39e068db484a49aebda6ba368eabd2d2.jpg;3
data/images/766b5067cfb948bd9aa44d935127174d.jpg;766b5067cfb948bd9aa44d935127174d.jpg;3
data/images/b587a311dc10430f9356fbd2fcd72986.jpg;b587a311dc10430f9356fbd2fcd72986.jpg;3
data/images/64adeb96def44e4f99b5dc1054ae7b66.jpg;64adeb96def44e4f99b5dc1054ae7b66.jpg;3
data/images/5444daaf9eec437293ad898ec7eac09f.jpg;5444daaf9eec437293ad898ec7eac09f.jpg;3
data/images/be8280edd91a4509b089504c0ed2b595.jpg;be8280edd91a4509b089504c0ed2b595.jpg;3
data/images/0f355b4c525f49488bc73416c0760c91.jpg;0f355b4c525f49488bc73416c0760c91.jpg;3
data/images/da2ae0aa90d848219c48de346f9af25a.jpg;da2ae0aa90d848219c48de346f9af25a.jpg;3
data/images/8be0c9124a744d21b44631d7bb17e944.jpg;8be0c9124a744d21b44631d7bb17e944.jpg;3
data/images/5dfbcffed60c492d8416c3c8ef7116a9.jpg;5dfbcffed60c492d8416c3c8ef7116a9.jpg;3
data/images/2c4a7723364d4e319d8b33d97142edda.jpg;2c4a7723364d4e319d8b33d97142edda.jpg;3
data/images/4a398e91182a45cfb5747924a6f61989.jpg;4a398e91182a45cfb5747924a6f61989.jpg;3
data/images/9a9a6a3759064f639e3ad2ae4be3dce6.jpg;9a9a6a3759064f639e3ad2ae4be3dce6.jpg;3
data/images/f1679a4c32e04dbe9b0496df3566eee0.jpg;f1679a4c32e04dbe9b0496df3566eee0.jpg;3
data/images/82e3ba97f51547faa82e7de96a3890d7.jpg;82e3ba97f51547faa82e7de96a3890d7.jpg;3
data/images/d2e24654d72d4660a385bed623aa96c8.jpg;d2e24654d72d4660a385bed623aa96c8.jpg;3
data/images/669e3d2fc97b4d4d92353c0ab2470c50.jpg;669e3d2fc97b4d4d92353c0ab2470c50.jpg;3
data/images/16d4a8d2efa648ce9dfcab8c38540668.jpg;16d4a8d2efa648ce9dfcab8c38540668.jpg;3
data/images/9d19153e3d034b55a9d58f3ee1559205.jpg;9d19153e3d034b55a9d58f3ee1559205.jpg;3
data/images/f6c596e891c74d3896dbe3048185d5cf.jpg;f6c596e891c74d3896dbe3048185d5cf.jpg;3
data/images/85cf0e67f21a4db9ae3985e7e6cc26ca.jpg;85cf0e67f21a4db9ae3985e7e6cc26ca.jpg;3
data/images/7a082c5ddccf4a61a67510770e014033.jpg;7a082c5ddccf4a61a67510770e014033.jpg;3
data/images/085ef3019b904cb0bc7e08a35f1d176c.jpg;085ef3019b904cb0bc7e08a35f1d176c.jpg;3
data/images/1c61ac94685e4e19b5ee3debd473f443.jpg;1c61ac94685e4e19b5ee3debd473f443.jpg;3
data/images/a9d5036a903546738ef98bc1b757954f.jpg;a9d5036a903546738ef98bc1b757954f.jpg;3
data/images/09de02ecde64405c926be189365b158f.jpg;09de02ecde64405c926be189365b158f.jpg;3
data/images/24b8487e937148bca3e33fbb2f0e76d9.jpg;24b8487e937148bca3e33fbb2f0e76d9.jpg;3
data/images/3f1009ec58fc4a5c82a1e1786f8be660.jpg;3f1009ec58fc4a5c82a1e1786f8be660.jpg;3
data/images/50061db4dc804976a69627de4432b6f1.jpg;50061db4dc804976a69627de4432b6f1.jpg;3
data/images/4e02e02f05ef4214bebff32e219ffa8e.jpg;4e02e02f05ef4214bebff32e219ffa8e.jpg;3
data/images/16702eda48814fdb852395f6bb5f82b4.jpg;16702eda48814fdb852395f6bb5f82b4.jpg;3
data/images/6c7fa5188e734c40bf2cc644db5d0fdb.jpg;6c7fa5188e734c40bf2cc644db5d0fdb.jpg;3
data/images/0ee0875c108f4032a7ce9a83ce2b9bd1.jpg;0ee0875c108f4032a7ce9a83ce2b9bd1.jpg;3
data/images/3bf43cb4b7a74fd7affb1f3f2aca1882.jpg;3bf43cb4b7a74fd7affb1f3f2aca1882.jpg;3
data/images/1e32f7b0e52d40b690d722b271c9f3eb.jpg;1e32f7b0e52d40b690d722b271c9f3eb.jpg;3
data/images/593c11fa96d5461a87e6483480d4f5e3.jpg;593c11fa96d5461a87e6483480d4f5e3.jpg;3
data/images/e0efd249f90343ae8053645d36a8e00b.jpg;e0efd249f90343ae8053645d36a8e00b.jpg;3
data/images/cef9efe4b1bd4fba91038ad769c70171.jpg;cef9efe4b1bd4fba91038ad769c70171.jpg;3
data/images/5ee69772d15441a9ace5987b26c3ea33.jpg;5ee69772d15441a9ace5987b26c3ea33.jpg;3
data/images/7f660245861d4301912872c21b33cb73.jpg;7f660245861d4301912872c21b33cb73.jpg;3
data/images/590268a6b2aa47ff8c5040fa0f5ff624.jpg;590268a6b2aa47ff8c5040fa0f5ff624.jpg;3
data/images/d9f087eef509470bb966a83938ab9300.jpg;d9f087eef509470bb966a83938ab9300.jpg;3
data/images/a5b57cadb7b14ad7b4274864b92f9153.jpg;a5b57cadb7b14ad7b4274864b92f9153.jpg;3
data/images/4c77dffe0dd440dcb9c31c1f052fd33e.jpg;4c77dffe0dd440dcb9c31c1f052fd33e.jpg;3
data/images/8b6dd6f08565409cb881092136a9fe11.jpg;8b6dd6f08565409cb881092136a9fe11.jpg;3
data/images/b36bb31d8491497ab0621be5d3124939.jpg;b36bb31d8491497ab0621be5d3124939.jpg;3
data/images/0a17b93c1af242e2aae1c99514d06568.jpg;0a17b93c1af242e2aae1c99514d06568.jpg;3
data/images/f0e8ae1f20cd4c8fb0eb5953c2893eae.jpg;f0e8ae1f20cd4c8fb0eb5953c2893eae.jpg;3
data/images/7c79794d24954a0fa27b53795553b477.jpg;7c79794d24954a0fa27b53795553b477.jpg;3
data/images/9627afc29d3f43ac886d14dc50e4552f.jpg;9627afc29d3f43ac886d14dc50e4552f.jpg;3
data/images/c4dec526c64b4d848f153ea79b72ae40.jpg;c4dec526c64b4d848f153ea79b72ae40.jpg;3
data/images/fc6aaa9a869a410db44e93f2c53b53de.jpg;fc6aaa9a869a410db44e93f2c53b53de.jpg;3
data/images/6f2e6015b5f34011bdd4fcf9943a7ad5.jpg;6f2e6015b5f34011bdd4fcf9943a7ad5.jpg;3
data/images/6f49bbb1d0804c44948ce6b8485508f8.jpg;6f49bbb1d0804c44948ce6b8485508f8.jpg;3
data/images/98f85296fe1b4519b994326ec79312e6.jpg;98f85296fe1b4519b994326ec79312e6.jpg;3
data/images/93b23eb949cf47caa858fe3b13fd3868.jpg;93b23eb949cf47caa858fe3b13fd3868.jpg;3
data/images/5081d76855e048b0b5b5d4723695d8b1.jpg;5081d76855e048b0b5b5d4723695d8b1.jpg;3
data/images/1ae0d8e1cc074808b5a4de1eebc45734.jpg;1ae0d8e1cc074808b5a4de1eebc45734.jpg;3
data/images/05ed6f9136b84406b9dda2458d08a679.jpg;05ed6f9136b84406b9dda2458d08a679.jpg;3
data/images/1453a5bfb22d4ffbb37b46a3fb7fb8e6.jpg;1453a5bfb22d4ffbb37b46a3fb7fb8e6.jpg;3
data/images/0a285584702447edbe0c4a473b2ab4e8.jpg;0a285584702447edbe0c4a473b2ab4e8.jpg;3
data/images/8d32b1e16cb340c3b7ef9afadb4a945d.jpg;8d32b1e16cb340c3b7ef9afadb4a945d.jpg;3
data/images/00a7233a4d564357844d59b7b38aa85a.jpg;00a7233a4d564357844d59b7b38aa85a.jpg;3
data/images/36262e361f61451d96bb6bf76f05b7ce.jpg;36262e361f61451d96bb6bf76f05b7ce.jpg;3
data/images/7abd9d659ba54c3987bd2cc474ae0c98.jpg;7abd9d659ba54c3987bd2cc474ae0c98.jpg;3
data/images/336bddf1b3fc4acbbaa0a1031b8d190c.jpg;336bddf1b3fc4acbbaa0a1031b8d190c.jpg;3
data/images/8d9f353dc243476a97f838a62391886f.jpg;8d9f353dc243476a97f838a62391886f.jpg;3
data/images/9bf7f70369e042eb9d836b76531e2efa.jpg;9bf7f70369e042eb9d836b76531e2efa.jpg;3
data/images/99db41149ae642c18e5ebdb303b9e808.jpg;99db41149ae642c18e5ebdb303b9e808.jpg;3
data/images/0a54da74e6ad4cbdb96c9666313bdf44.jpg;0a54da74e6ad4cbdb96c9666313bdf44.jpg;3
data/images/59ce7868217747a5a05b69de3ab02b12.jpg;59ce7868217747a5a05b69de3ab02b12.jpg;3
data/images/7ccfa77e4cd94bfb91b7a9e87cdd09c7.jpg;7ccfa77e4cd94bfb91b7a9e87cdd09c7.jpg;3
data/images/5143a4a0d62c4bd5a65f51a46f6206db.jpg;5143a4a0d62c4bd5a65f51a46f6206db.jpg;3
data/images/b9308a7365a44bea8778a29bf1a784dc.jpg;b9308a7365a44bea8778a29bf1a784dc.jpg;3
data/images/24c62da6548a4a76aff6206eb7d85428.jpg;24c62da6548a4a76aff6206eb7d85428.jpg;3
data/images/3199cb5c288f40adb09ee6dc33cceded.jpg;3199cb5c288f40adb09ee6dc33cceded.jpg;3
data/images/8647c700f301496ea2a14e07c0cf9160.jpg;8647c700f301496ea2a14e07c0cf9160.jpg;3
data/images/50efc810a4b5461c9387b14ccf712f79.jpg;50efc810a4b5461c9387b14ccf712f79.jpg;3
data/images/a26f5226ed6a4952bebff1fbdfb9d139.jpg;a26f5226ed6a4952bebff1fbdfb9d139.jpg;3
data/images/160c9413e71e4542951a4f18cbe6a074.jpg;160c9413e71e4542951a4f18cbe6a074.jpg;3
data/images/1558545a03394af89e21198af4d66209.jpg;1558545a03394af89e21198af4d66209.jpg;3
data/images/1bb052a795534bb7ac6cdfd46e7cf5dc.jpg;1bb052a795534bb7ac6cdfd46e7cf5dc.jpg;3
data/images/7071358549234a8895ab79868d0e2258.jpg;7071358549234a8895ab79868d0e2258.jpg;3
data/images/e43985ffcbba4ae98f91d4c6b1d9c167.jpg;e43985ffcbba4ae98f91d4c6b1d9c167.jpg;3
data/images/bcfd6522f4e04ac2aca5da2ca504ea6b.jpg;bcfd6522f4e04ac2aca5da2ca504ea6b.jpg;3
data/images/3cd19a4a7c114449a916721a28d3a9c8.jpg;3cd19a4a7c114449a916721a28d3a9c8.jpg;3
data/images/7a920069e8bb4683adefdd044c54f562.jpg;7a920069e8bb4683adefdd044c54f562.jpg;3
data/images/ee03cc8998b84c9e95d811a3268010a2.jpg;ee03cc8998b84c9e95d811a3268010a2.jpg;3
data/images/80ae5e7639c943e1b5c05d73d993ea9e.jpg;80ae5e7639c943e1b5c05d73d993ea9e.jpg;3
data/images/17bd766532bf4622a6cecc970949fe6e.jpg;17bd766532bf4622a6cecc970949fe6e.jpg;3
data/images/637a1f4aa6254418abe29415c78eba8e.jpg;637a1f4aa6254418abe29415c78eba8e.jpg;3
data/images/6e0a7471bc2a40ee99856f1226e0dd35.jpg;6e0a7471bc2a40ee99856f1226e0dd35.jpg;3
data/images/6046cff81e1d4410bbe6c67fff067d3c.jpg;6046cff81e1d4410bbe6c67fff067d3c.jpg;3
data/images/fbaf54ada59e4ae0a43d942742285e99.jpg;fbaf54ada59e4ae0a43d942742285e99.jpg;3
data/images/63024d029c894753ae0a0061e39ba4a9.jpg;63024d029c894753ae0a0061e39ba4a9.jpg;3
data/images/a5ff74223254457d95dea17db0b39d5a.jpg;a5ff74223254457d95dea17db0b39d5a.jpg;3
data/images/09a2630d36144610ac1e16e0a8c56a04.jpg;09a2630d36144610ac1e16e0a8c56a04.jpg;3
data/images/129d15788be24536a48f38684bb7f718.jpg;129d15788be24536a48f38684bb7f718.jpg;3
data/images/2207a05af6194c49b339cb8106e3e9c8.jpg;2207a05af6194c49b339cb8106e3e9c8.jpg;3
data/images/b4d3d70410224bf680d9101a49050baf.jpg;b4d3d70410224bf680d9101a49050baf.jpg;3
data/images/78ec4b80dcb64473b16c30ec585a7994.jpg;78ec4b80dcb64473b16c30ec585a7994.jpg;3
data/images/e629317eb9434e1d8de5883c36aa2686.jpg;e629317eb9434e1d8de5883c36aa2686.jpg;3
data/images/7f2414d556984e1ba8fedb2c987c6e58.jpg;7f2414d556984e1ba8fedb2c987c6e58.jpg;3
data/images/86a6b575b89d417d8100e6e9b8aefb0a.jpg;86a6b575b89d417d8100e6e9b8aefb0a.jpg;3
data/images/7f2e63f9978240afad9d09a21a35be47.jpg;7f2e63f9978240afad9d09a21a35be47.jpg;3
data/images/2ebb4e131121473880690efb1436a998.jpg;2ebb4e131121473880690efb1436a998.jpg;3
data/images/630af64250644c03bb4729b5197fe804.jpg;630af64250644c03bb4729b5197fe804.jpg;3
data/images/e2876cc94bbd49298c7dc591203787bc.jpg;e2876cc94bbd49298c7dc591203787bc.jpg;3
data/images/ddba94f6a5524385889c028cb79013a0.jpg;ddba94f6a5524385889c028cb79013a0.jpg;3
data/images/997f8dccb818436f8fca8edafbd05dff.jpg;997f8dccb818436f8fca8edafbd05dff.jpg;3
data/images/f813ce367cd04d4a821089f72d8e346b.jpg;f813ce367cd04d4a821089f72d8e346b.jpg;3
data/images/b702b8b2c21e4b5b9cefa124f46a7bc8.jpg;b702b8b2c21e4b5b9cefa124f46a7bc8.jpg;3
data/images/973c428ab67d49eca27e1520ab5777f0.jpg;973c428ab67d49eca27e1520ab5777f0.jpg;3
data/images/061c2ddbc5fb460d805ab59c27d98fe2.jpg;061c2ddbc5fb460d805ab59c27d98fe2.jpg;3
data/images/b87bb9b99c384269b053eb141eeca121.jpg;b87bb9b99c384269b053eb141eeca121.jpg;3
data/images/335a6e5950c441bba6a6c6719d04074e.jpg;335a6e5950c441bba6a6c6719d04074e.jpg;3
data/images/19f2c50263c44c14b3489711119a14b1.jpg;19f2c50263c44c14b3489711119a14b1.jpg;3
data/images/2310c800929f4b9a853ebd21c8cf9719.jpg;2310c800929f4b9a853ebd21c8cf9719.jpg;3
data/images/42ccaa845bf44914963b37894be9d2c9.jpg;42ccaa845bf44914963b37894be9d2c9.jpg;3
data/images/468e19c25d4f48568d35642cdfb01c73.jpg;468e19c25d4f48568d35642cdfb01c73.jpg;3
data/images/599737d8374d4387bb4254d671f22a8d.jpg;599737d8374d4387bb4254d671f22a8d.jpg;3
data/images/61933c6db2744220b38371a1e39e9a13.jpg;61933c6db2744220b38371a1e39e9a13.jpg;3
data/images/d77e78accc4d44f4a2deea245990b1ab.jpg;d77e78accc4d44f4a2deea245990b1ab.jpg;3
data/images/0d465e0c265d431a919cd8d87b958b55.jpg;0d465e0c265d431a919cd8d87b958b55.jpg;3
data/images/3506d17fe7554e98a464b6db88bf6af8.jpg;3506d17fe7554e98a464b6db88bf6af8.jpg;3
data/images/9331164c50394a0bafd56768b3f7047c.jpg;9331164c50394a0bafd56768b3f7047c.jpg;3
data/images/4510deb0622b4742bd8bee6569a8609c.jpg;4510deb0622b4742bd8bee6569a8609c.jpg;3
data/images/c04b4834d1fd4007984b663d026cf877.jpg;c04b4834d1fd4007984b663d026cf877.jpg;3
data/images/18b2390397964d81859f120dc23c33cd.jpg;18b2390397964d81859f120dc23c33cd.jpg;3
data/images/2fea19fa31754f8a8a1be480ce25735e.jpg;2fea19fa31754f8a8a1be480ce25735e.jpg;3
data/images/8cb404eadfe442a49e480810e10fe276.jpg;8cb404eadfe442a49e480810e10fe276.jpg;3
data/images/89619789cd16430595527721b53870e8.jpg;89619789cd16430595527721b53870e8.jpg;3
data/images/831ed32b723a4e3b86f6614524b7db53.jpg;831ed32b723a4e3b86f6614524b7db53.jpg;3
data/images/d6485d4357264e40826870f751a3bc18.jpg;d6485d4357264e40826870f751a3bc18.jpg;3
data/images/315d44a985c94d7f88e02a47512fecd4.jpg;315d44a985c94d7f88e02a47512fecd4.jpg;3
data/images/525bac1b84d944388f9e28fde2e342c7.jpg;525bac1b84d944388f9e28fde2e342c7.jpg;3
data/images/ff387c726cc74d3faef6fce1874b1e7a.jpg;ff387c726cc74d3faef6fce1874b1e7a.jpg;3
data/images/2334d53d9b9d4fce8b5244e80b4547b1.jpg;2334d53d9b9d4fce8b5244e80b4547b1.jpg;3
data/images/fc38763ec64141e79dc4c034ea15ba28.jpg;fc38763ec64141e79dc4c034ea15ba28.jpg;3
data/images/62a25be889224789bc323d3658e5a184.jpg;62a25be889224789bc323d3658e5a184.jpg;3
data/images/5116a2477ef348dbb031177b95f90304.jpg;5116a2477ef348dbb031177b95f90304.jpg;3
data/images/8b82db98bb30496e85cab709d07f7142.jpg;8b82db98bb30496e85cab709d07f7142.jpg;3
data/images/d82b982e41884e4a83e4c9bf57c54310.jpg;d82b982e41884e4a83e4c9bf57c54310.jpg;3
data/images/92f01f36bd144314ad7435f847182985.jpg;92f01f36bd144314ad7435f847182985.jpg;3
data/images/afcf3eb097c94b8bb8693299d8f78290.jpg;afcf3eb097c94b8bb8693299d8f78290.jpg;3
data/images/cb216e6be83a43e99f7eef3f9eb0e469.jpg;cb216e6be83a43e99f7eef3f9eb0e469.jpg;3
data/images/f7c86c5c773044b99e5b0f6cd21a2e80.jpg;f7c86c5c773044b99e5b0f6cd21a2e80.jpg;3
data/images/cbfd789e23254be4af3ed34171b831cb.jpg;cbfd789e23254be4af3ed34171b831cb.jpg;3
data/images/b13da1846bd3419da7186ab9be41601f.jpg;b13da1846bd3419da7186ab9be41601f.jpg;3
data/images/40a8aa7a5d674ec2b6af244fbcafd6f3.jpg;40a8aa7a5d674ec2b6af244fbcafd6f3.jpg;3
data/images/6c524d57f9b3463e8d39f8a65f9846f8.jpg;6c524d57f9b3463e8d39f8a65f9846f8.jpg;3
data/images/2283ba3215c24ce3b314cdcb13cffd69.jpg;2283ba3215c24ce3b314cdcb13cffd69.jpg;3
data/images/31e57b3d392a41e39daf4492b6ee5c3c.jpg;31e57b3d392a41e39daf4492b6ee5c3c.jpg;3
data/images/670b3f7d0f004d4a96b9c8400db82715.jpg;670b3f7d0f004d4a96b9c8400db82715.jpg;3
data/images/b0ed816c99864b0b8cbac3782a5646f5.jpg;b0ed816c99864b0b8cbac3782a5646f5.jpg;3
data/images/77cf1c7006fb42088e6e4deb0085ca67.jpg;77cf1c7006fb42088e6e4deb0085ca67.jpg;3
data/images/c0c5a7e68b0146c4a90c096e6a96f3b0.jpg;c0c5a7e68b0146c4a90c096e6a96f3b0.jpg;3
data/images/7cbf39ef6f9e440abaabf6a08d42ac57.jpg;7cbf39ef6f9e440abaabf6a08d42ac57.jpg;3
data/images/c6562d5bd676496293aef7a0ded4400b.jpg;c6562d5bd676496293aef7a0ded4400b.jpg;3
data/images/3a15d69fd0964e60a74bc672f73d1a2c.jpg;3a15d69fd0964e60a74bc672f73d1a2c.jpg;3
data/images/ea17d422815942a1b77dc2f7eb93c52b.jpg;ea17d422815942a1b77dc2f7eb93c52b.jpg;3
data/images/302841a54c3e48c8a6edbd79faf6b914.jpg;302841a54c3e48c8a6edbd79faf6b914.jpg;3
data/images/a655983b5d04418f9188f4253833d687.jpg;a655983b5d04418f9188f4253833d687.jpg;3
data/images/df934255d1c84c319f0f3d77d6cb5fa6.jpg;df934255d1c84c319f0f3d77d6cb5fa6.jpg;3
data/images/6aa103f9a5ec4fb3afa4762a0340bd4c.jpg;6aa103f9a5ec4fb3afa4762a0340bd4c.jpg;3
data/images/bfdd980397854d5d878032d3375ac6a3.jpg;bfdd980397854d5d878032d3375ac6a3.jpg;3
data/images/63bb6dba37b9451eaeab0e521fcaf9d3.jpg;63bb6dba37b9451eaeab0e521fcaf9d3.jpg;3
data/images/5388009d908c41009d2326adf7a71884.jpg;5388009d908c41009d2326adf7a71884.jpg;3
data/images/dfce5cc1c71d4c6eb3672190c6dc6eaa.jpg;dfce5cc1c71d4c6eb3672190c6dc6eaa.jpg;3
data/images/b7b1225ac32148a7893865fd61981abd.jpg;b7b1225ac32148a7893865fd61981abd.jpg;3
data/images/5cfecb33785240589008621ff961b7cc.jpg;5cfecb33785240589008621ff961b7cc.jpg;3
data/images/1f43eb9951af43498b1a8050c6e1c5ad.jpg;1f43eb9951af43498b1a8050c6e1c5ad.jpg;3
data/images/6881c60c4f82446db280c6ab6a44fad0.jpg;6881c60c4f82446db280c6ab6a44fad0.jpg;3
data/images/1a3abe674e53419baf64dd6f0315dd0b.jpg;1a3abe674e53419baf64dd6f0315dd0b.jpg;3
data/images/5e7204b24c564535baa4f19018e4f604.jpg;5e7204b24c564535baa4f19018e4f604.jpg;3
data/images/19582bd8f93745dfa27cdf61229aa61d.jpg;19582bd8f93745dfa27cdf61229aa61d.jpg;3
data/images/a541962dbb3848e5a744e7fc724cf5b9.jpg;a541962dbb3848e5a744e7fc724cf5b9.jpg;3
data/images/de4f1c8e8a7e4cadb07ac64a9f94027d.jpg;de4f1c8e8a7e4cadb07ac64a9f94027d.jpg;3
data/images/7df9354a01a1454dae537918d37e1df3.jpg;7df9354a01a1454dae537918d37e1df3.jpg;3
data/images/3b463b1344f14139961e9336ccf02e9e.jpg;3b463b1344f14139961e9336ccf02e9e.jpg;3
data/images/d7ae5f4af7844228ab2dea1db1755620.jpg;d7ae5f4af7844228ab2dea1db1755620.jpg;3
data/images/24ff4a93eb0d48e190a8abb9c6df37d4.jpg;24ff4a93eb0d48e190a8abb9c6df37d4.jpg;3
data/images/d0ff490d75d8442bbbe90854c6a35ed3.jpg;d0ff490d75d8442bbbe90854c6a35ed3.jpg;3
data/images/250f1949dc3f4413b56f9adb6d7e6744.jpg;250f1949dc3f4413b56f9adb6d7e6744.jpg;3
data/images/ea248040df1840a595eac9089264c901.jpg;ea248040df1840a595eac9089264c901.jpg;3
data/images/e21366672d9c4a0c81cfd9cc165d32fc.jpg;e21366672d9c4a0c81cfd9cc165d32fc.jpg;3
data/images/af58e683b76c4be18a7b947fa1aad5e3.jpg;af58e683b76c4be18a7b947fa1aad5e3.jpg;3
data/images/2bb07e7a459d426bb48b72f14cfa2858.jpg;2bb07e7a459d426bb48b72f14cfa2858.jpg;3
data/images/2117a05183264da29ab4bb118d8141b4.jpg;2117a05183264da29ab4bb118d8141b4.jpg;3
data/images/2ea0951ea96c4d10b0bbd64b73a298e6.jpg;2ea0951ea96c4d10b0bbd64b73a298e6.jpg;3
data/images/b7de5b9f8cf649a68cd52654617e6bd6.jpg;b7de5b9f8cf649a68cd52654617e6bd6.jpg;3
data/images/b442ce1d948b4fd7a2f3686307668871.jpg;b442ce1d948b4fd7a2f3686307668871.jpg;3
data/images/6447643bcaf848ae9c797cb7b744f3e9.jpg;6447643bcaf848ae9c797cb7b744f3e9.jpg;3
data/images/005c8ca282ba4f16b10b5322b0af2989.jpg;005c8ca282ba4f16b10b5322b0af2989.jpg;3
data/images/962e5a80dece4b1090d25abc350558f8.jpg;962e5a80dece4b1090d25abc350558f8.jpg;3
data/images/f277863caa4140079389ea3de54553b7.jpg;f277863caa4140079389ea3de54553b7.jpg;3
data/images/c49436f304cd4d788ee4897352b7f45f.jpg;c49436f304cd4d788ee4897352b7f45f.jpg;3
data/images/3f2b49472cc44a6db5f967e439f27371.jpg;3f2b49472cc44a6db5f967e439f27371.jpg;3
data/images/936d28390253410988ba67afdb41e5c2.jpg;936d28390253410988ba67afdb41e5c2.jpg;3
data/images/8b003529104f4c4cbb134e2cc1ecb9ac.jpg;8b003529104f4c4cbb134e2cc1ecb9ac.jpg;3
data/images/63dec4e1458742a5870b95fc6ac2c0c8.jpg;63dec4e1458742a5870b95fc6ac2c0c8.jpg;3
data/images/b8a796c5ec08441c8348cedd9b5cd06b.jpg;b8a796c5ec08441c8348cedd9b5cd06b.jpg;3
data/images/bfdf6dd48c4e4d2b90648341e4cc3047.jpg;bfdf6dd48c4e4d2b90648341e4cc3047.jpg;3
data/images/90535a1b6a4347298f080781ba0c90f3.jpg;90535a1b6a4347298f080781ba0c90f3.jpg;3
data/images/e09969d0829546c7876ef3b1a60e1b24.jpg;e09969d0829546c7876ef3b1a60e1b24.jpg;3
data/images/4c8d01dab4734593a6cd399066a1bdc7.jpg;4c8d01dab4734593a6cd399066a1bdc7.jpg;3
data/images/ebf8689ee31748599e9f8070b2558a73.jpg;ebf8689ee31748599e9f8070b2558a73.jpg;3
data/images/a73627ed3e9442849c75b82e0a891b8f.jpg;a73627ed3e9442849c75b82e0a891b8f.jpg;3
data/images/bde1befdf85b40da9dd8dc7bd0c3fe86.jpg;bde1befdf85b40da9dd8dc7bd0c3fe86.jpg;3
data/images/626bceffea914a20914fc09e3dcbe14b.jpg;626bceffea914a20914fc09e3dcbe14b.jpg;3
data/images/dc789cf642024865bef2ca69f8b553b5.jpg;dc789cf642024865bef2ca69f8b553b5.jpg;3
data/images/9ed3f02161a442b8ba63f7875edab373.jpg;9ed3f02161a442b8ba63f7875edab373.jpg;3
data/images/bd9a239fc6694c8cb2d8a24238039541.jpg;bd9a239fc6694c8cb2d8a24238039541.jpg;3
data/images/6f1f84bc2eb64730be3583fb0d9b9cad.jpg;6f1f84bc2eb64730be3583fb0d9b9cad.jpg;3
data/images/74a8ce14158b47d3862f096f64d28e14.jpg;74a8ce14158b47d3862f096f64d28e14.jpg;3
data/images/da8fe9529cb347ba88ff782bbdfe6d2a.jpg;da8fe9529cb347ba88ff782bbdfe6d2a.jpg;3
data/images/d864237c904c406f9f7cc9b66b5fd7f7.jpg;d864237c904c406f9f7cc9b66b5fd7f7.jpg;3
data/images/32180e4c2d8d415fb170ed567cf28726.jpg;32180e4c2d8d415fb170ed567cf28726.jpg;3
data/images/71c0f9e6d2d84cc6a60cfea5bf55d226.jpg;71c0f9e6d2d84cc6a60cfea5bf55d226.jpg;3
data/images/bad31951dc394d02b8a1b830d3dcf3ab.jpg;bad31951dc394d02b8a1b830d3dcf3ab.jpg;3
data/images/6974972cafc14072a240330644b88ecc.jpg;6974972cafc14072a240330644b88ecc.jpg;3
data/images/848c57cf16934943bc35ff0c8c9b8e7a.jpg;848c57cf16934943bc35ff0c8c9b8e7a.jpg;3
data/images/1ca0b8ddbc5a4cc8ab04b78c9aabaf83.jpg;1ca0b8ddbc5a4cc8ab04b78c9aabaf83.jpg;3
data/images/d0e3bed18b55406e8925b5451d5eb764.jpg;d0e3bed18b55406e8925b5451d5eb764.jpg;3
data/images/897762a33d2f4727a2dc6d45cffc5276.jpg;897762a33d2f4727a2dc6d45cffc5276.jpg;3
data/images/5560e6fd12cf49ecb5977f95b1c09e4f.jpg;5560e6fd12cf49ecb5977f95b1c09e4f.jpg;3
data/images/2f68a4c7c1c24f3b873c6a574f926e3b.jpg;2f68a4c7c1c24f3b873c6a574f926e3b.jpg;3
data/images/1b3cdac257c44c849c1c64c5d60f5dde.jpg;1b3cdac257c44c849c1c64c5d60f5dde.jpg;3
data/images/9f8077acec2a470aa66279e9683066c3.jpg;9f8077acec2a470aa66279e9683066c3.jpg;3
data/images/2500167204fa4fd0ae11a6025834ea8d.jpg;2500167204fa4fd0ae11a6025834ea8d.jpg;3
data/images/d7a622d1c132483b94d317d6eaa94bf2.jpg;d7a622d1c132483b94d317d6eaa94bf2.jpg;3
data/images/64160c11015a4815ab054049334ae516.jpg;64160c11015a4815ab054049334ae516.jpg;3
data/images/770f7f662f394be7879cf3bfc0b695b7.jpg;770f7f662f394be7879cf3bfc0b695b7.jpg;3
data/images/7733fcf6a62d457da354658221589b7c.jpg;7733fcf6a62d457da354658221589b7c.jpg;3
data/images/f7f707fdb38b4810a550d3b05801574f.jpg;f7f707fdb38b4810a550d3b05801574f.jpg;3
data/images/8aeb840a73cd45aa8cca69355ef08bb6.jpg;8aeb840a73cd45aa8cca69355ef08bb6.jpg;3
data/images/25f0b27c0006447c9db5c0f1388a8edc.jpg;25f0b27c0006447c9db5c0f1388a8edc.jpg;3
data/images/624bdcb37f0d442ebe8e167d5751c683.jpg;624bdcb37f0d442ebe8e167d5751c683.jpg;3
data/images/9c2f098a0bb7489c9694a1a780fd48de.jpg;9c2f098a0bb7489c9694a1a780fd48de.jpg;3
data/images/19f3a39da88640e28c5f4c5da366563f.jpg;19f3a39da88640e28c5f4c5da366563f.jpg;3
data/images/165f78507f0d42f0a10d4890e6d556ea.jpg;165f78507f0d42f0a10d4890e6d556ea.jpg;3
data/images/5d5b99b98c7a42d4aa9df259710af8a0.jpg;5d5b99b98c7a42d4aa9df259710af8a0.jpg;3
data/images/30fb57f8930441469303a5d78ce8bb68.jpg;30fb57f8930441469303a5d78ce8bb68.jpg;3
data/images/4483e4fe9cbf4b3994a0f9f9175bf59f.jpg;4483e4fe9cbf4b3994a0f9f9175bf59f.jpg;3
data/images/4bc5b068432847798559e4c2a327cfe9.jpg;4bc5b068432847798559e4c2a327cfe9.jpg;3
data/images/03494e039521418889c9eb2f3c010e28.jpg;03494e039521418889c9eb2f3c010e28.jpg;3
data/images/ac0fd7f62584462f95942647a0e25935.jpg;ac0fd7f62584462f95942647a0e25935.jpg;3
data/images/7242b0b53ef047ad8bc14fd9afa4e01d.jpg;7242b0b53ef047ad8bc14fd9afa4e01d.jpg;3
data/images/7883883c741746c9bcb4f72a97fa3d0f.jpg;7883883c741746c9bcb4f72a97fa3d0f.jpg;3
data/images/147f6078689b4d5ba50864fe10ceb54b.jpg;147f6078689b4d5ba50864fe10ceb54b.jpg;3
data/images/04de82bc978e4beb84155707267248e6.jpg;04de82bc978e4beb84155707267248e6.jpg;3
data/images/58ab14a6bab44f67a108d7f040dc124e.jpg;58ab14a6bab44f67a108d7f040dc124e.jpg;3
data/images/591c73d0c5844f3b98f1fdb50b60884a.jpg;591c73d0c5844f3b98f1fdb50b60884a.jpg;3
data/images/769b58f9a17640d091ebb3e9519870b6.jpg;769b58f9a17640d091ebb3e9519870b6.jpg;3
data/images/363f4cbdd190411abb1e1f18ffa381d6.jpg;363f4cbdd190411abb1e1f18ffa381d6.jpg;3
data/images/cb2eeb502edb4b2092316358f465e369.jpg;cb2eeb502edb4b2092316358f465e369.jpg;3
data/images/e3f8f93610e7469baa0926a0de90e6a5.jpg;e3f8f93610e7469baa0926a0de90e6a5.jpg;3
data/images/1ce88783f79943a48f8354522c31adc6.jpg;1ce88783f79943a48f8354522c31adc6.jpg;3
data/images/777f4928190842778bed75299ed05e62.jpg;777f4928190842778bed75299ed05e62.jpg;3
data/images/731fde7ae2134d27b1d765a8aac0ff54.jpg;731fde7ae2134d27b1d765a8aac0ff54.jpg;3
data/images/ca822af0946c4badae3669d05b242e01.jpg;ca822af0946c4badae3669d05b242e01.jpg;3
data/images/ba36edbd7f994bd3b67c2c0a94672d42.jpg;ba36edbd7f994bd3b67c2c0a94672d42.jpg;3
data/images/6aab7df78d8c4e4ba74327d62365005a.jpg;6aab7df78d8c4e4ba74327d62365005a.jpg;3
data/images/139a34a94ccf4e7bad4ebdd72cc045dc.jpg;139a34a94ccf4e7bad4ebdd72cc045dc.jpg;3
data/images/f5ca2e0c5c624396b42eab88938e0307.jpg;f5ca2e0c5c624396b42eab88938e0307.jpg;3
data/images/66aa889cf4094921abb5a847d4951b80.jpg;66aa889cf4094921abb5a847d4951b80.jpg;3
data/images/65ca5e7b0345479398d22386e72b335c.jpg;65ca5e7b0345479398d22386e72b335c.jpg;3
data/images/f71f836780e54f48914115a281c742a8.jpg;f71f836780e54f48914115a281c742a8.jpg;3
data/images/4c62e3c39d85480c9ca53f27763a4dcd.jpg;4c62e3c39d85480c9ca53f27763a4dcd.jpg;3
data/images/bc84a63317f842ed86d55c50ef7d80f3.jpg;bc84a63317f842ed86d55c50ef7d80f3.jpg;3
data/images/ffe2d02e63964af0b82827b58248a4f7.jpg;ffe2d02e63964af0b82827b58248a4f7.jpg;3
data/images/bae66e3fa15440b4a589f895c46e6e2a.jpg;bae66e3fa15440b4a589f895c46e6e2a.jpg;3
data/images/b6e679fcb0d44504b6fe6c4143bb424d.jpg;b6e679fcb0d44504b6fe6c4143bb424d.jpg;3
data/images/6567af2722204293ae62dc6803e056a2.jpg;6567af2722204293ae62dc6803e056a2.jpg;3
data/images/44840b4c95ce4db0893b5cb890abfed6.jpg;44840b4c95ce4db0893b5cb890abfed6.jpg;3
data/images/396f186b0aab494b8086dc2c879be1ca.jpg;396f186b0aab494b8086dc2c879be1ca.jpg;3
data/images/f742f77edff94ff9a0383e04ac53594c.jpg;f742f77edff94ff9a0383e04ac53594c.jpg;3
data/images/a74dc848adba4771a2ec2f4208934c90.jpg;a74dc848adba4771a2ec2f4208934c90.jpg;3
data/images/ec8f9ada29604970955c09573f48df1a.jpg;ec8f9ada29604970955c09573f48df1a.jpg;3
data/images/0b792dca92ce428195960fa639d59c38.jpg;0b792dca92ce428195960fa639d59c38.jpg;3
data/images/1184112b4bcb415b91ed4e1a56dd8bcf.jpg;1184112b4bcb415b91ed4e1a56dd8bcf.jpg;3
data/images/ad1933a747404affb2aa3b4d705e5741.jpg;ad1933a747404affb2aa3b4d705e5741.jpg;3
data/images/1e2e290e6292474e9f298129e83a5e22.jpg;1e2e290e6292474e9f298129e83a5e22.jpg;3
data/images/724515009f734a34a95b03f934b976a0.jpg;724515009f734a34a95b03f934b976a0.jpg;3
data/images/ecb7036347f74911bfb58d8b674e6de4.jpg;ecb7036347f74911bfb58d8b674e6de4.jpg;3
data/images/3dbc37f66282495e9d72d1e4d6de9b80.jpg;3dbc37f66282495e9d72d1e4d6de9b80.jpg;3
data/images/f89ddadd508a4869bdf2bc101135f919.jpg;f89ddadd508a4869bdf2bc101135f919.jpg;3
data/images/8fce8dfca0724cafb73ef8ce48ac8504.jpg;8fce8dfca0724cafb73ef8ce48ac8504.jpg;3
data/images/ce10881ec8354c3b8f1864ce5b508707.jpg;ce10881ec8354c3b8f1864ce5b508707.jpg;3
data/images/decbb12c87334420a6d3ea099c2022c7.jpg;decbb12c87334420a6d3ea099c2022c7.jpg;3
data/images/4d7f2c68cf3c4db6b53a1e441ac6378a.jpg;4d7f2c68cf3c4db6b53a1e441ac6378a.jpg;3
data/images/b6c4a6f842654eb3ba1ed03e1d81b67a.jpg;b6c4a6f842654eb3ba1ed03e1d81b67a.jpg;3
data/images/51f1d40b354e49d488f702019a968b3f.jpg;51f1d40b354e49d488f702019a968b3f.jpg;3
data/images/70f9bb6401334776bcb246f87e8d5585.jpg;70f9bb6401334776bcb246f87e8d5585.jpg;3
data/images/b45bb3ed71844dae95449c76576aca32.jpg;b45bb3ed71844dae95449c76576aca32.jpg;3
data/images/f62dfa03d2a54d7f91ee831229978fe7.jpg;f62dfa03d2a54d7f91ee831229978fe7.jpg;3
data/images/70de8991156c4c8a8c385ada786ea647.jpg;70de8991156c4c8a8c385ada786ea647.jpg;3
data/images/dd8d6ee0a1e740ea9bf341a65861d09b.jpg;dd8d6ee0a1e740ea9bf341a65861d09b.jpg;3
data/images/de2140e46e0b472faa08db84b03c0835.jpg;de2140e46e0b472faa08db84b03c0835.jpg;3
data/images/0e6791c4fb5641c7b14ca74b49c3c8ef.jpg;0e6791c4fb5641c7b14ca74b49c3c8ef.jpg;3
data/images/58c853ecc5c24a81bebd6da6892397c8.jpg;58c853ecc5c24a81bebd6da6892397c8.jpg;3
data/images/fd5b0e3e19d146a1bc9c7cb770972123.jpg;fd5b0e3e19d146a1bc9c7cb770972123.jpg;3
data/images/1ff1ae982bd2484da20bc443e4f856c5.jpg;1ff1ae982bd2484da20bc443e4f856c5.jpg;3
data/images/667a78ad566e4be2a6f2ec7eb79c75ee.jpg;667a78ad566e4be2a6f2ec7eb79c75ee.jpg;3
data/images/55091e1db1b442149b57545cc15f8019.jpg;55091e1db1b442149b57545cc15f8019.jpg;3
data/images/0a5217a9983043f19128581103bbd373.jpg;0a5217a9983043f19128581103bbd373.jpg;3
data/images/4d4cbd1bc2014b7a8927db1514127e87.jpg;4d4cbd1bc2014b7a8927db1514127e87.jpg;3
data/images/3dc752c8065642a2897148ec4924263f.jpg;3dc752c8065642a2897148ec4924263f.jpg;3
data/images/1f3d32c400c74d19b7e3fdf04e31504b.jpg;1f3d32c400c74d19b7e3fdf04e31504b.jpg;3
data/images/6c906a13e5ca45cda2daa49fc9c88428.jpg;6c906a13e5ca45cda2daa49fc9c88428.jpg;3
data/images/5a8d991bc3aa4c0b976347541604eff4.jpg;5a8d991bc3aa4c0b976347541604eff4.jpg;3
data/images/ddf18e59aae346cc8f8eb60a88a79c4f.jpg;ddf18e59aae346cc8f8eb60a88a79c4f.jpg;3
data/images/8e7050c34bcb4959a6ac990a7e16268e.jpg;8e7050c34bcb4959a6ac990a7e16268e.jpg;3
data/images/4755f2b78f1c4b429e10b8f66048c6f6.jpg;4755f2b78f1c4b429e10b8f66048c6f6.jpg;3
data/images/ddd15b6f7c4f492e8afa356adb45b2e6.jpg;ddd15b6f7c4f492e8afa356adb45b2e6.jpg;3
data/images/0b01cd947cc248cbb96fca43862de78d.jpg;0b01cd947cc248cbb96fca43862de78d.jpg;3
data/images/78f66d7173c340d39479d5176864d360.jpg;78f66d7173c340d39479d5176864d360.jpg;3
data/images/1e190f111e804455a052b3f646fcbd4e.jpg;1e190f111e804455a052b3f646fcbd4e.jpg;3
data/images/152cd973357e4edd97b0be4c059e38ae.jpg;152cd973357e4edd97b0be4c059e38ae.jpg;3
data/images/e35ff66f14104b178779006c11ce2083.jpg;e35ff66f14104b178779006c11ce2083.jpg;3
data/images/a71e3d44958543eda9ef131e5e2a1992.jpg;a71e3d44958543eda9ef131e5e2a1992.jpg;3
data/images/35f2f24d57954296afb5e8589649e8a9.jpg;35f2f24d57954296afb5e8589649e8a9.jpg;3
data/images/3c90c2a219d94bbe8f341d5cc03a44e7.jpg;3c90c2a219d94bbe8f341d5cc03a44e7.jpg;3
data/images/36658b4a43ea4c1da38361f7226561af.jpg;36658b4a43ea4c1da38361f7226561af.jpg;3
data/images/990da1ff294943598b18fdadd6ee69bf.jpg;990da1ff294943598b18fdadd6ee69bf.jpg;3
data/images/50f46ae5ed21447ca5f99aab942f8a98.jpg;50f46ae5ed21447ca5f99aab942f8a98.jpg;3
data/images/8d676b5e877f49988b81f5e84e1aa634.jpg;8d676b5e877f49988b81f5e84e1aa634.jpg;3
data/images/95deb1ede33f4c6ea9589fde800c0b94.jpg;95deb1ede33f4c6ea9589fde800c0b94.jpg;3
data/images/b13149631c324273886a9ed482d0ae35.jpg;b13149631c324273886a9ed482d0ae35.jpg;3
data/images/d9f518b1c8c74aaa99968d5067a365ac.jpg;d9f518b1c8c74aaa99968d5067a365ac.jpg;3
data/images/a82c054b301744b984965f1cc3006347.jpg;a82c054b301744b984965f1cc3006347.jpg;3
data/images/e5e0a1acc49a46af9fccc25e8580088d.jpg;e5e0a1acc49a46af9fccc25e8580088d.jpg;3
data/images/2566da853f6341a1b0199a4d910ee195.jpg;2566da853f6341a1b0199a4d910ee195.jpg;3
data/images/47d6b3ad9b8b408397319ac379f274aa.jpg;47d6b3ad9b8b408397319ac379f274aa.jpg;3
data/images/5a76b1c9016e4254a393a6466222f4a3.jpg;5a76b1c9016e4254a393a6466222f4a3.jpg;3
data/images/13c579574da6498cb945ced703bd7f00.jpg;13c579574da6498cb945ced703bd7f00.jpg;3
data/images/9f6174d06d754f26a16f55a1fb1ac8ed.jpg;9f6174d06d754f26a16f55a1fb1ac8ed.jpg;3
data/images/e31d8d758acd4ec691a6074dcb107ece.jpg;e31d8d758acd4ec691a6074dcb107ece.jpg;3
data/images/9052eccaa5cf461a9989ea62e297fb26.jpg;9052eccaa5cf461a9989ea62e297fb26.jpg;3
data/images/725f39f34fec4d589f06cf2da1c453b0.jpg;725f39f34fec4d589f06cf2da1c453b0.jpg;3
data/images/51f1d6d1a665404fadc7d9a24c09893a.jpg;51f1d6d1a665404fadc7d9a24c09893a.jpg;3
data/images/385f2bd31ccd46f3b36cbd0551e2a787.jpg;385f2bd31ccd46f3b36cbd0551e2a787.jpg;3
data/images/262120a01be0469583e8928bf46d106f.jpg;262120a01be0469583e8928bf46d106f.jpg;3
data/images/d74b1447bf9c4e8f885a9f85d3cbcc1e.jpg;d74b1447bf9c4e8f885a9f85d3cbcc1e.jpg;3
data/images/2fb95055d13c40d5af645135f4f9c3c6.jpg;2fb95055d13c40d5af645135f4f9c3c6.jpg;3
data/images/82783226909943a3bbb9941bdcd79911.jpg;82783226909943a3bbb9941bdcd79911.jpg;3
data/images/31f3ecc697ee44038019e5ccb94b40c7.jpg;31f3ecc697ee44038019e5ccb94b40c7.jpg;3
data/images/85fd5e319fce4f66bd34e9e858a9322c.jpg;85fd5e319fce4f66bd34e9e858a9322c.jpg;3
data/images/73c9b91b2d884324bee848e70e5f8176.jpg;73c9b91b2d884324bee848e70e5f8176.jpg;3
data/images/f243230a938a4d49871e0664b3947eff.jpg;f243230a938a4d49871e0664b3947eff.jpg;3
data/images/4421f047ef6e4045a3a03ed31c2ce892.jpg;4421f047ef6e4045a3a03ed31c2ce892.jpg;3
data/images/91fae3082c954e7a9c7e29e5049b5b23.jpg;91fae3082c954e7a9c7e29e5049b5b23.jpg;3
data/images/62294363a62e4e31a922ccd810fd9951.jpg;62294363a62e4e31a922ccd810fd9951.jpg;3
data/images/fb3c14e32622405a9b35e0542cf65cdd.jpg;fb3c14e32622405a9b35e0542cf65cdd.jpg;3
data/images/dde6928a71b4429d8dda8a5629326b75.jpg;dde6928a71b4429d8dda8a5629326b75.jpg;3
data/images/dcbe67e6225641b8ae80341d62d2768a.jpg;dcbe67e6225641b8ae80341d62d2768a.jpg;3
data/images/c1a1524d25bc4c1ea342918a5debe701.jpg;c1a1524d25bc4c1ea342918a5debe701.jpg;3
data/images/9bb2ea2175e148e89097575c02456e61.jpg;9bb2ea2175e148e89097575c02456e61.jpg;3
data/images/3fec59f0559343dc84bc1af3092ae692.jpg;3fec59f0559343dc84bc1af3092ae692.jpg;3
data/images/01c4ab6c450f4dc1a4b282ddf2d7cc77.jpg;01c4ab6c450f4dc1a4b282ddf2d7cc77.jpg;3
data/images/d114ebff28064b549c23b592646aa9f2.jpg;d114ebff28064b549c23b592646aa9f2.jpg;3
data/images/e54d1d1576d24f56ba56d88034ff86a9.jpg;e54d1d1576d24f56ba56d88034ff86a9.jpg;3
data/images/7b368f51b3ed41879023734cefeb8cf5.jpg;7b368f51b3ed41879023734cefeb8cf5.jpg;3
data/images/5431df7baac142a2b5b5a78f0a7271f6.jpg;5431df7baac142a2b5b5a78f0a7271f6.jpg;3
data/images/88acac5d00444981ab10ca19d4de73e0.jpg;88acac5d00444981ab10ca19d4de73e0.jpg;3
data/images/8b91a8a707b045bcb8fbd449fb1bd589.jpg;8b91a8a707b045bcb8fbd449fb1bd589.jpg;3
data/images/8d4c44edfb204cb3915672cce6c512c9.jpg;8d4c44edfb204cb3915672cce6c512c9.jpg;3
data/images/f044f55e6a95498fb7024af0fda35ee8.jpg;f044f55e6a95498fb7024af0fda35ee8.jpg;3
data/images/b4ddb4b037114878ba7b224263202fc6.jpg;b4ddb4b037114878ba7b224263202fc6.jpg;3
data/images/904a17b67eef4c778972ca1a1a405e98.jpg;904a17b67eef4c778972ca1a1a405e98.jpg;3
data/images/9bece48a85fa4446a978e0b0b688bdc7.jpg;9bece48a85fa4446a978e0b0b688bdc7.jpg;3
data/images/33aeade1aca44ba4ab130991f86db49e.jpg;33aeade1aca44ba4ab130991f86db49e.jpg;3
data/images/631763548e1149b2bfa5d057de96610c.jpg;631763548e1149b2bfa5d057de96610c.jpg;3
data/images/34fdd2f0cc664e87bfeda63fb96dcfab.jpg;34fdd2f0cc664e87bfeda63fb96dcfab.jpg;3
data/images/b6c37f8c21214f399cf8d09d52e42d66.jpg;b6c37f8c21214f399cf8d09d52e42d66.jpg;3
data/images/27faf8d0cddc469d919d0ed955b12af6.jpg;27faf8d0cddc469d919d0ed955b12af6.jpg;3
data/images/5e9c34ab352445a7b19740348ab2f377.jpg;5e9c34ab352445a7b19740348ab2f377.jpg;3
data/images/c62f3275f805459799989df2227e88de.jpg;c62f3275f805459799989df2227e88de.jpg;3
data/images/ad09fe3dfa9245dbb28599f1fc93f78a.jpg;ad09fe3dfa9245dbb28599f1fc93f78a.jpg;3
data/images/bbe5bb20090f4805b436b8b3736b1d1c.jpg;bbe5bb20090f4805b436b8b3736b1d1c.jpg;3
data/images/728199b8622949f3ab10d989836089f7.jpg;728199b8622949f3ab10d989836089f7.jpg;3
data/images/4d827dfda4ee4b949e9d494c2a299257.jpg;4d827dfda4ee4b949e9d494c2a299257.jpg;3
data/images/c28c1ca865584ec0ad96b05a3e7336d0.jpg;c28c1ca865584ec0ad96b05a3e7336d0.jpg;3
data/images/6baee55c76c147d09a3c7046e975719c.jpg;6baee55c76c147d09a3c7046e975719c.jpg;3
data/images/6a43130f15ec4be3ad0f974bd2047e2d.jpg;6a43130f15ec4be3ad0f974bd2047e2d.jpg;3
data/images/3590aedb201d4533b4dc5a2934bea214.jpg;3590aedb201d4533b4dc5a2934bea214.jpg;3
data/images/cbb69528033d4db5adca081014b8bc1b.jpg;cbb69528033d4db5adca081014b8bc1b.jpg;3
data/images/741ec30fb4fd482b83e3e4bde66cd177.jpg;741ec30fb4fd482b83e3e4bde66cd177.jpg;3
data/images/d9a4c554076241188301b66c399f7481.jpg;d9a4c554076241188301b66c399f7481.jpg;3
data/images/51dbf308a24d4636b3214517da6f22be.jpg;51dbf308a24d4636b3214517da6f22be.jpg;3
data/images/c2bcca4e0916407c83d1ce0ee091c9ce.jpg;c2bcca4e0916407c83d1ce0ee091c9ce.jpg;3
data/images/fdc25c25f46d47e8b55d2c119bebc479.jpg;fdc25c25f46d47e8b55d2c119bebc479.jpg;3
data/images/be5d438f2ff142b8b57260ca41dd32b6.jpg;be5d438f2ff142b8b57260ca41dd32b6.jpg;3
data/images/a8c6dacca5fd40bfa82e98f5f4a0767e.jpg;a8c6dacca5fd40bfa82e98f5f4a0767e.jpg;3
data/images/ee39da7c4c6145bcb79fad4ef5694bf4.jpg;ee39da7c4c6145bcb79fad4ef5694bf4.jpg;3
data/images/baf661a519b94e3b8adcd0f7df56f4a8.jpg;baf661a519b94e3b8adcd0f7df56f4a8.jpg;3
data/images/9aa28dc5f68e4cbc8066134b55e7ed2c.jpg;9aa28dc5f68e4cbc8066134b55e7ed2c.jpg;3
data/images/e4bb13d89cdc46a5b92a1cd8caf3398e.jpg;e4bb13d89cdc46a5b92a1cd8caf3398e.jpg;3
data/images/5cd95cb743ce4405b2092f9f51586270.jpg;5cd95cb743ce4405b2092f9f51586270.jpg;3
data/images/ced6491927764089ace50e323a930ee2.jpg;ced6491927764089ace50e323a930ee2.jpg;3
data/images/83d7b56e6ea94ba6aaf87c7505f146c0.jpg;83d7b56e6ea94ba6aaf87c7505f146c0.jpg;3
data/images/56087477b36b4b9aa3f09020273b4e3a.jpg;56087477b36b4b9aa3f09020273b4e3a.jpg;3
data/images/ed469ba2ead94a8188d86c1fdc5066b4.jpg;ed469ba2ead94a8188d86c1fdc5066b4.jpg;3
data/images/5846956f4fab48ae9f2ff508f00bee90.jpg;5846956f4fab48ae9f2ff508f00bee90.jpg;3
data/images/1d17bac75ec9433ea626f1ec1bd41316.jpg;1d17bac75ec9433ea626f1ec1bd41316.jpg;3
data/images/6dbd83cd68834ba09a1b9c2ab3b673e2.jpg;6dbd83cd68834ba09a1b9c2ab3b673e2.jpg;3
data/images/eb1dbf6beebe497db2f713be42fde4f7.jpg;eb1dbf6beebe497db2f713be42fde4f7.jpg;3
data/images/1addea53c8684514b0546c7fe3636aeb.jpg;1addea53c8684514b0546c7fe3636aeb.jpg;3
data/images/9abb5a1e111a417abd24b189d9a502ab.jpg;9abb5a1e111a417abd24b189d9a502ab.jpg;3
data/images/4fc1d5e8a73a47609bfe3b8344d3974f.jpg;4fc1d5e8a73a47609bfe3b8344d3974f.jpg;3
data/images/338b5eca04324752bc21542ebba5f43f.jpg;338b5eca04324752bc21542ebba5f43f.jpg;3
data/images/0842d140f6cd47b58b8e720c53f09cd0.jpg;0842d140f6cd47b58b8e720c53f09cd0.jpg;3
data/images/d4a401e3ac8d420ea4fbb3263a6e7293.jpg;d4a401e3ac8d420ea4fbb3263a6e7293.jpg;3
data/images/d8243aedb95e4b9482c52859248f2916.jpg;d8243aedb95e4b9482c52859248f2916.jpg;3
data/images/01cec6c75ccf48378d01b038d5e34a5b.jpg;01cec6c75ccf48378d01b038d5e34a5b.jpg;3
data/images/9c042435c13d4ad88aa0af965199a171.jpg;9c042435c13d4ad88aa0af965199a171.jpg;3
data/images/e500dcd49ad44bb48bdc57bb0b31333f.jpg;e500dcd49ad44bb48bdc57bb0b31333f.jpg;3
data/images/d16b9b6b53b447019d678274568bfaa1.jpg;d16b9b6b53b447019d678274568bfaa1.jpg;3
data/images/9c78ac02a86042fab3bb6f1737989611.jpg;9c78ac02a86042fab3bb6f1737989611.jpg;3
data/images/1e7146e744b54f8583ba61de6df1ad10.jpg;1e7146e744b54f8583ba61de6df1ad10.jpg;3
data/images/c82108cb510f4ba594dbcfd299913ec0.jpg;c82108cb510f4ba594dbcfd299913ec0.jpg;3
data/images/4126b11da1b6496d8f9adb5211041934.jpg;4126b11da1b6496d8f9adb5211041934.jpg;3
data/images/b218212896af410a9a752ec009aac804.jpg;b218212896af410a9a752ec009aac804.jpg;3
data/images/04cf59066c2b43aabb3632a7332b3b1d.jpg;04cf59066c2b43aabb3632a7332b3b1d.jpg;3
data/images/bfb04eab848844ceb0a115a4468d30a1.jpg;bfb04eab848844ceb0a115a4468d30a1.jpg;3
data/images/d1b90134022f452cb3138aea440fb20f.jpg;d1b90134022f452cb3138aea440fb20f.jpg;3
data/images/33c86a054530491c9b86ee6594d6de04.jpg;33c86a054530491c9b86ee6594d6de04.jpg;3
data/images/d6e6631fc998444fa2e9129c91d3978e.jpg;d6e6631fc998444fa2e9129c91d3978e.jpg;3
data/images/d94b08d328c14d4c91dea134d8523d41.jpg;d94b08d328c14d4c91dea134d8523d41.jpg;3
data/images/dfb5444cdd7344ceb47b4cd644f712ed.jpg;dfb5444cdd7344ceb47b4cd644f712ed.jpg;3
data/images/157e4034a9804d349b2bb360076e61e7.jpg;157e4034a9804d349b2bb360076e61e7.jpg;3
data/images/a302c995ccb74c95acd2b900d8e412c7.jpg;a302c995ccb74c95acd2b900d8e412c7.jpg;3
data/images/aa47cf50bb1045348cba8f4facceef92.jpg;aa47cf50bb1045348cba8f4facceef92.jpg;3
data/images/7d9cad55077f4e7fb1594277e2218017.jpg;7d9cad55077f4e7fb1594277e2218017.jpg;3
data/images/b06ece9663d44889bbc4e42a787e2b63.jpg;b06ece9663d44889bbc4e42a787e2b63.jpg;3
data/images/4e803a0ac76049c1884f574933deb2ef.jpg;4e803a0ac76049c1884f574933deb2ef.jpg;3
data/images/413272d3198442b2b18ed867538dab65.jpg;413272d3198442b2b18ed867538dab65.jpg;3
data/images/aa2674bae7274b2ead910940822689b5.jpg;aa2674bae7274b2ead910940822689b5.jpg;3
data/images/22026f2ea89e4db083a6f98683bc212f.jpg;22026f2ea89e4db083a6f98683bc212f.jpg;3
data/images/aeb50a85251f4302a6581f7ab8cab9b5.jpg;aeb50a85251f4302a6581f7ab8cab9b5.jpg;3
data/images/010d0fafffc84c43b8f3be5ee9c723a2.jpg;010d0fafffc84c43b8f3be5ee9c723a2.jpg;3
data/images/1118744b1b8f4081b4aad302d77d02ca.jpg;1118744b1b8f4081b4aad302d77d02ca.jpg;3
data/images/26241e27b3c846fabc39e4d277902357.jpg;26241e27b3c846fabc39e4d277902357.jpg;3
data/images/5821ab8200b24f859a57604d801cb5ce.jpg;5821ab8200b24f859a57604d801cb5ce.jpg;3
data/images/896a9c06c6304c52a2a7318d341b58ce.jpg;896a9c06c6304c52a2a7318d341b58ce.jpg;3
data/images/760c12697dd74fa6b04928b851a4c4ed.jpg;760c12697dd74fa6b04928b851a4c4ed.jpg;3
data/images/7ca903c730ad474bb64ed35b6d24a5d4.jpg;7ca903c730ad474bb64ed35b6d24a5d4.jpg;3
data/images/de7961b2e42245008e73505bb1205acc.jpg;de7961b2e42245008e73505bb1205acc.jpg;3
data/images/c1bcbc0a35fc411b8de645d74a32d9fd.jpg;c1bcbc0a35fc411b8de645d74a32d9fd.jpg;3
data/images/fb3b6073e5964836b2125c04c49739a4.jpg;fb3b6073e5964836b2125c04c49739a4.jpg;3
data/images/a08e9614a5474b0f9b0a56152856a831.jpg;a08e9614a5474b0f9b0a56152856a831.jpg;3
data/images/82a21707424d478eb881c01a8fccd05e.jpg;82a21707424d478eb881c01a8fccd05e.jpg;3
data/images/501a0f20ca62454cb7f141da1a84bb23.jpg;501a0f20ca62454cb7f141da1a84bb23.jpg;3
data/images/11a848d0175a4e8fb2544ed48ea16cd7.jpg;11a848d0175a4e8fb2544ed48ea16cd7.jpg;3
data/images/b3aafc12a55e4addac3a43c3cb071f64.jpg;b3aafc12a55e4addac3a43c3cb071f64.jpg;3
data/images/3303bf5873954b0e85c0e4c89ecbc504.jpg;3303bf5873954b0e85c0e4c89ecbc504.jpg;3
data/images/556dc832c4234cddb7e0f601a684f8be.jpg;556dc832c4234cddb7e0f601a684f8be.jpg;3
data/images/5c065f390bfc47b89d0764730e242425.jpg;5c065f390bfc47b89d0764730e242425.jpg;3
data/images/528d034e641b4bcc95df050e744991b6.jpg;528d034e641b4bcc95df050e744991b6.jpg;3
data/images/cbc0c88340164d3fa83dd890bee9036c.jpg;cbc0c88340164d3fa83dd890bee9036c.jpg;3
data/images/e0ca83615a49437d84f736e0d56676c6.jpg;e0ca83615a49437d84f736e0d56676c6.jpg;3
data/images/63c3494bde514ed7b220ae34a8e721ff.jpg;63c3494bde514ed7b220ae34a8e721ff.jpg;3
data/images/73b5a0c915ef42949c5562d512074c60.jpg;73b5a0c915ef42949c5562d512074c60.jpg;3
data/images/450a1f9c1a3a4c2cb6631a398d1e58ac.jpg;450a1f9c1a3a4c2cb6631a398d1e58ac.jpg;3
data/images/478767a4159d46b79f4c27747401f45c.jpg;478767a4159d46b79f4c27747401f45c.jpg;3
data/images/085dad8e2acd48dd86d43afcfbe51174.jpg;085dad8e2acd48dd86d43afcfbe51174.jpg;3
data/images/64b8051bad8148a6af85095bfb5602b0.jpg;64b8051bad8148a6af85095bfb5602b0.jpg;3
data/images/c6432222f2674818b898673a1aafca6b.jpg;c6432222f2674818b898673a1aafca6b.jpg;3
data/images/c771edf8e7444f00b002dc96a13a3e28.jpg;c771edf8e7444f00b002dc96a13a3e28.jpg;3
data/images/ee8335d83cf74381867101c6762a66a0.jpg;ee8335d83cf74381867101c6762a66a0.jpg;3
data/images/9a1ee5b57f524a919c6b053bb43ca8c8.jpg;9a1ee5b57f524a919c6b053bb43ca8c8.jpg;3
data/images/92aa229d690045c4925c0e5d7bf1c794.jpg;92aa229d690045c4925c0e5d7bf1c794.jpg;3
data/images/042f0dd0e3ae4de1b3f5134daac90c2e.jpg;042f0dd0e3ae4de1b3f5134daac90c2e.jpg;3
data/images/8319924e9f604a7f88459ee3ca1a97c9.jpg;8319924e9f604a7f88459ee3ca1a97c9.jpg;3
data/images/54a6791f6a254a59bc0785b367b29323.jpg;54a6791f6a254a59bc0785b367b29323.jpg;3
data/images/deed3a57f0e94dc2bac517f482013b98.jpg;deed3a57f0e94dc2bac517f482013b98.jpg;3
data/images/a31513dad21b4f609a7118760ee49142.jpg;a31513dad21b4f609a7118760ee49142.jpg;3
data/images/961f6b50d9c94627a2b56e091522f56e.jpg;961f6b50d9c94627a2b56e091522f56e.jpg;3
data/images/83067f277a904706845c51cacac0d5ee.jpg;83067f277a904706845c51cacac0d5ee.jpg;3
data/images/dde3dc7a582f4ed1b5b5fad10d0ab191.jpg;dde3dc7a582f4ed1b5b5fad10d0ab191.jpg;3
data/images/6992a5479f0743fba2143b54842e800b.jpg;6992a5479f0743fba2143b54842e800b.jpg;3
data/images/dc7244bab2f94af9a53c0edcc5ae7be2.jpg;dc7244bab2f94af9a53c0edcc5ae7be2.jpg;3
data/images/2ad8f095b89f4eed85065523764e4b74.jpg;2ad8f095b89f4eed85065523764e4b74.jpg;3
data/images/3cd08cbbb15640fc85a6456b92a56481.jpg;3cd08cbbb15640fc85a6456b92a56481.jpg;3
data/images/ab6c2285317e494d85a4a23f12fa58e6.jpg;ab6c2285317e494d85a4a23f12fa58e6.jpg;3
data/images/f510670c0a0c4761bbdc1acf9c074f91.jpg;f510670c0a0c4761bbdc1acf9c074f91.jpg;3
data/images/1c2066e532204cc1a5c96c498864f582.jpg;1c2066e532204cc1a5c96c498864f582.jpg;3
data/images/cd4e341115424752ba7db91a60809092.jpg;cd4e341115424752ba7db91a60809092.jpg;3
data/images/ba830a7c5e8645a6b621c0c40e8c9aed.jpg;ba830a7c5e8645a6b621c0c40e8c9aed.jpg;3
data/images/9774d7f349264d3faf2596b922b80347.jpg;9774d7f349264d3faf2596b922b80347.jpg;3
data/images/e7e5cc66a1ed4feebecb44ffddbd15fb.jpg;e7e5cc66a1ed4feebecb44ffddbd15fb.jpg;3
data/images/f3754125bcc54ee38d5333ef7ace758a.jpg;f3754125bcc54ee38d5333ef7ace758a.jpg;3
data/images/72c089662ac342068abb3c526535d414.jpg;72c089662ac342068abb3c526535d414.jpg;3
data/images/83ea167e17514bd3b71c7e74be6d4d90.jpg;83ea167e17514bd3b71c7e74be6d4d90.jpg;3
data/images/a58fe37faef84398b614a1c55d0af7f0.jpg;a58fe37faef84398b614a1c55d0af7f0.jpg;3
data/images/1055b6a207644230aaa883f3df8495d9.jpg;1055b6a207644230aaa883f3df8495d9.jpg;3
data/images/03252083999f47ee9fbdaf5f8ec9fe1e.jpg;03252083999f47ee9fbdaf5f8ec9fe1e.jpg;3
data/images/3c4423f1c5bd42cdbad8ef941b6d815a.jpg;3c4423f1c5bd42cdbad8ef941b6d815a.jpg;3
data/images/1bcaa0c0e05347b0b998f415d9aa9964.jpg;1bcaa0c0e05347b0b998f415d9aa9964.jpg;3
data/images/7adea6b8f81b4d619133195b2f6dc372.jpg;7adea6b8f81b4d619133195b2f6dc372.jpg;3
data/images/dc7ba083d43f42d2bcda80b7a857d722.jpg;dc7ba083d43f42d2bcda80b7a857d722.jpg;3
data/images/9ed7d5ed87414c8eaea88d84b23f9122.jpg;9ed7d5ed87414c8eaea88d84b23f9122.jpg;3
data/images/dc5dfd8283844779b467264376007790.jpg;dc5dfd8283844779b467264376007790.jpg;3
data/images/c785cfd6cace47a4a13f122602d2bd92.jpg;c785cfd6cace47a4a13f122602d2bd92.jpg;3
data/images/0ca1ed6003364dedbe8f069f03403b5f.jpg;0ca1ed6003364dedbe8f069f03403b5f.jpg;3
data/images/7c2cc165f8dd42c3ac8af8207408cce0.jpg;7c2cc165f8dd42c3ac8af8207408cce0.jpg;3
data/images/af1bc822ed5143928732a6d8ba65b48f.jpg;af1bc822ed5143928732a6d8ba65b48f.jpg;3
data/images/f8cfd030b7d647638ce79d34e86bd646.jpg;f8cfd030b7d647638ce79d34e86bd646.jpg;3
data/images/3c69b47ad8944888b20a1413242d76bd.jpg;3c69b47ad8944888b20a1413242d76bd.jpg;3
data/images/dff0ad01034f41b492249f6ae9756265.jpg;dff0ad01034f41b492249f6ae9756265.jpg;3
data/images/2b16591188bd4d6c8dc883ca99ab8d63.jpg;2b16591188bd4d6c8dc883ca99ab8d63.jpg;3
data/images/b8a39b5332fe416e80143f5e9ffd41c2.jpg;b8a39b5332fe416e80143f5e9ffd41c2.jpg;3
data/images/afdd3e56b48b426faba82cb2a24c121e.jpg;afdd3e56b48b426faba82cb2a24c121e.jpg;3
data/images/3ec01af879804acd9ce1c36d2b50bac6.jpg;3ec01af879804acd9ce1c36d2b50bac6.jpg;3
data/images/c0a9bb91b8fb4d55aae7877c775f8b95.jpg;c0a9bb91b8fb4d55aae7877c775f8b95.jpg;3
data/images/b6e6ef8a2fcf46c5bf41c8a538123e55.jpg;b6e6ef8a2fcf46c5bf41c8a538123e55.jpg;3
data/images/cb245b80a7034c9a9c877fe3ff5a2349.jpg;cb245b80a7034c9a9c877fe3ff5a2349.jpg;3
data/images/b2c8e19ba0b54a048e512e75add11465.jpg;b2c8e19ba0b54a048e512e75add11465.jpg;3
data/images/f63a7df2e95548f09c452a81e87dc3db.jpg;f63a7df2e95548f09c452a81e87dc3db.jpg;3
data/images/b6ae4fd7d14340ccba09f85557ebf61a.jpg;b6ae4fd7d14340ccba09f85557ebf61a.jpg;3
data/images/9167c8525ef34d30a928a47dc55ec951.jpg;9167c8525ef34d30a928a47dc55ec951.jpg;3
data/images/c44e78abef654480beddbb64beb2b684.jpg;c44e78abef654480beddbb64beb2b684.jpg;3
data/images/0a60a7252ec3485bb6711c72ac1dd43d.jpg;0a60a7252ec3485bb6711c72ac1dd43d.jpg;3
data/images/15367c9746cc4e15bc637b5800cde61a.jpg;15367c9746cc4e15bc637b5800cde61a.jpg;3
data/images/3224520a75114298956e3e4059e9a60f.jpg;3224520a75114298956e3e4059e9a60f.jpg;3
data/images/92bab99aadb7449eb774f1044b1c685f.jpg;92bab99aadb7449eb774f1044b1c685f.jpg;3
data/images/4bb38f8186b1440b8f2f0d5a7c3d39b9.jpg;4bb38f8186b1440b8f2f0d5a7c3d39b9.jpg;3
data/images/9b555c51dba8411abc29192f989bab62.jpg;9b555c51dba8411abc29192f989bab62.jpg;3
data/images/2a576662e7dd4595983ef562679197e1.jpg;2a576662e7dd4595983ef562679197e1.jpg;3
data/images/e4619c49a3a944e186ecd24bb92de695.jpg;e4619c49a3a944e186ecd24bb92de695.jpg;3
data/images/843d2ee0aebe4fa9ad8fa6c9565a6408.jpg;843d2ee0aebe4fa9ad8fa6c9565a6408.jpg;3
data/images/f655380a7f894cf58911a90d5a46457d.jpg;f655380a7f894cf58911a90d5a46457d.jpg;3
data/images/e4f6fd4f2dd34c1792a23371021e2ab4.jpg;e4f6fd4f2dd34c1792a23371021e2ab4.jpg;3
data/images/b2a3b40727b844e99ff47a728ecc2f23.jpg;b2a3b40727b844e99ff47a728ecc2f23.jpg;3
data/images/b606a82d201945e399c6c806b2c0f880.jpg;b606a82d201945e399c6c806b2c0f880.jpg;3
data/images/24a0f97f674b40d9b5a36e61b6576c1e.jpg;24a0f97f674b40d9b5a36e61b6576c1e.jpg;3
data/images/d2bb798e5f99481f8fd4741b529b10d5.jpg;d2bb798e5f99481f8fd4741b529b10d5.jpg;3
data/images/90b6121282eb437284c1e483dcce0f29.jpg;90b6121282eb437284c1e483dcce0f29.jpg;3
data/images/c9936c5b75174fb58fa3323f7d09532b.jpg;c9936c5b75174fb58fa3323f7d09532b.jpg;3
data/images/69758e5157644a8ebf93475dfadccee0.jpg;69758e5157644a8ebf93475dfadccee0.jpg;3
data/images/0bc9ec41bdf24069b204ef2ce4211198.jpg;0bc9ec41bdf24069b204ef2ce4211198.jpg;3
data/images/2990d28a6a4642b1a61eebff36a4bc16.jpg;2990d28a6a4642b1a61eebff36a4bc16.jpg;3
data/images/08a68b550acc4a17bc65e2cf7c7ffa79.jpg;08a68b550acc4a17bc65e2cf7c7ffa79.jpg;3
data/images/6d4d0ed33d1c4eb9924770c535bd7786.jpg;6d4d0ed33d1c4eb9924770c535bd7786.jpg;3
data/images/3834120563b8457397e071d0ca3a29e1.jpg;3834120563b8457397e071d0ca3a29e1.jpg;3
data/images/b8d8b5fd38f2436dbce33e9dfc2a10cc.jpg;b8d8b5fd38f2436dbce33e9dfc2a10cc.jpg;3
data/images/41d966faf5e84c4a831d3ab8ff280bb9.jpg;41d966faf5e84c4a831d3ab8ff280bb9.jpg;3
data/images/02dc873f73c44e829f1f33e87982ea57.jpg;02dc873f73c44e829f1f33e87982ea57.jpg;3
data/images/c920f4450d29449ea35f01d2709711c7.jpg;c920f4450d29449ea35f01d2709711c7.jpg;3
data/images/e9fd44d4504e44c48fffea743fb14960.jpg;e9fd44d4504e44c48fffea743fb14960.jpg;3
data/images/ebd0a940cf92452ba584faff836a11be.jpg;ebd0a940cf92452ba584faff836a11be.jpg;3
data/images/6c420de9872f4e83ae7bdeda186f5fbb.jpg;6c420de9872f4e83ae7bdeda186f5fbb.jpg;3
data/images/9eeb643779534fe78b3de348d171be4f.jpg;9eeb643779534fe78b3de348d171be4f.jpg;3
data/images/346f2603106b4591849088ec5f82e0ed.jpg;346f2603106b4591849088ec5f82e0ed.jpg;3
data/images/f517936cf0924d3691e1351e5d51db18.jpg;f517936cf0924d3691e1351e5d51db18.jpg;3
data/images/95a16940e2c94cc99c40eec7e3114863.jpg;95a16940e2c94cc99c40eec7e3114863.jpg;3
data/images/0f8ecca34e9643639d94bd765c6a06c0.jpg;0f8ecca34e9643639d94bd765c6a06c0.jpg;3
data/images/53555e6dfce949d09835589ad368c979.jpg;53555e6dfce949d09835589ad368c979.jpg;3
data/images/c4010dd8b279468eaf5c057a295d39d4.jpg;c4010dd8b279468eaf5c057a295d39d4.jpg;3
data/images/866e1d3f0e99474fbb8937c99d306a0d.jpg;866e1d3f0e99474fbb8937c99d306a0d.jpg;3
data/images/ec2e8c0580a24e7a9162df477576e494.jpg;ec2e8c0580a24e7a9162df477576e494.jpg;3
data/images/c146b95741084671b4168d0a924fdea4.jpg;c146b95741084671b4168d0a924fdea4.jpg;3
data/images/a0e7471697ba440ca1beaf7cf5bee01f.jpg;a0e7471697ba440ca1beaf7cf5bee01f.jpg;3
data/images/20fb49a498e84db9abce28408acc8e7b.jpg;20fb49a498e84db9abce28408acc8e7b.jpg;3
data/images/40993791956f4bc1b841026fd80b2145.jpg;40993791956f4bc1b841026fd80b2145.jpg;3
data/images/9a4a5dcaa57c4ff3bc38cd8ac4eddbf2.jpg;9a4a5dcaa57c4ff3bc38cd8ac4eddbf2.jpg;3
data/images/a840df1bdefc445ca8a39b5f18677231.jpg;a840df1bdefc445ca8a39b5f18677231.jpg;3
data/images/354f3522809f4eabbd9c7dc2239cce77.jpg;354f3522809f4eabbd9c7dc2239cce77.jpg;3
data/images/7d70aa42867b4386957c674292e88953.jpg;7d70aa42867b4386957c674292e88953.jpg;3
data/images/0c1e58b33b0a41de9addb19c23c5dc59.jpg;0c1e58b33b0a41de9addb19c23c5dc59.jpg;3
data/images/44d2a5a485414f2d867c8594a24965e9.jpg;44d2a5a485414f2d867c8594a24965e9.jpg;3
data/images/5a6624cd4e634663a7638244484ba988.jpg;5a6624cd4e634663a7638244484ba988.jpg;3
data/images/7b45c5ba3080452aaa0878196b078dd1.jpg;7b45c5ba3080452aaa0878196b078dd1.jpg;3
data/images/01b20c7ad4b74638b2fbf48173ae566d.jpg;01b20c7ad4b74638b2fbf48173ae566d.jpg;3
data/images/8d124870527c48b988c68a8bda35f37d.jpg;8d124870527c48b988c68a8bda35f37d.jpg;3
data/images/afc777466b764a978568daa672b3db74.jpg;afc777466b764a978568daa672b3db74.jpg;3
data/images/c06146e01af546f1a1df7093a8e4955f.jpg;c06146e01af546f1a1df7093a8e4955f.jpg;3
data/images/0781da226c12415ea2302b3eae02c430.jpg;0781da226c12415ea2302b3eae02c430.jpg;3
data/images/c9994d2819f247bdab3b304828539f8c.jpg;c9994d2819f247bdab3b304828539f8c.jpg;3
data/images/49c55d8314e04950b7876bb791d61241.jpg;49c55d8314e04950b7876bb791d61241.jpg;3
data/images/b7698c76feff4178bc29a73a3d6e9dbb.jpg;b7698c76feff4178bc29a73a3d6e9dbb.jpg;3
data/images/f147cc8282c048249a10b695a85e33e8.jpg;f147cc8282c048249a10b695a85e33e8.jpg;3
data/images/cfb6c99ef6554d7bbbc1d43cdb4002b5.jpg;cfb6c99ef6554d7bbbc1d43cdb4002b5.jpg;3
data/images/ed11de8d30a443328f589c582a43d972.jpg;ed11de8d30a443328f589c582a43d972.jpg;3
data/images/d7b3ce37868a48e3ac80f793e69f66e0.jpg;d7b3ce37868a48e3ac80f793e69f66e0.jpg;3
data/images/16eec73b7d384b769db19fc36acd9a12.jpg;16eec73b7d384b769db19fc36acd9a12.jpg;3
data/images/731610aeb2cc42e0afcf6635e93a7797.jpg;731610aeb2cc42e0afcf6635e93a7797.jpg;3
data/images/5f0988109d2f4ca3a8ddae6eabf95e07.jpg;5f0988109d2f4ca3a8ddae6eabf95e07.jpg;3
data/images/863ca76b589d4c799630e2e2fe5e896a.jpg;863ca76b589d4c799630e2e2fe5e896a.jpg;3
data/images/61425e9101244007bc18a15d8b45ecb8.jpg;61425e9101244007bc18a15d8b45ecb8.jpg;3
data/images/367ac652fae34d80aea597b6055f2997.jpg;367ac652fae34d80aea597b6055f2997.jpg;3
data/images/f2602d3683a74b428414b63fc7d95eec.jpg;f2602d3683a74b428414b63fc7d95eec.jpg;3
data/images/3c00dc5c45bc4490a2fd7cdf6bf0a438.jpg;3c00dc5c45bc4490a2fd7cdf6bf0a438.jpg;3
data/images/d4d3013ce7ad47a98b8d4e328b128958.jpg;d4d3013ce7ad47a98b8d4e328b128958.jpg;3
data/images/9f792256dadc437cad0c97c912281337.jpg;9f792256dadc437cad0c97c912281337.jpg;3
data/images/ce2a565a85d94b6b9adfc0fcbebddb5c.jpg;ce2a565a85d94b6b9adfc0fcbebddb5c.jpg;3
data/images/c60a21dfe4354d3f8fd195cb24e09e2c.jpg;c60a21dfe4354d3f8fd195cb24e09e2c.jpg;3
data/images/dc3d961932e44b25a16a59496c7c9e30.jpg;dc3d961932e44b25a16a59496c7c9e30.jpg;3
data/images/6924b4ca1e744c8487895edc52aa26b2.jpg;6924b4ca1e744c8487895edc52aa26b2.jpg;3
data/images/25b8b959a6304e6b84b62e0488036099.jpg;25b8b959a6304e6b84b62e0488036099.jpg;3
data/images/b3f1986a7d6547d9bd886268c39187d5.jpg;b3f1986a7d6547d9bd886268c39187d5.jpg;3
data/images/748168790465473aaa6b65ac0cf9caa7.jpg;748168790465473aaa6b65ac0cf9caa7.jpg;3
data/images/f2357956eb044dfba70031ac3af2ee80.jpg;f2357956eb044dfba70031ac3af2ee80.jpg;3
data/images/9fbbd16007d14eb8aad242338b653020.jpg;9fbbd16007d14eb8aad242338b653020.jpg;3
data/images/fe49bf686adf409b85fc16a83893dde0.jpg;fe49bf686adf409b85fc16a83893dde0.jpg;3
data/images/947bcd4c7c7c4ee2929bf61d203c3ddc.jpg;947bcd4c7c7c4ee2929bf61d203c3ddc.jpg;3
data/images/76f5d5d4591b4932bec83e38d7867327.jpg;76f5d5d4591b4932bec83e38d7867327.jpg;3
data/images/d707ebaf75324beb8164dbafa93e3378.jpg;d707ebaf75324beb8164dbafa93e3378.jpg;3
data/images/5b81dd733f764344aaa16c4b6634aaa8.jpg;5b81dd733f764344aaa16c4b6634aaa8.jpg;3
data/images/53b99e750991401981ea41d51942c8a1.jpg;53b99e750991401981ea41d51942c8a1.jpg;3
data/images/40922b76706a4c5ebb9bbfab88362a9a.jpg;40922b76706a4c5ebb9bbfab88362a9a.jpg;3
data/images/76bef5e405da45dd856dce354d9f59b3.jpg;76bef5e405da45dd856dce354d9f59b3.jpg;3
data/images/e8842e51099745dd92fd684142791317.jpg;e8842e51099745dd92fd684142791317.jpg;3
data/images/a56dae5070664ed9888299b443bf5682.jpg;a56dae5070664ed9888299b443bf5682.jpg;3
data/images/6c73bec1a6f04acaa50d450ed93665a8.jpg;6c73bec1a6f04acaa50d450ed93665a8.jpg;3
data/images/82f51e9f49ba4840af72cfb284d15080.jpg;82f51e9f49ba4840af72cfb284d15080.jpg;3
data/images/a9731e1f8bad4908a640aebb0a44f281.jpg;a9731e1f8bad4908a640aebb0a44f281.jpg;3
data/images/2bb926e9835a4238b859bef94cca3cfd.jpg;2bb926e9835a4238b859bef94cca3cfd.jpg;3
data/images/b453a8ad7d0b4b8b9f9f34fe188aeee6.jpg;b453a8ad7d0b4b8b9f9f34fe188aeee6.jpg;3
data/images/29613e685ecb4545ac166b53ec1b0ea5.jpg;29613e685ecb4545ac166b53ec1b0ea5.jpg;3
data/images/746da4e53c644a42984cffd191184015.jpg;746da4e53c644a42984cffd191184015.jpg;3
data/images/24e923b09d774a8d9f44da099b98239d.jpg;24e923b09d774a8d9f44da099b98239d.jpg;3
data/images/fe1c37a0ee374eb1a0653680eae87cf3.jpg;fe1c37a0ee374eb1a0653680eae87cf3.jpg;3
data/images/b1cae3d99b1442ea85e98a364c794de8.jpg;b1cae3d99b1442ea85e98a364c794de8.jpg;3
data/images/fd320e746e2743fc9cf032eca49d59b3.jpg;fd320e746e2743fc9cf032eca49d59b3.jpg;3
data/images/772e629cbb58452896b51478361683a9.jpg;772e629cbb58452896b51478361683a9.jpg;3
data/images/d6553fcaca0e4ddfb55d41dd688f4f49.jpg;d6553fcaca0e4ddfb55d41dd688f4f49.jpg;3
data/images/d3390c5088504b91887df3d325cab1f9.jpg;d3390c5088504b91887df3d325cab1f9.jpg;3
data/images/4d5c6a58fce14058bbaafaf0530c4951.jpg;4d5c6a58fce14058bbaafaf0530c4951.jpg;3
data/images/78eb89f6d1a749f8b347eefec8f92a2f.jpg;78eb89f6d1a749f8b347eefec8f92a2f.jpg;3
data/images/7356c519a13a44acb3dde48dfacb94ce.jpg;7356c519a13a44acb3dde48dfacb94ce.jpg;3
data/images/63ddcebdc4924d3ea25b9e33ab6f74f5.jpg;63ddcebdc4924d3ea25b9e33ab6f74f5.jpg;3
data/images/8b8d6cc22ced439dab163c6196ce661f.jpg;8b8d6cc22ced439dab163c6196ce661f.jpg;3
data/images/97490f1be78c4d9697ef02e711f23829.jpg;97490f1be78c4d9697ef02e711f23829.jpg;3
data/images/bd34e23cf8c84afca41f5f711cbff8e6.jpg;bd34e23cf8c84afca41f5f711cbff8e6.jpg;3
data/images/98db8d5245dc46118c2d7a7b393dd864.jpg;98db8d5245dc46118c2d7a7b393dd864.jpg;3
data/images/108d3b53bdae48c4a735470060c01d99.jpg;108d3b53bdae48c4a735470060c01d99.jpg;3
data/images/db0b243be80c4b5289806191ae45955b.jpg;db0b243be80c4b5289806191ae45955b.jpg;3
data/images/e0b7529d273a4fbaa4afc46624616115.jpg;e0b7529d273a4fbaa4afc46624616115.jpg;3
data/images/82fb32d389ce4b19b291fd78e138771a.jpg;82fb32d389ce4b19b291fd78e138771a.jpg;3
data/images/de9b9aa86f4f4893ab41aa66862535f0.jpg;de9b9aa86f4f4893ab41aa66862535f0.jpg;3
data/images/6256bcb40b804469afd78125b2fef85a.jpg;6256bcb40b804469afd78125b2fef85a.jpg;3
data/images/38f3f27f9e4247c98942b6d44a6fbcd5.jpg;38f3f27f9e4247c98942b6d44a6fbcd5.jpg;3
data/images/a33f59e23f1e4d5689fd8d7234fa68a2.jpg;a33f59e23f1e4d5689fd8d7234fa68a2.jpg;3
data/images/c114cd112cf94ed3944e18aad0305142.jpg;c114cd112cf94ed3944e18aad0305142.jpg;3
data/images/909f5bdb94fa4768a26636d1f3d26766.jpg;909f5bdb94fa4768a26636d1f3d26766.jpg;3
data/images/8466a360f56d40bfb99038f7cae9618d.jpg;8466a360f56d40bfb99038f7cae9618d.jpg;3
data/images/bae31d4aba054277baf9eb0e0468aef6.jpg;bae31d4aba054277baf9eb0e0468aef6.jpg;3
data/images/07afbdc458484337a8bec1b2471d6fff.jpg;07afbdc458484337a8bec1b2471d6fff.jpg;3
data/images/6c1b037353f848a2b7c2a46a4c04cfab.jpg;6c1b037353f848a2b7c2a46a4c04cfab.jpg;3
data/images/47cb0bd50d84491e92d52ee32525816a.jpg;47cb0bd50d84491e92d52ee32525816a.jpg;3
data/images/40f1c77a75954f4d875d6c710dcecfd2.jpg;40f1c77a75954f4d875d6c710dcecfd2.jpg;3
data/images/839ad530f8f84542898a3303750c2bfa.jpg;839ad530f8f84542898a3303750c2bfa.jpg;3
data/images/bfaff3f2e77c4e4f926598e0067a6a6f.jpg;bfaff3f2e77c4e4f926598e0067a6a6f.jpg;3
data/images/1b6cdcc729b6402fa19d87ef59dca10d.jpg;1b6cdcc729b6402fa19d87ef59dca10d.jpg;3
data/images/6e96ff2300bd4897b0c52125aa53f03f.jpg;6e96ff2300bd4897b0c52125aa53f03f.jpg;3
data/images/33c1230da81b46d9a2e1986d286c5894.jpg;33c1230da81b46d9a2e1986d286c5894.jpg;3
data/images/c66dbac92d24479dadada8b99dcd70ec.jpg;c66dbac92d24479dadada8b99dcd70ec.jpg;3
data/images/7996e1c458aa42e187bcf7e46321e63a.jpg;7996e1c458aa42e187bcf7e46321e63a.jpg;3
data/images/3b0644904d5d4c62836c61b653944592.jpg;3b0644904d5d4c62836c61b653944592.jpg;3
data/images/97535b2f9c794968908e04250770e912.jpg;97535b2f9c794968908e04250770e912.jpg;3
data/images/8c2a8d9ef9894039b66cfe1c4516e7ac.jpg;8c2a8d9ef9894039b66cfe1c4516e7ac.jpg;3
data/images/6ac93d467d7343a7bc4dc1c9ff587212.jpg;6ac93d467d7343a7bc4dc1c9ff587212.jpg;3
data/images/dab1ca291746445084b63ea98ff70b35.jpg;dab1ca291746445084b63ea98ff70b35.jpg;3
data/images/b00b37ec7c49411c99a1000ecfef14ae.jpg;b00b37ec7c49411c99a1000ecfef14ae.jpg;3
data/images/d9ae2db8129d4f23b7f00a96b8c8f65a.jpg;d9ae2db8129d4f23b7f00a96b8c8f65a.jpg;3
data/images/a651d8a74ad24db9b7dbc1928681246d.jpg;a651d8a74ad24db9b7dbc1928681246d.jpg;3
data/images/2a6ee526b179441ba6752135b1d4a524.jpg;2a6ee526b179441ba6752135b1d4a524.jpg;3
data/images/4dbfaaf0b5c245b59aef360423a3d763.jpg;4dbfaaf0b5c245b59aef360423a3d763.jpg;3
data/images/1e2809ab09c84a6eae6e168b331c0dc7.jpg;1e2809ab09c84a6eae6e168b331c0dc7.jpg;3
data/images/feba1b0bf403490ba43d3e00e8f22eca.jpg;feba1b0bf403490ba43d3e00e8f22eca.jpg;3
data/images/5587e1725f2f456a9072e6ab00c67409.jpg;5587e1725f2f456a9072e6ab00c67409.jpg;3
data/images/77e4594dfc574b36a741eb6061feefab.jpg;77e4594dfc574b36a741eb6061feefab.jpg;3
data/images/739265e7626f42b297c363ba2ef9f007.jpg;739265e7626f42b297c363ba2ef9f007.jpg;3
data/images/e2cc351cbea84ecbb6d3a4845e9fbd3d.jpg;e2cc351cbea84ecbb6d3a4845e9fbd3d.jpg;3
data/images/c27b6c1e6c9c4a5b8954010accd6e62a.jpg;c27b6c1e6c9c4a5b8954010accd6e62a.jpg;3
data/images/c88c4cfd2f9e49e9b767c1327ab9f4e0.jpg;c88c4cfd2f9e49e9b767c1327ab9f4e0.jpg;3
data/images/4eebd5fac79648c796adbaeae1362c4f.jpg;4eebd5fac79648c796adbaeae1362c4f.jpg;3
data/images/575c540edb454d05896278a297c6d5fe.jpg;575c540edb454d05896278a297c6d5fe.jpg;3
data/images/279a4a8056e44a489f8df19d3a346c52.jpg;279a4a8056e44a489f8df19d3a346c52.jpg;3
data/images/ba9299474940400491fb03af7afdb268.jpg;ba9299474940400491fb03af7afdb268.jpg;3
data/images/755f696bc45b4f4483a093b541d703d9.jpg;755f696bc45b4f4483a093b541d703d9.jpg;3
data/images/7292ff9642994fab93323d1a7554f891.jpg;7292ff9642994fab93323d1a7554f891.jpg;3
data/images/02068945c63c480383a96a2fe217566c.jpg;02068945c63c480383a96a2fe217566c.jpg;3
data/images/396ad90336f646599998f18c0fad1e3a.jpg;396ad90336f646599998f18c0fad1e3a.jpg;3
data/images/84c8553542204a07bd84efe53606d2b1.jpg;84c8553542204a07bd84efe53606d2b1.jpg;3
data/images/7a026e4bb9414ab89a92dd58adb5a4af.jpg;7a026e4bb9414ab89a92dd58adb5a4af.jpg;3
data/images/afc798ff74814c529c9e43a7ed264675.jpg;afc798ff74814c529c9e43a7ed264675.jpg;3
data/images/71440f0d14ae4839b5c3c02f8d14dbc8.jpg;71440f0d14ae4839b5c3c02f8d14dbc8.jpg;3
data/images/2abc111464b3492eab5b6c6aded41507.jpg;2abc111464b3492eab5b6c6aded41507.jpg;3
data/images/93f886e4dee4414382e96c1b8ab2b71b.jpg;93f886e4dee4414382e96c1b8ab2b71b.jpg;3
data/images/c2850d6af2934befb3291e4f0b250655.jpg;c2850d6af2934befb3291e4f0b250655.jpg;3
data/images/46c1361e0a9a46f1a35c08c715bb43ed.jpg;46c1361e0a9a46f1a35c08c715bb43ed.jpg;3
data/images/e3947852abf144b9b97f006e8c473bda.jpg;e3947852abf144b9b97f006e8c473bda.jpg;3
data/images/df77f39c1e4d4165b0247e39444a5448.jpg;df77f39c1e4d4165b0247e39444a5448.jpg;3
data/images/8a49b400a689414db33b8926c60c1e84.jpg;8a49b400a689414db33b8926c60c1e84.jpg;3
data/images/b2c728f6772f4955a8a59e43d7cdc055.jpg;b2c728f6772f4955a8a59e43d7cdc055.jpg;3
data/images/c4a35e327a1e46ce898f0754c5adf2ec.jpg;c4a35e327a1e46ce898f0754c5adf2ec.jpg;3
data/images/8bfdfc13cce6415aa83f42535e3a4001.jpg;8bfdfc13cce6415aa83f42535e3a4001.jpg;3
data/images/15b40a0884ba4c7fa23e008ded436a24.jpg;15b40a0884ba4c7fa23e008ded436a24.jpg;3
data/images/09425b72c50f4a17b707c5169225509d.jpg;09425b72c50f4a17b707c5169225509d.jpg;3
data/images/67052dbe804c42a6b5b84495c64df859.jpg;67052dbe804c42a6b5b84495c64df859.jpg;3
data/images/e2b4328bffc64acebc6a4cc4e49f9b22.jpg;e2b4328bffc64acebc6a4cc4e49f9b22.jpg;3
data/images/494a91517c7c4a1c84984c9807583bfd.jpg;494a91517c7c4a1c84984c9807583bfd.jpg;3
data/images/c533f7d48e95441d8b75c43c09e9f931.jpg;c533f7d48e95441d8b75c43c09e9f931.jpg;3
data/images/2220737b1a504d1088da2693304908f8.jpg;2220737b1a504d1088da2693304908f8.jpg;3
data/images/fe24e08a751644f9bbdf58621b11e634.jpg;fe24e08a751644f9bbdf58621b11e634.jpg;3
data/images/c1dbdd2a0f82480fb4cba2346c39d0d0.jpg;c1dbdd2a0f82480fb4cba2346c39d0d0.jpg;3
data/images/52c81b0558194cd1a4626386b05345b2.jpg;52c81b0558194cd1a4626386b05345b2.jpg;3
data/images/75b979d022c2455fa3126a968290c83e.jpg;75b979d022c2455fa3126a968290c83e.jpg;3
data/images/dad671e9f15d410c8068e5d841ae3941.jpg;dad671e9f15d410c8068e5d841ae3941.jpg;3
data/images/21e294f10ce6449d8aba5d468ed60869.jpg;21e294f10ce6449d8aba5d468ed60869.jpg;3
data/images/4dbfee54149a40d8ab2ce3dee7948a46.jpg;4dbfee54149a40d8ab2ce3dee7948a46.jpg;3
data/images/2fbb5502b01343c9af1505d724688d1d.jpg;2fbb5502b01343c9af1505d724688d1d.jpg;3
data/images/e63944ab996444bcad7280ddb4bc1dca.jpg;e63944ab996444bcad7280ddb4bc1dca.jpg;3
data/images/bb0c39b6e0eb415ba1ae4db44593a6c3.jpg;bb0c39b6e0eb415ba1ae4db44593a6c3.jpg;3
data/images/b6f28fda75054974b47509512c882a1b.jpg;b6f28fda75054974b47509512c882a1b.jpg;3
data/images/8bc673780af2435f9acdf24575e88bd6.jpg;8bc673780af2435f9acdf24575e88bd6.jpg;3
data/images/9813f4ab8c5b407fb35b46ec5d5ab3ab.jpg;9813f4ab8c5b407fb35b46ec5d5ab3ab.jpg;3
data/images/3131bd850057419db0a23f73a5637126.jpg;3131bd850057419db0a23f73a5637126.jpg;3
data/images/34498e3370cd41628f99618ac4d2ac29.jpg;34498e3370cd41628f99618ac4d2ac29.jpg;3
data/images/cbde5edb78fe4d7b91aa89301f79b5e7.jpg;cbde5edb78fe4d7b91aa89301f79b5e7.jpg;3
data/images/2cbcb61267814dbc8691040d0c7d79c6.jpg;2cbcb61267814dbc8691040d0c7d79c6.jpg;3
data/images/77211c42892c4f019373f54fe3dc4b7e.jpg;77211c42892c4f019373f54fe3dc4b7e.jpg;3
data/images/94acce1b16b341ff8cafac1e39697af8.jpg;94acce1b16b341ff8cafac1e39697af8.jpg;3
data/images/6e36e5e9c9354c9e8ba79ba431d95b4b.jpg;6e36e5e9c9354c9e8ba79ba431d95b4b.jpg;3
data/images/1665ffafb35145528f741041face5f07.jpg;1665ffafb35145528f741041face5f07.jpg;3
data/images/a0c3113be9ef4e5eae1d2e7b33f2a91c.jpg;a0c3113be9ef4e5eae1d2e7b33f2a91c.jpg;3
data/images/68e53fbf07254435850194357514b17d.jpg;68e53fbf07254435850194357514b17d.jpg;3
data/images/10229808863a45db846d1665a70547a1.jpg;10229808863a45db846d1665a70547a1.jpg;3
data/images/e5f7d79314db4b6681e0763a616d7c3d.jpg;e5f7d79314db4b6681e0763a616d7c3d.jpg;3
data/images/eb5f0c24a019478fa5979f7039342fbd.jpg;eb5f0c24a019478fa5979f7039342fbd.jpg;3
data/images/3198294a063e4bfa86b8542c530b469b.jpg;3198294a063e4bfa86b8542c530b469b.jpg;3
data/images/b55b12e84a584a3d84ccb3f262de488d.jpg;b55b12e84a584a3d84ccb3f262de488d.jpg;3
data/images/6b086cc4e62c4633a0e76f43c706831e.jpg;6b086cc4e62c4633a0e76f43c706831e.jpg;3
data/images/0127216fd90547e6a9abe484b4fe9531.jpg;0127216fd90547e6a9abe484b4fe9531.jpg;3
data/images/9465d3a8098841b494ba846ea2436dc6.jpg;9465d3a8098841b494ba846ea2436dc6.jpg;3
data/images/092cc0e90a044fdeb27a57f612016297.jpg;092cc0e90a044fdeb27a57f612016297.jpg;3
data/images/75388d61644f41a88c574be62a4c2c2a.jpg;75388d61644f41a88c574be62a4c2c2a.jpg;3
data/images/22e867adbe744f12b7a241a6b5e95860.jpg;22e867adbe744f12b7a241a6b5e95860.jpg;3
data/images/9d371a7f4d674bee9ecda6b9e98eb9a2.jpg;9d371a7f4d674bee9ecda6b9e98eb9a2.jpg;3
data/images/38771e5999f44cacbb9c4c731415a72c.jpg;38771e5999f44cacbb9c4c731415a72c.jpg;3
data/images/2c2fc1cdae7945518a0194a0a633b181.jpg;2c2fc1cdae7945518a0194a0a633b181.jpg;3
data/images/40f20f3fdfc141e9afabde236cc0b1ba.jpg;40f20f3fdfc141e9afabde236cc0b1ba.jpg;3
data/images/b8163e26ed3844a0b1b520f58907624f.jpg;b8163e26ed3844a0b1b520f58907624f.jpg;3
data/images/57ecc283489941e3aa00db6df3ca2e9d.jpg;57ecc283489941e3aa00db6df3ca2e9d.jpg;3
data/images/54bff2cd5f9947378a0a6706c5a9e366.jpg;54bff2cd5f9947378a0a6706c5a9e366.jpg;3
data/images/6fe94bd5926844b3a92b76e806035e18.jpg;6fe94bd5926844b3a92b76e806035e18.jpg;3
data/images/d0ef136366974bb6a61b05e1e5d3d2c7.jpg;d0ef136366974bb6a61b05e1e5d3d2c7.jpg;3
data/images/3eb97902b1c947df862c15f87a9cd61c.jpg;3eb97902b1c947df862c15f87a9cd61c.jpg;3
data/images/145b8be275854e78bf510bd689ca89c3.jpg;145b8be275854e78bf510bd689ca89c3.jpg;3
data/images/f189ef96a32a4f6f89706ac6cbdeb321.jpg;f189ef96a32a4f6f89706ac6cbdeb321.jpg;3
data/images/091ba66735114361a9b8dd2fa546d90a.jpg;091ba66735114361a9b8dd2fa546d90a.jpg;3
data/images/cfc878e0d81c4f3c8a84b0ea03b12ec0.jpg;cfc878e0d81c4f3c8a84b0ea03b12ec0.jpg;3
data/images/4649ebbbcfd847f4a88028467065e2d7.jpg;4649ebbbcfd847f4a88028467065e2d7.jpg;3
data/images/dfdca031efc34910be8f7393b687a5a2.jpg;dfdca031efc34910be8f7393b687a5a2.jpg;3
data/images/ef1c198aa32f4935b1cb0e439d929dbc.jpg;ef1c198aa32f4935b1cb0e439d929dbc.jpg;3
data/images/77c4ba00a5fc4f53a5e9593f7b8b6e1d.jpg;77c4ba00a5fc4f53a5e9593f7b8b6e1d.jpg;3
data/images/8713f9f3568d44dd85cc9ed6eb51d114.jpg;8713f9f3568d44dd85cc9ed6eb51d114.jpg;3
data/images/198d18540f19418ba05e38aafc545db8.jpg;198d18540f19418ba05e38aafc545db8.jpg;3
data/images/b3535eda4f8f46989d3da3d3b63e9607.jpg;b3535eda4f8f46989d3da3d3b63e9607.jpg;3
data/images/474f9a953ab446fcbf550177e656739d.jpg;474f9a953ab446fcbf550177e656739d.jpg;3
data/images/bcccf538660541adb7fa109d925d5375.jpg;bcccf538660541adb7fa109d925d5375.jpg;3
data/images/1d8be8cd3cb44a489a4b74ad0c6a0e18.jpg;1d8be8cd3cb44a489a4b74ad0c6a0e18.jpg;3
data/images/6917a233a5004e04933a42fb9aff24ee.jpg;6917a233a5004e04933a42fb9aff24ee.jpg;3
data/images/beeb8714a2894daba826921961a6dcd8.jpg;beeb8714a2894daba826921961a6dcd8.jpg;3
data/images/ebeab2dd2c05493d8781c1d81af8d529.jpg;ebeab2dd2c05493d8781c1d81af8d529.jpg;3
data/images/5fbc754a567d481ca9198b153bb6c879.jpg;5fbc754a567d481ca9198b153bb6c879.jpg;3
data/images/e406461b78994e3883ab5776b0123112.jpg;e406461b78994e3883ab5776b0123112.jpg;3
data/images/9a0d04a94e7a42f99c32a2b3a7a9e47d.jpg;9a0d04a94e7a42f99c32a2b3a7a9e47d.jpg;3
data/images/eb240b48430046399f98bba8ad1f4d8c.jpg;eb240b48430046399f98bba8ad1f4d8c.jpg;3
data/images/c0dcba6237e442c0b0ae593b7c0373de.jpg;c0dcba6237e442c0b0ae593b7c0373de.jpg;3
data/images/87355a31111a4174a68cb9dd82d5591c.jpg;87355a31111a4174a68cb9dd82d5591c.jpg;3
data/images/d2fab8e63bef4752a664b7c1570dc651.jpg;d2fab8e63bef4752a664b7c1570dc651.jpg;3
data/images/f63f69f30b6943d2bc66cb486e82c55a.jpg;f63f69f30b6943d2bc66cb486e82c55a.jpg;3
data/images/b70120b2d9bc4e779cfd941bfe1dc173.jpg;b70120b2d9bc4e779cfd941bfe1dc173.jpg;3
data/images/6b64cf2f549b433f9a24f9652a0e4493.jpg;6b64cf2f549b433f9a24f9652a0e4493.jpg;3
data/images/f669cd131753406e939dd92bed43ba67.jpg;f669cd131753406e939dd92bed43ba67.jpg;3
data/images/e33754879bf44aef81b475446cbb6cba.jpg;e33754879bf44aef81b475446cbb6cba.jpg;3
data/images/238e82dbe0e14e218c0d8aebe6d960a1.jpg;238e82dbe0e14e218c0d8aebe6d960a1.jpg;3
data/images/2a846d800a6945d59cda4ecd0925757b.jpg;2a846d800a6945d59cda4ecd0925757b.jpg;3
data/images/8832ded0ceae4c078770b709cfc83221.jpg;8832ded0ceae4c078770b709cfc83221.jpg;3
data/images/e9c71a9844be472ab8d28bbf7a820d9f.jpg;e9c71a9844be472ab8d28bbf7a820d9f.jpg;3
data/images/f92b4b95129c4750b6620ac0647158b7.jpg;f92b4b95129c4750b6620ac0647158b7.jpg;3
data/images/35b2667598c84e6eb24d1449d7e86d3c.jpg;35b2667598c84e6eb24d1449d7e86d3c.jpg;3
data/images/a7cfb8ab93b149d5b43ae46b504d8711.jpg;a7cfb8ab93b149d5b43ae46b504d8711.jpg;3
data/images/9d0ad746e50e4b02811c40c883c4aab6.jpg;9d0ad746e50e4b02811c40c883c4aab6.jpg;3
data/images/1a66081c92a2495b9782b882f6f991ee.jpg;1a66081c92a2495b9782b882f6f991ee.jpg;3
data/images/0f8dc2f8302e4eaa9dc4a5cb85fe41df.jpg;0f8dc2f8302e4eaa9dc4a5cb85fe41df.jpg;3
data/images/0851a581ce6a4c809cbfbea8efdce0b5.jpg;0851a581ce6a4c809cbfbea8efdce0b5.jpg;3
data/images/0ae9c630ae984932aad40b00cd2745e4.jpg;0ae9c630ae984932aad40b00cd2745e4.jpg;3
data/images/08c553efd9ca424aba0bbe35e79bbe52.jpg;08c553efd9ca424aba0bbe35e79bbe52.jpg;3
data/images/2cf12de999d94d05be30dc3e62543c22.jpg;2cf12de999d94d05be30dc3e62543c22.jpg;3
data/images/37e7bbddf60d4d1d8a076e7278dc2c96.jpg;37e7bbddf60d4d1d8a076e7278dc2c96.jpg;3
data/images/c4202789515c4ecd8e38edab6e476204.jpg;c4202789515c4ecd8e38edab6e476204.jpg;3
data/images/67a8c90203f1467bb9b9ba0fb572a431.jpg;67a8c90203f1467bb9b9ba0fb572a431.jpg;3
data/images/3498b9ec5c4b433a81870533a5a29e82.jpg;3498b9ec5c4b433a81870533a5a29e82.jpg;3
data/images/ac4089eff53642ce99ca76a71cce92ce.jpg;ac4089eff53642ce99ca76a71cce92ce.jpg;3
data/images/605b09fc91754e3e9300eef6374be366.jpg;605b09fc91754e3e9300eef6374be366.jpg;3
data/images/90512c150de542a7868ddfda80f33778.jpg;90512c150de542a7868ddfda80f33778.jpg;3
data/images/367114b474624ad391437ac594f9f7a1.jpg;367114b474624ad391437ac594f9f7a1.jpg;3
data/images/a13d932eedfd4ce1876d2c24a7ab4b7a.jpg;a13d932eedfd4ce1876d2c24a7ab4b7a.jpg;3
data/images/cd3981aace0942048e1470eedc335fe0.jpg;cd3981aace0942048e1470eedc335fe0.jpg;3
data/images/d587fad7734a41e28fb20f2158b9bb19.jpg;d587fad7734a41e28fb20f2158b9bb19.jpg;3
data/images/adeb415189334b9c98f39fcbb9f45eb5.jpg;adeb415189334b9c98f39fcbb9f45eb5.jpg;3
data/images/ad6c3c0a81364d7699b0bad769771809.jpg;ad6c3c0a81364d7699b0bad769771809.jpg;3
data/images/ccbc6f4e697c46ea9fc3d23df88e4810.jpg;ccbc6f4e697c46ea9fc3d23df88e4810.jpg;3
data/images/f68575cc90394f98a888f66bf93fdf93.jpg;f68575cc90394f98a888f66bf93fdf93.jpg;3
data/images/d65a70f56e4e4c50b2f33ec913fd2619.jpg;d65a70f56e4e4c50b2f33ec913fd2619.jpg;3
data/images/df946057eceb4b4fb920cf728fb06f97.jpg;df946057eceb4b4fb920cf728fb06f97.jpg;3
data/images/eda3ee12c8a24ae0b998054ff7ea62e4.jpg;eda3ee12c8a24ae0b998054ff7ea62e4.jpg;3
data/images/45c4ba602a3c40539630e4361e126dad.jpg;45c4ba602a3c40539630e4361e126dad.jpg;3
data/images/90c0031f45fe4849ace5e622cd0028dc.jpg;90c0031f45fe4849ace5e622cd0028dc.jpg;3
data/images/69aa157dada94e7c97376d848c09e1a8.jpg;69aa157dada94e7c97376d848c09e1a8.jpg;3
data/images/55ed75899a63429aa8bcbb29d6609f20.jpg;55ed75899a63429aa8bcbb29d6609f20.jpg;3
data/images/fffb18909bc54ae690acd92a67043067.jpg;fffb18909bc54ae690acd92a67043067.jpg;3
data/images/47cb962da87942da8390472f0a2661f1.jpg;47cb962da87942da8390472f0a2661f1.jpg;3
data/images/25cc121ab4ca4f03ad01d911487aa52f.jpg;25cc121ab4ca4f03ad01d911487aa52f.jpg;3
data/images/4b17067980e448bf807fee59d3ce5883.jpg;4b17067980e448bf807fee59d3ce5883.jpg;3
data/images/90cab65263d94736b06e178cd426a45b.jpg;90cab65263d94736b06e178cd426a45b.jpg;3
data/images/f460f359fa00452a8e7ce6e471128ef3.jpg;f460f359fa00452a8e7ce6e471128ef3.jpg;3
data/images/f43d7d22dfdd424a82d3feb0202a537d.jpg;f43d7d22dfdd424a82d3feb0202a537d.jpg;3
data/images/a4b6fde041af48e0a7b4b72924f6d8c7.jpg;a4b6fde041af48e0a7b4b72924f6d8c7.jpg;3
data/images/d7d6b397c6384c71b66bd82f9f10d271.jpg;d7d6b397c6384c71b66bd82f9f10d271.jpg;3
data/images/0fb1b3d608d34595bdf39749f45e6b64.jpg;0fb1b3d608d34595bdf39749f45e6b64.jpg;3
data/images/cb9cbfc9ef86467bbe4bb4509cb434b0.jpg;cb9cbfc9ef86467bbe4bb4509cb434b0.jpg;3
data/images/f10dd7e1923e4d8f902520d98d9acfec.jpg;f10dd7e1923e4d8f902520d98d9acfec.jpg;3
data/images/0b891f68fa4f4dbd9c79dc352a1a855e.jpg;0b891f68fa4f4dbd9c79dc352a1a855e.jpg;3
data/images/55dbe0bb34924a9cb7237b3161bc03f8.jpg;55dbe0bb34924a9cb7237b3161bc03f8.jpg;3
data/images/26777e75551f41baae93b295e5e9981e.jpg;26777e75551f41baae93b295e5e9981e.jpg;3
data/images/508ec937cfac44af98354f34233f65e4.jpg;508ec937cfac44af98354f34233f65e4.jpg;3
data/images/c99caa1d838b4ad5b47347253aa85be3.jpg;c99caa1d838b4ad5b47347253aa85be3.jpg;3
data/images/a1d378b14615446286df734ca9b5cd67.jpg;a1d378b14615446286df734ca9b5cd67.jpg;3
data/images/9f0d70d38e264d499faafca7d2107140.jpg;9f0d70d38e264d499faafca7d2107140.jpg;3
data/images/3f1fe75e17934562aa3a63ee5867c3f9.jpg;3f1fe75e17934562aa3a63ee5867c3f9.jpg;3
data/images/cd75f42ceaca411ba84be166038dd756.jpg;cd75f42ceaca411ba84be166038dd756.jpg;3
data/images/ca4e196af5f3466baaeda899608a202f.jpg;ca4e196af5f3466baaeda899608a202f.jpg;3
data/images/9169f76d8b1541a2863c73cc7368bcdc.jpg;9169f76d8b1541a2863c73cc7368bcdc.jpg;3
data/images/2b3ab19740dd4ec79f6f4ce3b1645bbd.jpg;2b3ab19740dd4ec79f6f4ce3b1645bbd.jpg;3
data/images/b6212a318a014717bb93409685ee3660.jpg;b6212a318a014717bb93409685ee3660.jpg;3
data/images/7ede56340a694f3cab154a9cb9c99dde.jpg;7ede56340a694f3cab154a9cb9c99dde.jpg;3
data/images/3374b09ded8145bcaeb961954c0842f9.jpg;3374b09ded8145bcaeb961954c0842f9.jpg;3
data/images/073b4f30fe004331a16eefc5636245d3.jpg;073b4f30fe004331a16eefc5636245d3.jpg;3
data/images/d680c9b1c22e44e5a6f528d0dd77d5af.jpg;d680c9b1c22e44e5a6f528d0dd77d5af.jpg;3
data/images/b62530427a9c4b3ba2f5bd22f607d125.jpg;b62530427a9c4b3ba2f5bd22f607d125.jpg;3
data/images/7caca5f7fd33462d84fb4d52570b4700.jpg;7caca5f7fd33462d84fb4d52570b4700.jpg;3
data/images/535566b817434703b42f5c4fb3eec249.jpg;535566b817434703b42f5c4fb3eec249.jpg;3
data/images/eb0be55a15434a39a8e7f66039266447.jpg;eb0be55a15434a39a8e7f66039266447.jpg;3
data/images/aed78d110e3b4ff4949f380fd67acd92.jpg;aed78d110e3b4ff4949f380fd67acd92.jpg;3
data/images/a34d058bc47641a1ae9cb5f3b736d862.jpg;a34d058bc47641a1ae9cb5f3b736d862.jpg;3
data/images/4c18f57b1cfd499096abd86aa8d274c3.jpg;4c18f57b1cfd499096abd86aa8d274c3.jpg;3
data/images/f5202e0496874878afb6664d399727f0.jpg;f5202e0496874878afb6664d399727f0.jpg;3
data/images/6287c3980d0444b5b94b1d6ca5b11040.jpg;6287c3980d0444b5b94b1d6ca5b11040.jpg;3
data/images/08dc00e7515c40bfa66615a7d3bf1be1.jpg;08dc00e7515c40bfa66615a7d3bf1be1.jpg;3
data/images/52aa1a519adc4cff9c83e09b1a744995.jpg;52aa1a519adc4cff9c83e09b1a744995.jpg;3
data/images/0b95b109a902492c83ba1a7b470fa5b5.jpg;0b95b109a902492c83ba1a7b470fa5b5.jpg;3
data/images/51b2632046c347418848984398e6bf83.jpg;51b2632046c347418848984398e6bf83.jpg;3
data/images/5a02dd80c1c04e90ba9f94854adc836d.jpg;5a02dd80c1c04e90ba9f94854adc836d.jpg;3
data/images/2a5efa6c2cc940af9c725783c326720b.jpg;2a5efa6c2cc940af9c725783c326720b.jpg;3
data/images/df623ba07820407bbfe91afb0c24661a.jpg;df623ba07820407bbfe91afb0c24661a.jpg;3
data/images/9fceffb94ea14abca6443a62d50dcb1f.jpg;9fceffb94ea14abca6443a62d50dcb1f.jpg;3
data/images/787910d045954ec3bc474173fd29ba7f.jpg;787910d045954ec3bc474173fd29ba7f.jpg;3
data/images/3cfe2f2f1b144a1cb8e0646647810e86.jpg;3cfe2f2f1b144a1cb8e0646647810e86.jpg;3
data/images/3fb7eb4b69d547ee9c359743f260b504.jpg;3fb7eb4b69d547ee9c359743f260b504.jpg;3
data/images/cef9abb585754b4d8e4113970079243f.jpg;cef9abb585754b4d8e4113970079243f.jpg;3
data/images/e5b76411bad44dccb1c4528b3beb8af2.jpg;e5b76411bad44dccb1c4528b3beb8af2.jpg;3
data/images/1928fe9b4423421c95ccede9644e0d8a.jpg;1928fe9b4423421c95ccede9644e0d8a.jpg;3
data/images/c5b74fd09a98409ca9af0b5c8d0007f3.jpg;c5b74fd09a98409ca9af0b5c8d0007f3.jpg;3
data/images/f283f67dc1184bb382b65f6a966617d1.jpg;f283f67dc1184bb382b65f6a966617d1.jpg;3
data/images/43fb8c469b9841e89d795282085e7585.jpg;43fb8c469b9841e89d795282085e7585.jpg;3
data/images/e285d8ca09ab4b8fa052a9db36e791e6.jpg;e285d8ca09ab4b8fa052a9db36e791e6.jpg;3
data/images/9b84644e0ea34da495d837fbe1a7cac4.jpg;9b84644e0ea34da495d837fbe1a7cac4.jpg;3
data/images/b3126bc9fedd4f5a93b039144c30e5ef.jpg;b3126bc9fedd4f5a93b039144c30e5ef.jpg;3
data/images/fad93bd857f345e2a9e7696ecba03199.jpg;fad93bd857f345e2a9e7696ecba03199.jpg;3
data/images/5fa98f36a1644fe1aaef97d3c7ad0780.jpg;5fa98f36a1644fe1aaef97d3c7ad0780.jpg;3
data/images/6e4bf67a625f47c9a02b5c5965c0d801.jpg;6e4bf67a625f47c9a02b5c5965c0d801.jpg;3
data/images/12418ca1404e4bfe9badfda65735974e.jpg;12418ca1404e4bfe9badfda65735974e.jpg;3
data/images/53b8ae470e11424699eb05460bec99a8.jpg;53b8ae470e11424699eb05460bec99a8.jpg;3
data/images/da81abedcddf4640bb31ed2a8097e51f.jpg;da81abedcddf4640bb31ed2a8097e51f.jpg;3
data/images/9935ef51f7aa41f3b6c8690e4fe3f02c.jpg;9935ef51f7aa41f3b6c8690e4fe3f02c.jpg;3
data/images/f4c4b726bce6487c9c826bcd2363a702.jpg;f4c4b726bce6487c9c826bcd2363a702.jpg;3
data/images/98c42e50ef364da2bb187436b5a3ae13.jpg;98c42e50ef364da2bb187436b5a3ae13.jpg;3
data/images/2494793b9a45444f9e6175bcf7cff0b6.jpg;2494793b9a45444f9e6175bcf7cff0b6.jpg;3
data/images/04dd6418b2e244cbbbb7df797bae4459.jpg;04dd6418b2e244cbbbb7df797bae4459.jpg;3
data/images/e474c13a99094b05bc0cda53b76dec58.jpg;e474c13a99094b05bc0cda53b76dec58.jpg;3
data/images/19b80e9a20534516a1ba6152bd26ca8d.jpg;19b80e9a20534516a1ba6152bd26ca8d.jpg;3
data/images/a2a6952b7d3b4969ad602656baf031f2.jpg;a2a6952b7d3b4969ad602656baf031f2.jpg;3
data/images/919fe07befd4455fa39d481befc7191f.jpg;919fe07befd4455fa39d481befc7191f.jpg;3
data/images/6cefc311b6034c6daa560b015207c28e.jpg;6cefc311b6034c6daa560b015207c28e.jpg;3
data/images/fa5e916128c944f980cc596cf37657fa.jpg;fa5e916128c944f980cc596cf37657fa.jpg;3
data/images/7216d30d83b24c818a2a9c0a1507e256.jpg;7216d30d83b24c818a2a9c0a1507e256.jpg;3
data/images/6684b68f295341628259be9d80bc60bd.jpg;6684b68f295341628259be9d80bc60bd.jpg;3
data/images/04a3b017311b48b58c88cf01af40ed7d.jpg;04a3b017311b48b58c88cf01af40ed7d.jpg;3
data/images/641b7e6549004695b4f864632ecf5262.jpg;641b7e6549004695b4f864632ecf5262.jpg;3
data/images/c6a10d1999754f8fa60bf96cef29a419.jpg;c6a10d1999754f8fa60bf96cef29a419.jpg;3
data/images/931a6b81395a40f2adf0290b31128b22.jpg;931a6b81395a40f2adf0290b31128b22.jpg;3
data/images/a73f2908a128415ebc65fbc522a4404f.jpg;a73f2908a128415ebc65fbc522a4404f.jpg;3
data/images/31f92a5ce5354be9a9aacd3619a049b5.jpg;31f92a5ce5354be9a9aacd3619a049b5.jpg;3
data/images/ffc314df4cd84106a8e072608d4ad79d.jpg;ffc314df4cd84106a8e072608d4ad79d.jpg;3
data/images/95b8f088bf5a4b3f88c0ad2e47b98e45.jpg;95b8f088bf5a4b3f88c0ad2e47b98e45.jpg;3
data/images/7f2dbbe999c44ab38e9fcdd195892f0e.jpg;7f2dbbe999c44ab38e9fcdd195892f0e.jpg;3
data/images/8d2de0794e094445bc29b2e6e31b2aa5.jpg;8d2de0794e094445bc29b2e6e31b2aa5.jpg;3
data/images/90bfcea2fe01457d85f2b2eeef2d9fe4.jpg;90bfcea2fe01457d85f2b2eeef2d9fe4.jpg;3
data/images/620555e6d68c473bb6d1cbfd6fef4b75.jpg;620555e6d68c473bb6d1cbfd6fef4b75.jpg;3
data/images/f0050615359d469ba903bf7ef7c55715.jpg;f0050615359d469ba903bf7ef7c55715.jpg;3
data/images/955d0aadc1644265b38dfe58cc2afdd2.jpg;955d0aadc1644265b38dfe58cc2afdd2.jpg;3
data/images/451a6c534a254bfbad005b7c52b4b1f3.jpg;451a6c534a254bfbad005b7c52b4b1f3.jpg;3
data/images/5f41dcf95779474598cf3eaceeca2bd2.jpg;5f41dcf95779474598cf3eaceeca2bd2.jpg;3
data/images/6d9047a0498641c9bf07fc87cae3df12.jpg;6d9047a0498641c9bf07fc87cae3df12.jpg;3
data/images/25ce0c89e3c643faa73412ecac394be9.jpg;25ce0c89e3c643faa73412ecac394be9.jpg;3
data/images/82aa80881bc647579a483e50c512f1c2.jpg;82aa80881bc647579a483e50c512f1c2.jpg;3
data/images/5cf8998c08ed4bf29a335e7c4c9ebc4a.jpg;5cf8998c08ed4bf29a335e7c4c9ebc4a.jpg;3
data/images/6eea8227d1dc477f8b436e313748abac.jpg;6eea8227d1dc477f8b436e313748abac.jpg;3
data/images/73a43157be1c490dac519228d7960ceb.jpg;73a43157be1c490dac519228d7960ceb.jpg;3
data/images/f0836bfd9bde4f888fa2cc049509c8e4.jpg;f0836bfd9bde4f888fa2cc049509c8e4.jpg;3
data/images/76892c15920f44ce932621343d1a8225.jpg;76892c15920f44ce932621343d1a8225.jpg;3
data/images/77369b72807047a5979359631cf63769.jpg;77369b72807047a5979359631cf63769.jpg;3
data/images/3b5425297d614857af2244cf3f4c82c8.jpg;3b5425297d614857af2244cf3f4c82c8.jpg;3
data/images/2da928ed7a76493e8282a1ad63b5e305.jpg;2da928ed7a76493e8282a1ad63b5e305.jpg;3
data/images/d558aa664ff3410db9dcaf2b0d98d129.jpg;d558aa664ff3410db9dcaf2b0d98d129.jpg;3
data/images/be90206d54144087a0472127117b094a.jpg;be90206d54144087a0472127117b094a.jpg;3
data/images/777d4613ea544c379a447e755a233c41.jpg;777d4613ea544c379a447e755a233c41.jpg;3
data/images/fad8e639e85d4f78bf4e38b5b9d4fd22.jpg;fad8e639e85d4f78bf4e38b5b9d4fd22.jpg;3
data/images/40517227b0ed4970a2ecc1970937030c.jpg;40517227b0ed4970a2ecc1970937030c.jpg;3
data/images/5b2c954d0b444d918d57435c8cc996d5.jpg;5b2c954d0b444d918d57435c8cc996d5.jpg;3
data/images/387a947b1d6644faa94ad5a2c8680e8b.jpg;387a947b1d6644faa94ad5a2c8680e8b.jpg;3
data/images/55b12361728e4fdb97546741fca7bfc1.jpg;55b12361728e4fdb97546741fca7bfc1.jpg;3
data/images/fa257318f80e4f088cb57a8f00124fda.jpg;fa257318f80e4f088cb57a8f00124fda.jpg;3
data/images/09c500a1cf114abea3bdb2198c7ca4b7.jpg;09c500a1cf114abea3bdb2198c7ca4b7.jpg;3
data/images/05117d65415b41d693959900de5cf93f.jpg;05117d65415b41d693959900de5cf93f.jpg;3
data/images/23f4aa714694417687d048047819bedb.jpg;23f4aa714694417687d048047819bedb.jpg;3
data/images/4d33fa15770b4f9187b6a3140171847e.jpg;4d33fa15770b4f9187b6a3140171847e.jpg;3
data/images/de69795148e24a2c820a47e10e771860.jpg;de69795148e24a2c820a47e10e771860.jpg;3
data/images/482fe04837214f54b58305d85b28e081.jpg;482fe04837214f54b58305d85b28e081.jpg;3
data/images/61bdf8f43f714beab2bd6222bebb207b.jpg;61bdf8f43f714beab2bd6222bebb207b.jpg;3
data/images/d2fecca703b04e21ad6f38e6ce2d9fef.jpg;d2fecca703b04e21ad6f38e6ce2d9fef.jpg;3
data/images/3e57f75f8d9d4e2ab85486a204d7c8d5.jpg;3e57f75f8d9d4e2ab85486a204d7c8d5.jpg;3
data/images/465a0fb218094a6fb9e82fd2ddeca9fc.jpg;465a0fb218094a6fb9e82fd2ddeca9fc.jpg;3
data/images/688d8a0a9f924222b60029e57f7839cb.jpg;688d8a0a9f924222b60029e57f7839cb.jpg;3
data/images/29f2159393f342338c6551bcab2f5ab0.jpg;29f2159393f342338c6551bcab2f5ab0.jpg;3
data/images/7513b41495534c19be346bd17539719b.jpg;7513b41495534c19be346bd17539719b.jpg;3
data/images/ee0ddff8b17243199f243c8ea899118e.jpg;ee0ddff8b17243199f243c8ea899118e.jpg;3
data/images/dd0219b7701246948f3b4864c8ffe40b.jpg;dd0219b7701246948f3b4864c8ffe40b.jpg;3
data/images/8fcb2c51305c4b609e6df21d0e6c707b.jpg;8fcb2c51305c4b609e6df21d0e6c707b.jpg;3
data/images/7363dcfaa3434745810f5e9324faf5f2.jpg;7363dcfaa3434745810f5e9324faf5f2.jpg;3
data/images/13180aba2ff2436ca764400d55c3d983.jpg;13180aba2ff2436ca764400d55c3d983.jpg;3
data/images/90d82fa7c5764e31bfff242d17076e07.jpg;90d82fa7c5764e31bfff242d17076e07.jpg;3
data/images/0af0b6b7e7eb4ecd8e0d343bbb6504bb.jpg;0af0b6b7e7eb4ecd8e0d343bbb6504bb.jpg;3
data/images/a75b789f719544508fbbf1b3db0aaeee.jpg;a75b789f719544508fbbf1b3db0aaeee.jpg;3
data/images/d287a488e64f45e095e6d3f2a1a39463.jpg;d287a488e64f45e095e6d3f2a1a39463.jpg;3
data/images/7540e9cdfc654e1391558f5125e9a6e5.jpg;7540e9cdfc654e1391558f5125e9a6e5.jpg;3
data/images/f24c43df9e9c415b9c167ff3fff63e75.jpg;f24c43df9e9c415b9c167ff3fff63e75.jpg;3
data/images/27122fb5bf184d308e9631ae839ed4d6.jpg;27122fb5bf184d308e9631ae839ed4d6.jpg;3
data/images/d4a64b5231df4f7cae2d66005d49102b.jpg;d4a64b5231df4f7cae2d66005d49102b.jpg;3
data/images/b14340b04d754586901a19f1471c5f01.jpg;b14340b04d754586901a19f1471c5f01.jpg;3
data/images/9db46151f8214d009acb537c208eaae2.jpg;9db46151f8214d009acb537c208eaae2.jpg;3
data/images/455034aa1e834f509f6082ff77142010.jpg;455034aa1e834f509f6082ff77142010.jpg;3
data/images/fb431b68a5d54b2fb4703ac8ab57838f.jpg;fb431b68a5d54b2fb4703ac8ab57838f.jpg;3
data/images/ec0ad5b77a7a4fbe8d112c5b12cc8a1b.jpg;ec0ad5b77a7a4fbe8d112c5b12cc8a1b.jpg;3
data/images/f2a802b200cc48e29169ff963cab3781.jpg;f2a802b200cc48e29169ff963cab3781.jpg;3
data/images/321a066bc81241c2b2d675fba098f1ab.jpg;321a066bc81241c2b2d675fba098f1ab.jpg;3
data/images/55b504ef2a3243b29cddf9327522dbb1.jpg;55b504ef2a3243b29cddf9327522dbb1.jpg;3
data/images/20ef20228b3142db97673bcb03f5980f.jpg;20ef20228b3142db97673bcb03f5980f.jpg;3
data/images/a08e8191f0a44372b716e30b9f2a4890.jpg;a08e8191f0a44372b716e30b9f2a4890.jpg;3
data/images/631abdd5ce0b493694cc2cdb7e3b29ba.jpg;631abdd5ce0b493694cc2cdb7e3b29ba.jpg;3
data/images/676aac693fb94f33b17acda579e58c9d.jpg;676aac693fb94f33b17acda579e58c9d.jpg;3
data/images/fab95709684f4647807bb961ef21d745.jpg;fab95709684f4647807bb961ef21d745.jpg;3
data/images/da87fa3ba0f945b3a526ad52bbaae5a8.jpg;da87fa3ba0f945b3a526ad52bbaae5a8.jpg;3
data/images/941721d63b404bb99044bdb0f3048b2c.jpg;941721d63b404bb99044bdb0f3048b2c.jpg;3
data/images/a4fb8338be384c0281fbe8cd1e411e2c.jpg;a4fb8338be384c0281fbe8cd1e411e2c.jpg;3
data/images/46f85aabf30d411483de4806cdcdd08a.jpg;46f85aabf30d411483de4806cdcdd08a.jpg;3
data/images/c8885933264542d0a5bed972c1576a0b.jpg;c8885933264542d0a5bed972c1576a0b.jpg;3
data/images/b8e1ae6030c844cda769f28f770856f3.jpg;b8e1ae6030c844cda769f28f770856f3.jpg;3
data/images/ba2e0dca7e034d1a8d7b8ac24a5d35ef.jpg;ba2e0dca7e034d1a8d7b8ac24a5d35ef.jpg;3
data/images/9d0f4dca4dd94b81b39a9ac45a5d3d02.jpg;9d0f4dca4dd94b81b39a9ac45a5d3d02.jpg;3
data/images/10139affb7164d01b17b3509a63a176a.jpg;10139affb7164d01b17b3509a63a176a.jpg;3
data/images/deb86c0dcdf645bc8085138179e1b627.jpg;deb86c0dcdf645bc8085138179e1b627.jpg;3
data/images/6da502e7c9914a329be9d815704bbb6a.jpg;6da502e7c9914a329be9d815704bbb6a.jpg;3
data/images/b25bfa043d96440ca5087ec59aabd042.jpg;b25bfa043d96440ca5087ec59aabd042.jpg;3
data/images/fa2eb2fb98a044909e613df5465b38c8.jpg;fa2eb2fb98a044909e613df5465b38c8.jpg;3
data/images/e3138bb6767c4129b8ed93ce017cc5d9.jpg;e3138bb6767c4129b8ed93ce017cc5d9.jpg;3
data/images/a1725a8edb5446ec8f4abd8fe5e9f654.jpg;a1725a8edb5446ec8f4abd8fe5e9f654.jpg;3
data/images/f16b3772bdba4c6d91e6f822b283528d.jpg;f16b3772bdba4c6d91e6f822b283528d.jpg;3
data/images/35ea4ff9add94caf8509f5eb3c8da8e0.jpg;35ea4ff9add94caf8509f5eb3c8da8e0.jpg;3
data/images/a9e7755683054152b73a21c37e2ba43d.jpg;a9e7755683054152b73a21c37e2ba43d.jpg;3
data/images/2e37056abea14bc0872f23c1d0b312b7.jpg;2e37056abea14bc0872f23c1d0b312b7.jpg;3
data/images/3e6f2d97474f4861a4f3cf147995100a.jpg;3e6f2d97474f4861a4f3cf147995100a.jpg;3
data/images/20f568cfcf554528a1cedb7590baf8e8.jpg;20f568cfcf554528a1cedb7590baf8e8.jpg;3
data/images/77291ba01ca04c67951813be9d2a0082.jpg;77291ba01ca04c67951813be9d2a0082.jpg;3
data/images/00990a9676434e83800749dd727d14ef.jpg;00990a9676434e83800749dd727d14ef.jpg;3
data/images/c964691b17d14bf284ac295e77b2a8fd.jpg;c964691b17d14bf284ac295e77b2a8fd.jpg;3
data/images/a834a359d5184734aa762c3c41e40155.jpg;a834a359d5184734aa762c3c41e40155.jpg;3
data/images/f752dcd7f9634e65a0fc00c9fca45824.jpg;f752dcd7f9634e65a0fc00c9fca45824.jpg;3
data/images/76071c9010414f70aa1735479298e2de.jpg;76071c9010414f70aa1735479298e2de.jpg;3
data/images/0516838c873848bf8535d8008ac2f79a.jpg;0516838c873848bf8535d8008ac2f79a.jpg;3
data/images/1b3461ec31aa4bf3bf1f0134d02a9009.jpg;1b3461ec31aa4bf3bf1f0134d02a9009.jpg;3
data/images/80878b3cf3a44f2491b8ab2a6164bb7f.jpg;80878b3cf3a44f2491b8ab2a6164bb7f.jpg;3
data/images/4e33b58fdbe44b83824879a4f5ab4ecc.jpg;4e33b58fdbe44b83824879a4f5ab4ecc.jpg;3
data/images/3b9fc8287d5d419d9a178d1ef4a27ec5.jpg;3b9fc8287d5d419d9a178d1ef4a27ec5.jpg;3
data/images/34351d07fb7449be93d221ef2e03fdec.jpg;34351d07fb7449be93d221ef2e03fdec.jpg;3
data/images/b1efc666a1c74391b14ea5fb5b071622.jpg;b1efc666a1c74391b14ea5fb5b071622.jpg;3
data/images/cae6a44f339c4195859aa7cf7c323e92.jpg;cae6a44f339c4195859aa7cf7c323e92.jpg;3
data/images/c6cabaed4b6746acbfd70b4ddb2a432f.jpg;c6cabaed4b6746acbfd70b4ddb2a432f.jpg;3
data/images/e7310af02e974a03b5c207a3301f085a.jpg;e7310af02e974a03b5c207a3301f085a.jpg;3
data/images/14f6f1fa179d47f49dfde475ec72c317.jpg;14f6f1fa179d47f49dfde475ec72c317.jpg;3
data/images/ba832bdbf8d74436a0f34a4cc3e40ceb.jpg;ba832bdbf8d74436a0f34a4cc3e40ceb.jpg;3
data/images/3adab4cf3c2b4fd1bd315543620c134d.jpg;3adab4cf3c2b4fd1bd315543620c134d.jpg;3
data/images/2ff5bcc29c164181a1fd15d36cd4d809.jpg;2ff5bcc29c164181a1fd15d36cd4d809.jpg;3
data/images/a28a2112706a4c90a53cbd6b441a2ec3.jpg;a28a2112706a4c90a53cbd6b441a2ec3.jpg;3
data/images/19468d7142fe4ea496fb09cb065e8b0a.jpg;19468d7142fe4ea496fb09cb065e8b0a.jpg;3
data/images/111db89c7e9e457f8eb388697b329c72.jpg;111db89c7e9e457f8eb388697b329c72.jpg;3
data/images/cd6ee03a8744496e8f31e12b7ec99ce6.jpg;cd6ee03a8744496e8f31e12b7ec99ce6.jpg;3
data/images/5a80d8996c4f43169c53fbec6aae39f6.jpg;5a80d8996c4f43169c53fbec6aae39f6.jpg;3
data/images/0748306400b64488a3c33530e17c81dd.jpg;0748306400b64488a3c33530e17c81dd.jpg;3
data/images/dfeb17e5e6be45feac1572748e430ac9.jpg;dfeb17e5e6be45feac1572748e430ac9.jpg;3
data/images/180f81728c844902a6dd3897430ad85a.jpg;180f81728c844902a6dd3897430ad85a.jpg;3
data/images/1fe18df8f7ed4ac188fd19ed36b4443b.jpg;1fe18df8f7ed4ac188fd19ed36b4443b.jpg;3
data/images/a534a94f91f145eabae38a9b969e716c.jpg;a534a94f91f145eabae38a9b969e716c.jpg;3
data/images/b50e21e2790c4013a21fe06629433a01.jpg;b50e21e2790c4013a21fe06629433a01.jpg;3
data/images/b2dfe06216e741dda557e5c080fe2659.jpg;b2dfe06216e741dda557e5c080fe2659.jpg;3
data/images/2c0b2cc93eaf49cdbbe976ac369a7b4a.jpg;2c0b2cc93eaf49cdbbe976ac369a7b4a.jpg;3
data/images/024f3583ec7d4a9b8dd7dcc59fd04b41.jpg;024f3583ec7d4a9b8dd7dcc59fd04b41.jpg;3
data/images/3112c0c1dc8b4bdb8752c5b9f154f577.jpg;3112c0c1dc8b4bdb8752c5b9f154f577.jpg;3
data/images/452ef1e3b2794a918e25887f646e3298.jpg;452ef1e3b2794a918e25887f646e3298.jpg;3
data/images/067616dba473488c91e91aac4c33e7aa.jpg;067616dba473488c91e91aac4c33e7aa.jpg;3
data/images/c96b4933f8f34577b41477f335cee57f.jpg;c96b4933f8f34577b41477f335cee57f.jpg;3
data/images/e7feaa19b9f244a99d0156798fe66c36.jpg;e7feaa19b9f244a99d0156798fe66c36.jpg;3
data/images/bf0dc897340f4d34839ba9fa99d74a99.jpg;bf0dc897340f4d34839ba9fa99d74a99.jpg;3
data/images/a66f04c111a747f193b03a7c742562a2.jpg;a66f04c111a747f193b03a7c742562a2.jpg;3
data/images/420141a3cdde45f093dfa5a1d0d8a64b.jpg;420141a3cdde45f093dfa5a1d0d8a64b.jpg;3
data/images/6589976b74304606ae70e150b80742e4.jpg;6589976b74304606ae70e150b80742e4.jpg;3
data/images/adf80c12113542bcaa3bd5811969ea61.jpg;adf80c12113542bcaa3bd5811969ea61.jpg;3
data/images/3886b8db909c40b281bbb86ba5ac81cb.jpg;3886b8db909c40b281bbb86ba5ac81cb.jpg;3
data/images/137a3c0cc8ad4d69bbb17df603df9769.jpg;137a3c0cc8ad4d69bbb17df603df9769.jpg;3
data/images/2e4865741dff41ef9b41ff723d988a03.jpg;2e4865741dff41ef9b41ff723d988a03.jpg;3
data/images/bad08411ca4f4c4498544e7c061b2719.jpg;bad08411ca4f4c4498544e7c061b2719.jpg;3
data/images/ffbdc5e43c5948b7a57463ffd48b26a0.jpg;ffbdc5e43c5948b7a57463ffd48b26a0.jpg;3
data/images/03c6cc4001fe4d1e8e5cf08970a21e07.jpg;03c6cc4001fe4d1e8e5cf08970a21e07.jpg;3
data/images/1c11824c9cb446f8bb9d225a155fa29f.jpg;1c11824c9cb446f8bb9d225a155fa29f.jpg;3
data/images/274ecc4fd77f4ca7b0743a558118ae5c.jpg;274ecc4fd77f4ca7b0743a558118ae5c.jpg;3
data/images/9dc17c9dab4e4836855db309f1747434.jpg;9dc17c9dab4e4836855db309f1747434.jpg;3
data/images/ba86adbfc5874d08af6c1e997f8d0426.jpg;ba86adbfc5874d08af6c1e997f8d0426.jpg;3
data/images/ecb9b243a4444993b01a27b0a83d1154.jpg;ecb9b243a4444993b01a27b0a83d1154.jpg;3
data/images/bc836bea9dbb487e930cf4783c51f4d4.jpg;bc836bea9dbb487e930cf4783c51f4d4.jpg;3
data/images/4927904f913d41f69d7c646f99691a21.jpg;4927904f913d41f69d7c646f99691a21.jpg;3
data/images/da976195ead9405fab7b8bed25510a9d.jpg;da976195ead9405fab7b8bed25510a9d.jpg;3
data/images/870fafaed9cc4f558b96b3735e1062fb.jpg;870fafaed9cc4f558b96b3735e1062fb.jpg;3
data/images/82955235a45b4bbdac494f2185e4c385.jpg;82955235a45b4bbdac494f2185e4c385.jpg;3
data/images/036e2b0329c64350b9ddc6af5816ebb0.jpg;036e2b0329c64350b9ddc6af5816ebb0.jpg;3
data/images/8e6ac5837e0c4719ad5e255b853cfca0.jpg;8e6ac5837e0c4719ad5e255b853cfca0.jpg;3
data/images/26e7d0bed0e443f2b7ac5520a9968a24.jpg;26e7d0bed0e443f2b7ac5520a9968a24.jpg;3
data/images/05940865eda84a3f8d77a7b7780145ae.jpg;05940865eda84a3f8d77a7b7780145ae.jpg;3
data/images/c1f894d0f54247479992becd0aaf326d.jpg;c1f894d0f54247479992becd0aaf326d.jpg;3
data/images/7cd0ca30a2c842a5a01115de2de640d3.jpg;7cd0ca30a2c842a5a01115de2de640d3.jpg;3
data/images/c4d76ca3b8a54da482122c0046348687.jpg;c4d76ca3b8a54da482122c0046348687.jpg;3
data/images/6471638867ae445382e3ef3034abef6f.jpg;6471638867ae445382e3ef3034abef6f.jpg;3
data/images/89cfa7ef9200444a8a5ff373ffa8267e.jpg;89cfa7ef9200444a8a5ff373ffa8267e.jpg;3
data/images/18978986c3b04e7481008c80db8520bc.jpg;18978986c3b04e7481008c80db8520bc.jpg;3
data/images/ed853dd429414187bafdb7877b760ffe.jpg;ed853dd429414187bafdb7877b760ffe.jpg;3
data/images/d9f8e3239b7240068f76702083c9f1ac.jpg;d9f8e3239b7240068f76702083c9f1ac.jpg;3
data/images/247430ce587645728ca858e68549012b.jpg;247430ce587645728ca858e68549012b.jpg;3
data/images/2489f324aa4541cbbe6ebdfa91187b02.jpg;2489f324aa4541cbbe6ebdfa91187b02.jpg;3
data/images/91b7512f900f453782b77669a90b6a5b.jpg;91b7512f900f453782b77669a90b6a5b.jpg;3
data/images/cda79f4ba1304bc4aec293fad0937233.jpg;cda79f4ba1304bc4aec293fad0937233.jpg;3
data/images/5e85df6178014633ac9f4c4d4f4f1a1d.jpg;5e85df6178014633ac9f4c4d4f4f1a1d.jpg;3
data/images/0bc98c6563cd4b628c41cc60aefa3b8c.jpg;0bc98c6563cd4b628c41cc60aefa3b8c.jpg;3
data/images/d8dcb76a641646688058df334560ace6.jpg;d8dcb76a641646688058df334560ace6.jpg;3
data/images/0c71ae257cda44a69ba24f81e94b8274.jpg;0c71ae257cda44a69ba24f81e94b8274.jpg;3
data/images/ef585238883c495fac57f2e24cfacc0a.jpg;ef585238883c495fac57f2e24cfacc0a.jpg;3
data/images/9fae4f5232164537952d04064ce3341d.jpg;9fae4f5232164537952d04064ce3341d.jpg;3
data/images/bd5a8b0ff3ce484fa963fed9dc95e593.jpg;bd5a8b0ff3ce484fa963fed9dc95e593.jpg;3
data/images/43e9da374b3047ebb00a1ef1b9c4f891.jpg;43e9da374b3047ebb00a1ef1b9c4f891.jpg;3
data/images/d92c3a8ace464a9f92c65f5c5a5677f0.jpg;d92c3a8ace464a9f92c65f5c5a5677f0.jpg;3
data/images/f9e2c8ce29c04451a1f7602fac70e79a.jpg;f9e2c8ce29c04451a1f7602fac70e79a.jpg;3
data/images/70ec3327b8d648e682e2e9c027dc8764.jpg;70ec3327b8d648e682e2e9c027dc8764.jpg;3
data/images/cfff5a05a772459c879a5b2465dd4d4e.jpg;cfff5a05a772459c879a5b2465dd4d4e.jpg;3
data/images/055527320a094347b4cb2818b82c463b.jpg;055527320a094347b4cb2818b82c463b.jpg;3
data/images/4ebcdc4d6dcc461b980d38b8f668f1d2.jpg;4ebcdc4d6dcc461b980d38b8f668f1d2.jpg;3
data/images/1562a5e7562d43088bf2ead668120cfc.jpg;1562a5e7562d43088bf2ead668120cfc.jpg;3
data/images/cd0cc599c8d1427c916dca5f3b41ade1.jpg;cd0cc599c8d1427c916dca5f3b41ade1.jpg;3
data/images/1c5c439a1a80481f888b9c63d7f9ab6f.jpg;1c5c439a1a80481f888b9c63d7f9ab6f.jpg;3
data/images/c3f895c9e9094cf7bf4a8f828609e562.jpg;c3f895c9e9094cf7bf4a8f828609e562.jpg;3
data/images/4e0c40ae83b142f0acacdfb56b447ed8.jpg;4e0c40ae83b142f0acacdfb56b447ed8.jpg;3
data/images/60664c23097041b0ac37a0e1ca4ee9e6.jpg;60664c23097041b0ac37a0e1ca4ee9e6.jpg;3
data/images/aae9a7e0bee6415186bbb04a3e2f13b1.jpg;aae9a7e0bee6415186bbb04a3e2f13b1.jpg;3
data/images/5aeba6cfeab6461a8abd29a51398b251.jpg;5aeba6cfeab6461a8abd29a51398b251.jpg;3
data/images/86d482e97d5b44adbc3639ad34564c89.jpg;86d482e97d5b44adbc3639ad34564c89.jpg;3
data/images/6ed05113a1084c59855b187ebe621e1d.jpg;6ed05113a1084c59855b187ebe621e1d.jpg;3
data/images/509b8a0cff9f4eb3a978bdb65995086f.jpg;509b8a0cff9f4eb3a978bdb65995086f.jpg;3
data/images/bd26b20ef8674ce7b9ff72428aaf2f10.jpg;bd26b20ef8674ce7b9ff72428aaf2f10.jpg;3
data/images/0605e337b73846b29e06331619c84e64.jpg;0605e337b73846b29e06331619c84e64.jpg;3
data/images/dc4d60a7da8c42e2a43936bb2fc1d90b.jpg;dc4d60a7da8c42e2a43936bb2fc1d90b.jpg;3
data/images/ce33517b451341178a36a88f3b34da0d.jpg;ce33517b451341178a36a88f3b34da0d.jpg;3
data/images/6e164cb07ad34a3b87aa48366a6e04da.jpg;6e164cb07ad34a3b87aa48366a6e04da.jpg;3
data/images/b620c1a1a6894ad183d6ed62c18c9a56.jpg;b620c1a1a6894ad183d6ed62c18c9a56.jpg;3
data/images/364e3dcef6a94545a9264b23e333791f.jpg;364e3dcef6a94545a9264b23e333791f.jpg;3
data/images/31721502c5e5487fa141a9da48b457ec.jpg;31721502c5e5487fa141a9da48b457ec.jpg;3
data/images/d3418035f3da4ae2be271ee38e8a7592.jpg;d3418035f3da4ae2be271ee38e8a7592.jpg;3
data/images/547da44182664812a1b10431153bed27.jpg;547da44182664812a1b10431153bed27.jpg;3
data/images/ef64df8774524a88adcdf0337979045a.jpg;ef64df8774524a88adcdf0337979045a.jpg;3
data/images/fcb90e2c4b2c43f5a2ef453df5e31490.jpg;fcb90e2c4b2c43f5a2ef453df5e31490.jpg;3
data/images/19981db4439f47d7a5bb896fe1a3f1dd.jpg;19981db4439f47d7a5bb896fe1a3f1dd.jpg;3
data/images/57760758d3ea416b8f9d41da99bbaaa7.jpg;57760758d3ea416b8f9d41da99bbaaa7.jpg;3
data/images/9dc0b98dc678481fa44dbee292f7e4e5.jpg;9dc0b98dc678481fa44dbee292f7e4e5.jpg;3
data/images/0d5fd7236a9342a4b1fd303b17777469.jpg;0d5fd7236a9342a4b1fd303b17777469.jpg;3
data/images/3668c13a95b144d4b7bfa4304a251684.jpg;3668c13a95b144d4b7bfa4304a251684.jpg;3
data/images/fe48f88585e441d090a87a86a9799259.jpg;fe48f88585e441d090a87a86a9799259.jpg;3
data/images/6c065881c42c4c3ea0837346d186392e.jpg;6c065881c42c4c3ea0837346d186392e.jpg;3
data/images/4ac714960a3f4ee2922d26a0c812901b.jpg;4ac714960a3f4ee2922d26a0c812901b.jpg;3
data/images/4b34e067850d49efad3711b3acbada41.jpg;4b34e067850d49efad3711b3acbada41.jpg;3
data/images/da623f77fb614a429016204e23df6fb8.jpg;da623f77fb614a429016204e23df6fb8.jpg;3
data/images/152328dfaf9147d3abf138e18ff9d699.jpg;152328dfaf9147d3abf138e18ff9d699.jpg;3
data/images/2b019b01a7c04f049f1c1fdbc2be0586.jpg;2b019b01a7c04f049f1c1fdbc2be0586.jpg;3
data/images/8e9c68a750d743e784a06961986e6257.jpg;8e9c68a750d743e784a06961986e6257.jpg;3
data/images/cf7659009c354f6fbf201db6e81f247a.jpg;cf7659009c354f6fbf201db6e81f247a.jpg;3
data/images/6d24f2caecad4a9787743d871b17b0a9.jpg;6d24f2caecad4a9787743d871b17b0a9.jpg;3
data/images/5374dab5d51844d2bacb41b18337a70d.jpg;5374dab5d51844d2bacb41b18337a70d.jpg;3
data/images/2b4773bc93b04416905d44495167b0c2.jpg;2b4773bc93b04416905d44495167b0c2.jpg;3
data/images/853207f2a0014a9fb274609e7b3176fd.jpg;853207f2a0014a9fb274609e7b3176fd.jpg;3
data/images/31b828908f2d4a92bd2ade0b0d9edaa7.jpg;31b828908f2d4a92bd2ade0b0d9edaa7.jpg;3
data/images/c5977ba2aa8746eda9e9cbcb4a943143.jpg;c5977ba2aa8746eda9e9cbcb4a943143.jpg;3
data/images/7ed86c617e034c14b8cb854d2d7485a4.jpg;7ed86c617e034c14b8cb854d2d7485a4.jpg;3
data/images/d7648d41475e46768dd5174e3f7d0d67.jpg;d7648d41475e46768dd5174e3f7d0d67.jpg;3
data/images/5f8da9288a5f4e908806f0fe0c72875e.jpg;5f8da9288a5f4e908806f0fe0c72875e.jpg;3
data/images/99142685d60a46dab11a4aa6d3a4e3d0.jpg;99142685d60a46dab11a4aa6d3a4e3d0.jpg;3
data/images/161763d420af479c85c22174a985f272.jpg;161763d420af479c85c22174a985f272.jpg;3
data/images/81efb1570e3f4a319cc3c9da82671d9c.jpg;81efb1570e3f4a319cc3c9da82671d9c.jpg;3
data/images/04d6a4759e46422b94e59a42e7100be2.jpg;04d6a4759e46422b94e59a42e7100be2.jpg;3
data/images/360017094ac94377bc794526ea0a4ab4.jpg;360017094ac94377bc794526ea0a4ab4.jpg;3
data/images/6b4049a77cef491e8d770e3ccccfb746.jpg;6b4049a77cef491e8d770e3ccccfb746.jpg;3
data/images/c2394211a6334ab3bc387296adcb07fd.jpg;c2394211a6334ab3bc387296adcb07fd.jpg;3
data/images/bccdc5e317904250b9fae5a773aecee2.jpg;bccdc5e317904250b9fae5a773aecee2.jpg;3
data/images/729f00d5c178489fb3139182c1b990e4.jpg;729f00d5c178489fb3139182c1b990e4.jpg;3
data/images/1fb513ccc14745d885ac4f71844ba293.jpg;1fb513ccc14745d885ac4f71844ba293.jpg;3
data/images/efaf82ae0fe541418062d35d78902786.jpg;efaf82ae0fe541418062d35d78902786.jpg;3
data/images/518ae8c15f1b48598d4115dd2c2a253f.jpg;518ae8c15f1b48598d4115dd2c2a253f.jpg;3
data/images/c33864c5b39e48ebbc9d961685e5b58d.jpg;c33864c5b39e48ebbc9d961685e5b58d.jpg;3
data/images/5a680dd0087c4c78a7a9dd67878921e4.jpg;5a680dd0087c4c78a7a9dd67878921e4.jpg;3
data/images/167b0eaa061e4309a3926aca1a4c463f.jpg;167b0eaa061e4309a3926aca1a4c463f.jpg;3
data/images/35baf35ee18848178d2054c7954f44af.jpg;35baf35ee18848178d2054c7954f44af.jpg;3
data/images/7a335e7eb7074151947f477184ed3504.jpg;7a335e7eb7074151947f477184ed3504.jpg;3
data/images/a50b41464e0c41ccb2a270c1f7218e55.jpg;a50b41464e0c41ccb2a270c1f7218e55.jpg;3
data/images/4e336e23d47246ab894bdf66f17d65ea.jpg;4e336e23d47246ab894bdf66f17d65ea.jpg;3
data/images/03de663cecd442b5b5cc9e29c386622c.jpg;03de663cecd442b5b5cc9e29c386622c.jpg;3
data/images/2ad80cc427164612bf48236f6aa1a089.jpg;2ad80cc427164612bf48236f6aa1a089.jpg;3
data/images/08641450315a43b996ea3e8d02f4b8f5.jpg;08641450315a43b996ea3e8d02f4b8f5.jpg;3
data/images/ade8a886b9fd433698c6508226320446.jpg;ade8a886b9fd433698c6508226320446.jpg;3
data/images/ad79acd3f17742a28e57b4fc1677fd14.jpg;ad79acd3f17742a28e57b4fc1677fd14.jpg;3
data/images/bab0703dbd2c4997bd0e8b69a1450d3b.jpg;bab0703dbd2c4997bd0e8b69a1450d3b.jpg;3
data/images/17beb777897b4d318c69d32fa44b457f.jpg;17beb777897b4d318c69d32fa44b457f.jpg;3
data/images/f6c82427085f4c3d822e2170fd43d409.jpg;f6c82427085f4c3d822e2170fd43d409.jpg;3
data/images/dd528e1e418b43cda3583b7fb422414a.jpg;dd528e1e418b43cda3583b7fb422414a.jpg;3
data/images/290d1ce0adf24b1db8e1f3697783de3d.jpg;290d1ce0adf24b1db8e1f3697783de3d.jpg;3
data/images/ef94cd5f928148ca81cfd2b6b09cfa5d.jpg;ef94cd5f928148ca81cfd2b6b09cfa5d.jpg;3
data/images/d1ee580705824a9d9f6c966108e62fda.jpg;d1ee580705824a9d9f6c966108e62fda.jpg;3
data/images/0966b9b7ecb64e7da7d2ca6d5d804be6.jpg;0966b9b7ecb64e7da7d2ca6d5d804be6.jpg;3
data/images/a35cc56fb2314ab78618cee76ddd0cf0.jpg;a35cc56fb2314ab78618cee76ddd0cf0.jpg;3
data/images/180fdec9d20240d48061a8ec9e545fa7.jpg;180fdec9d20240d48061a8ec9e545fa7.jpg;3
data/images/19172bed28f54e79a83f3a8b7f703b03.jpg;19172bed28f54e79a83f3a8b7f703b03.jpg;3
data/images/89b45f9220914d889b4befeb9ab454c1.jpg;89b45f9220914d889b4befeb9ab454c1.jpg;3
data/images/cce493233ec54d959baa05a1358a12a8.jpg;cce493233ec54d959baa05a1358a12a8.jpg;3
data/images/9b6ed332888f4eabb042b5955c78ac91.jpg;9b6ed332888f4eabb042b5955c78ac91.jpg;3
data/images/eae0c5f9d941436db1d399e3a9a4dced.jpg;eae0c5f9d941436db1d399e3a9a4dced.jpg;3
data/images/959ff1bfe9374272ba3f0f1835cdc596.jpg;959ff1bfe9374272ba3f0f1835cdc596.jpg;3
data/images/e4640af3324244389829e6b16e673fcc.jpg;e4640af3324244389829e6b16e673fcc.jpg;3
data/images/8170549a92234376aae632485cd7115d.jpg;8170549a92234376aae632485cd7115d.jpg;3
data/images/463785aca0fd4c07ac2dbf2cb35714f3.jpg;463785aca0fd4c07ac2dbf2cb35714f3.jpg;3
data/images/90f7c92b15634fff81e037ff95abd8db.jpg;90f7c92b15634fff81e037ff95abd8db.jpg;3
data/images/f5d247e0302c40be91149138359815db.jpg;f5d247e0302c40be91149138359815db.jpg;3
data/images/f1497b2e6e744a6eb2347a3bfedbb7d6.jpg;f1497b2e6e744a6eb2347a3bfedbb7d6.jpg;3
data/images/7e92fbf871fb470fa4a957f9eefdcc68.jpg;7e92fbf871fb470fa4a957f9eefdcc68.jpg;3
data/images/c44609cea7974ed3ad39a72b1eaeca9c.jpg;c44609cea7974ed3ad39a72b1eaeca9c.jpg;3
data/images/7e614e0dbd974077af170bde147de9e7.jpg;7e614e0dbd974077af170bde147de9e7.jpg;3
data/images/3d4058a869d64f3db20396158a0cdf79.jpg;3d4058a869d64f3db20396158a0cdf79.jpg;3
data/images/080eaba52821409c85e5ff0c0204ceb9.jpg;080eaba52821409c85e5ff0c0204ceb9.jpg;3
data/images/399e82bc6bfb4d78a2277413be68245b.jpg;399e82bc6bfb4d78a2277413be68245b.jpg;3
data/images/d4f6525711fe4febbc67f78716746075.jpg;d4f6525711fe4febbc67f78716746075.jpg;3
data/images/c93e7b7841bd4acdbe7b488e99a2f299.jpg;c93e7b7841bd4acdbe7b488e99a2f299.jpg;3
data/images/fb7549d237fe49b393d69116c9f88f6f.jpg;fb7549d237fe49b393d69116c9f88f6f.jpg;3
data/images/2c78976971304ac69f1cf19d836220ad.jpg;2c78976971304ac69f1cf19d836220ad.jpg;3
data/images/9743a31d0b5e4acfbc3b5e68368f59ed.jpg;9743a31d0b5e4acfbc3b5e68368f59ed.jpg;3
data/images/2659ace1d00d43c78d33b85f346fb366.jpg;2659ace1d00d43c78d33b85f346fb366.jpg;3
data/images/67b75045c63643d5a2771919e9e25593.jpg;67b75045c63643d5a2771919e9e25593.jpg;3
data/images/fc81143e92ce46aaab8663ae72896f0d.jpg;fc81143e92ce46aaab8663ae72896f0d.jpg;3
data/images/17906c8e56cb44a28301d8246a0dc849.jpg;17906c8e56cb44a28301d8246a0dc849.jpg;3
data/images/2c960fa013cd4c14a78ba13d7d67d37b.jpg;2c960fa013cd4c14a78ba13d7d67d37b.jpg;3
data/images/4e1d940ad6204cf799cdc5651c3dd1c5.jpg;4e1d940ad6204cf799cdc5651c3dd1c5.jpg;3
data/images/da77f45e161d42ff9ff4c262b1b791b4.jpg;da77f45e161d42ff9ff4c262b1b791b4.jpg;3
data/images/11da55705d7b46758bebd91492ce1272.jpg;11da55705d7b46758bebd91492ce1272.jpg;3
data/images/58e33bccd20e4ba99d51b70440457213.jpg;58e33bccd20e4ba99d51b70440457213.jpg;3
data/images/6c9e5ef595264192978dd78bf117e945.jpg;6c9e5ef595264192978dd78bf117e945.jpg;3
data/images/8e537dd758dc49ddb7ab254ef90cc773.jpg;8e537dd758dc49ddb7ab254ef90cc773.jpg;3
data/images/2723a57717c349fb8e3c39b02866e41e.jpg;2723a57717c349fb8e3c39b02866e41e.jpg;3
data/images/36097d8dc5d4443da8330fee51bb2bcc.jpg;36097d8dc5d4443da8330fee51bb2bcc.jpg;3
data/images/2f4de4474ca940719b2e3ca183822da3.jpg;2f4de4474ca940719b2e3ca183822da3.jpg;3
data/images/1d82cb45dc79422fb3f0bc446f0426d7.jpg;1d82cb45dc79422fb3f0bc446f0426d7.jpg;3
data/images/7ed4d85674524e4c9a89708b61360bf2.jpg;7ed4d85674524e4c9a89708b61360bf2.jpg;3
data/images/ad488853207c479381abad5f1732efc1.jpg;ad488853207c479381abad5f1732efc1.jpg;3
data/images/dc13990695cc4ba983927ae576246bef.jpg;dc13990695cc4ba983927ae576246bef.jpg;3
data/images/bd1f0275489049579d108271fd944156.jpg;bd1f0275489049579d108271fd944156.jpg;3
data/images/90b48d34e4234b00a821721a1311480a.jpg;90b48d34e4234b00a821721a1311480a.jpg;3
data/images/d4871c6d43e24a7390dc71d4abdee3d2.jpg;d4871c6d43e24a7390dc71d4abdee3d2.jpg;3
data/images/a9524cb29774446fb2fb9d2bb20ea0db.jpg;a9524cb29774446fb2fb9d2bb20ea0db.jpg;3
data/images/9233eabd4c9b4f0b81fd4a208fefbb6f.jpg;9233eabd4c9b4f0b81fd4a208fefbb6f.jpg;3
data/images/12e97106a8614823a5ef5e5a23df266c.jpg;12e97106a8614823a5ef5e5a23df266c.jpg;3
data/images/3618f04983c4450cbdc89a565333b079.jpg;3618f04983c4450cbdc89a565333b079.jpg;3
data/images/f84598b3c2a34fe2a3f7bba34d01d1d2.jpg;f84598b3c2a34fe2a3f7bba34d01d1d2.jpg;3
data/images/18008d38529549748f0a5ac5587327e2.jpg;18008d38529549748f0a5ac5587327e2.jpg;3
data/images/9c17b9baec3948f9a6aac6e0647813d3.jpg;9c17b9baec3948f9a6aac6e0647813d3.jpg;3
data/images/84e4ab4766ab4a3495d2250abd01b49f.jpg;84e4ab4766ab4a3495d2250abd01b49f.jpg;3
data/images/b90b0e8f353948ab84490b3953e0832d.jpg;b90b0e8f353948ab84490b3953e0832d.jpg;3
data/images/8820e607cd34419798c27dd9b834b4ea.jpg;8820e607cd34419798c27dd9b834b4ea.jpg;3
data/images/fbab4356c4b14614956f71ac187ed36a.jpg;fbab4356c4b14614956f71ac187ed36a.jpg;3
data/images/b3f8d816850544e0842fc58c06ff5b58.jpg;b3f8d816850544e0842fc58c06ff5b58.jpg;3
data/images/2f397f3e28204dafbe188aa6a19260b7.jpg;2f397f3e28204dafbe188aa6a19260b7.jpg;3
data/images/5e1114e57e2b4485b205eeffcf8ff89f.jpg;5e1114e57e2b4485b205eeffcf8ff89f.jpg;3
data/images/c7e7feca1f4948a486930459ecd99155.jpg;c7e7feca1f4948a486930459ecd99155.jpg;3
data/images/a50d3648eb3741a99daa6c17561e192c.jpg;a50d3648eb3741a99daa6c17561e192c.jpg;3
data/images/b30dcdf71cc94220a9486528a311d6a4.jpg;b30dcdf71cc94220a9486528a311d6a4.jpg;3
data/images/49d886f54c334192a3c651a828ae6719.jpg;49d886f54c334192a3c651a828ae6719.jpg;3
data/images/610a82d0498b4f6f829f83f264c377bf.jpg;610a82d0498b4f6f829f83f264c377bf.jpg;3
data/images/b4d9761fb96c4cb2b2ecf79d01220e36.jpg;b4d9761fb96c4cb2b2ecf79d01220e36.jpg;3
data/images/7a61aefab2b14f85a5c47cc7f29ad93f.jpg;7a61aefab2b14f85a5c47cc7f29ad93f.jpg;3
data/images/a78ed86341e446cf91cb65201ecfea07.jpg;a78ed86341e446cf91cb65201ecfea07.jpg;3
data/images/4733f7cfe30d4fb2a808d130a7bf3555.jpg;4733f7cfe30d4fb2a808d130a7bf3555.jpg;3
data/images/152166bb68e2404fb2d9f6af725b9db5.jpg;152166bb68e2404fb2d9f6af725b9db5.jpg;3
data/images/57fea4d9cb9946c1820e36a0065da2d2.jpg;57fea4d9cb9946c1820e36a0065da2d2.jpg;3
data/images/eac79e9a72414022a2953591ec756610.jpg;eac79e9a72414022a2953591ec756610.jpg;3
data/images/4e27428d290e4c7ebbccae1c93920343.jpg;4e27428d290e4c7ebbccae1c93920343.jpg;3
data/images/e44d4a660db843fdbafcd54618db9a59.jpg;e44d4a660db843fdbafcd54618db9a59.jpg;3
data/images/ce466fdc2081464998f6e8e8c60cdbef.jpg;ce466fdc2081464998f6e8e8c60cdbef.jpg;3
data/images/fdd8c2c78bf641fd94dba350318ab457.jpg;fdd8c2c78bf641fd94dba350318ab457.jpg;3
data/images/359718f7a2a44b7e8bba854000385d13.jpg;359718f7a2a44b7e8bba854000385d13.jpg;3
data/images/9f5de1c5f41d46a9bc94b0cc568000e0.jpg;9f5de1c5f41d46a9bc94b0cc568000e0.jpg;3
data/images/6b323a8b119340f3a504a808d14b080e.jpg;6b323a8b119340f3a504a808d14b080e.jpg;3
data/images/c4082af0a9e444c482115202e496cc9e.jpg;c4082af0a9e444c482115202e496cc9e.jpg;3
data/images/3031231e9a82430394f3090fb135c72e.jpg;3031231e9a82430394f3090fb135c72e.jpg;3
data/images/a8278438f39c41079991ab185238265f.jpg;a8278438f39c41079991ab185238265f.jpg;3
data/images/794459ca42964e48a9985b0b6745c3eb.jpg;794459ca42964e48a9985b0b6745c3eb.jpg;3
data/images/44c37c8a18fa4f7ca5ccff9b58ea2147.jpg;44c37c8a18fa4f7ca5ccff9b58ea2147.jpg;3
data/images/bd8fbccd7ba84daebbb9ad737d6532ac.jpg;bd8fbccd7ba84daebbb9ad737d6532ac.jpg;3
data/images/85bec20416ee4570b26f79a349e98153.jpg;85bec20416ee4570b26f79a349e98153.jpg;3
data/images/87814d1c2ffe434bab5de4273f37ab10.jpg;87814d1c2ffe434bab5de4273f37ab10.jpg;3
data/images/b6f963a304034f7aabfdfaffcae0ff87.jpg;b6f963a304034f7aabfdfaffcae0ff87.jpg;3
data/images/a3d605d572ea406f8f49bf5241617282.jpg;a3d605d572ea406f8f49bf5241617282.jpg;3
data/images/08afd2766abb4bdabc7ccc82ee87bfe5.jpg;08afd2766abb4bdabc7ccc82ee87bfe5.jpg;3
data/images/0d9579315d1647f6b907bf165d0e90f4.jpg;0d9579315d1647f6b907bf165d0e90f4.jpg;3
data/images/33b724ce33e44f8e9ab98eb7bdc6e111.jpg;33b724ce33e44f8e9ab98eb7bdc6e111.jpg;3
data/images/f94e813816414ce8b53d189da25253db.jpg;f94e813816414ce8b53d189da25253db.jpg;3
data/images/b8921d68796740eea6dcd1dfd8220c67.jpg;b8921d68796740eea6dcd1dfd8220c67.jpg;3
data/images/b2a2e9a3b8fd4ff18da29fba2f0d68b3.jpg;b2a2e9a3b8fd4ff18da29fba2f0d68b3.jpg;3
data/images/7a541917177e49bc8a44fdac39119957.jpg;7a541917177e49bc8a44fdac39119957.jpg;3
data/images/9db725c672cd4419a208c8eaa89065a5.jpg;9db725c672cd4419a208c8eaa89065a5.jpg;3
data/images/a186bbd0c90545aca5a064af6db086d0.jpg;a186bbd0c90545aca5a064af6db086d0.jpg;3
data/images/c1b984795bef45f8a3619e68a338fec1.jpg;c1b984795bef45f8a3619e68a338fec1.jpg;3
data/images/e0f1765685bc4bbeb9fbddedba34cdad.jpg;e0f1765685bc4bbeb9fbddedba34cdad.jpg;3
data/images/26f80afd5a6d49da9ec9f68e8953cc13.jpg;26f80afd5a6d49da9ec9f68e8953cc13.jpg;3
data/images/ed4bfe8fcdca4c3591e427a655a040e7.jpg;ed4bfe8fcdca4c3591e427a655a040e7.jpg;3
data/images/879027622f8a44058027090448ab8537.jpg;879027622f8a44058027090448ab8537.jpg;3
data/images/c65efcf1a92041b7a56bdd95d9a1e01e.jpg;c65efcf1a92041b7a56bdd95d9a1e01e.jpg;3
data/images/0eead3cd0a33463598fbedcee1a1f860.jpg;0eead3cd0a33463598fbedcee1a1f860.jpg;3
data/images/ec02b94a3a7e45398cbdfe2972456ffe.jpg;ec02b94a3a7e45398cbdfe2972456ffe.jpg;3
data/images/1d3b02244f5f421692cff2a4ae51261d.jpg;1d3b02244f5f421692cff2a4ae51261d.jpg;3
data/images/e580e90ba2ff4d0e89d36c40f32d2372.jpg;e580e90ba2ff4d0e89d36c40f32d2372.jpg;3
data/images/00334015d6c44dfd99410c2de4983cec.jpg;00334015d6c44dfd99410c2de4983cec.jpg;3
data/images/7077de7eaa8446deb8572fd147b237e8.jpg;7077de7eaa8446deb8572fd147b237e8.jpg;3
data/images/da56d2b1122d4150ba0545f29ed422d5.jpg;da56d2b1122d4150ba0545f29ed422d5.jpg;3
data/images/361e44acb1aa4319a3400c01a506a03e.jpg;361e44acb1aa4319a3400c01a506a03e.jpg;3
data/images/dce9e0917d054a2d8c1125e130283469.jpg;dce9e0917d054a2d8c1125e130283469.jpg;3
data/images/93bcc86bd17147abaa894187b3fd0f7d.jpg;93bcc86bd17147abaa894187b3fd0f7d.jpg;3
data/images/e8493b5904db41d6aae6777cda94fe54.jpg;e8493b5904db41d6aae6777cda94fe54.jpg;3
data/images/20ca551d2adc4069b76795d7eaeae29a.jpg;20ca551d2adc4069b76795d7eaeae29a.jpg;3
data/images/00c7cc3a99af4416a638405f39026262.jpg;00c7cc3a99af4416a638405f39026262.jpg;3
data/images/11507ad17dfa4859b52191a725914e3c.jpg;11507ad17dfa4859b52191a725914e3c.jpg;3
data/images/557faeaf57684fa5ad053b66ac260691.jpg;557faeaf57684fa5ad053b66ac260691.jpg;3
data/images/77605053a11946d196279c535abf81d4.jpg;77605053a11946d196279c535abf81d4.jpg;3
data/images/b33d6c00177340c4bb27c1046c07c961.jpg;b33d6c00177340c4bb27c1046c07c961.jpg;3
data/images/c198a58f77bc48a597132dc772c9d371.jpg;c198a58f77bc48a597132dc772c9d371.jpg;3
data/images/111e31310cba45adbdb10232aab93b8f.jpg;111e31310cba45adbdb10232aab93b8f.jpg;3
data/images/5150ceaabcc3494da48776aa32a9709f.jpg;5150ceaabcc3494da48776aa32a9709f.jpg;3
data/images/a895a6bc8ace4e1db13a4bbaebe99397.jpg;a895a6bc8ace4e1db13a4bbaebe99397.jpg;3
data/images/9439a2bf3f9f4e9783b190a08a7aa1cd.jpg;9439a2bf3f9f4e9783b190a08a7aa1cd.jpg;3
data/images/cba708e6b201403a9f4c16460282d9f7.jpg;cba708e6b201403a9f4c16460282d9f7.jpg;3
data/images/cc3b38cd63814b8f8f99061af6c0a210.jpg;cc3b38cd63814b8f8f99061af6c0a210.jpg;3
data/images/2961d71173c7423786474f5c40b51534.jpg;2961d71173c7423786474f5c40b51534.jpg;3
data/images/0a66ec7f228d4b17977b8a9e0e921a38.jpg;0a66ec7f228d4b17977b8a9e0e921a38.jpg;3
data/images/7249c1a38305467aa7b6855a61db1886.jpg;7249c1a38305467aa7b6855a61db1886.jpg;3
data/images/cc6bee8c235c40d7ad7028759d913bef.jpg;cc6bee8c235c40d7ad7028759d913bef.jpg;3
data/images/215ccf3b252042b3ac4114a089fdb46c.jpg;215ccf3b252042b3ac4114a089fdb46c.jpg;3
data/images/beda528c07d44c98be1ab356501a9e11.jpg;beda528c07d44c98be1ab356501a9e11.jpg;3
data/images/89acedb06ac24320aea33cbe3797a0dd.jpg;89acedb06ac24320aea33cbe3797a0dd.jpg;3
data/images/76d5fcf647da4fd8bfcb2e90e52f0680.jpg;76d5fcf647da4fd8bfcb2e90e52f0680.jpg;3
data/images/1bf96cd4aab74dac9911bcf84fb5e958.jpg;1bf96cd4aab74dac9911bcf84fb5e958.jpg;3
data/images/1bd6fa24aa8e483caf60bbfd266695f8.jpg;1bd6fa24aa8e483caf60bbfd266695f8.jpg;3
data/images/70236359152f43929db096ea609215e3.jpg;70236359152f43929db096ea609215e3.jpg;3
data/images/22479a9c4f2342379af3643699644122.jpg;22479a9c4f2342379af3643699644122.jpg;3
data/images/80af6810db5646dc93b3a3ca810e2bbe.jpg;80af6810db5646dc93b3a3ca810e2bbe.jpg;3
data/images/d648531b26b14b698f981eba434e2275.jpg;d648531b26b14b698f981eba434e2275.jpg;3
data/images/f7f8cf5c3a814c43814062b92698f029.jpg;f7f8cf5c3a814c43814062b92698f029.jpg;3
data/images/f030576562644733b515a3261d540f25.jpg;f030576562644733b515a3261d540f25.jpg;3
data/images/fa47647d70414bedbf5ba3cfba39f8db.jpg;fa47647d70414bedbf5ba3cfba39f8db.jpg;3
data/images/7c89af44f33b4b2481fa13747616e611.jpg;7c89af44f33b4b2481fa13747616e611.jpg;3
data/images/bb0b5a77d49c4f51b7a4a62e6e84b305.jpg;bb0b5a77d49c4f51b7a4a62e6e84b305.jpg;3
data/images/ebe4602597134368815053ddd61eabc7.jpg;ebe4602597134368815053ddd61eabc7.jpg;3
data/images/d2de07f50cf8475d8f4e7553eae1d402.jpg;d2de07f50cf8475d8f4e7553eae1d402.jpg;3
data/images/9d5a5a937dc840f1b425099d6baa4ae8.jpg;9d5a5a937dc840f1b425099d6baa4ae8.jpg;3
data/images/912b280b58a04b0b851a96ad2a5f2e4d.jpg;912b280b58a04b0b851a96ad2a5f2e4d.jpg;3
data/images/e15a7d85191342c590d3d04a320f6c51.jpg;e15a7d85191342c590d3d04a320f6c51.jpg;3
data/images/cee8f39e36af40138893a41bc53b45a3.jpg;cee8f39e36af40138893a41bc53b45a3.jpg;3
data/images/957a8c72740e4856b61d38a16114dcfb.jpg;957a8c72740e4856b61d38a16114dcfb.jpg;3
data/images/ec96dde237b64acdaca69b90ef4c6753.jpg;ec96dde237b64acdaca69b90ef4c6753.jpg;3
data/images/202845068e8545fbac1dfa0bbfaf6241.jpg;202845068e8545fbac1dfa0bbfaf6241.jpg;3
data/images/cd7942030070447ab5be9884741b3b24.jpg;cd7942030070447ab5be9884741b3b24.jpg;3
data/images/9993d4bd26904b48a57079ac912f9c60.jpg;9993d4bd26904b48a57079ac912f9c60.jpg;3
data/images/9fa47868f4d04db48da246fb4780c450.jpg;9fa47868f4d04db48da246fb4780c450.jpg;3
data/images/5441f83e865e4c5eb195bd957c17700d.jpg;5441f83e865e4c5eb195bd957c17700d.jpg;3
data/images/69ec8d9d5d24499e8be5aa1a5e7a6d44.jpg;69ec8d9d5d24499e8be5aa1a5e7a6d44.jpg;3
data/images/f5885b62a38245d2b7f5edf4f0071f2d.jpg;f5885b62a38245d2b7f5edf4f0071f2d.jpg;3
data/images/dfcbebe2c8824e0a8cbae185ab4aa98f.jpg;dfcbebe2c8824e0a8cbae185ab4aa98f.jpg;3
data/images/0402ae265f994265b80badd27f634e36.jpg;0402ae265f994265b80badd27f634e36.jpg;3
data/images/635c68a84bb64d2d94dbf8455a0fea60.jpg;635c68a84bb64d2d94dbf8455a0fea60.jpg;3
data/images/4ea9640f9c0f47ed9d1407efc4c25cc2.jpg;4ea9640f9c0f47ed9d1407efc4c25cc2.jpg;3
data/images/807ebe2fa60c4872bf5aaedecb69a547.jpg;807ebe2fa60c4872bf5aaedecb69a547.jpg;3
data/images/d3d9c425c80d4b5f9f642d72f8e9cda4.jpg;d3d9c425c80d4b5f9f642d72f8e9cda4.jpg;3
data/images/172083bb6e4f404c9cab86fdeefbd1d6.jpg;172083bb6e4f404c9cab86fdeefbd1d6.jpg;3
data/images/cc819366743a4f23a1b87c3af2267168.jpg;cc819366743a4f23a1b87c3af2267168.jpg;3
data/images/8a621c01629a4ae19235d3e14890ab6b.jpg;8a621c01629a4ae19235d3e14890ab6b.jpg;3
data/images/bf1ddb42eb1a4144b352bec66e549d90.jpg;bf1ddb42eb1a4144b352bec66e549d90.jpg;3
data/images/b091b497541641eca78ef5d8378c158a.jpg;b091b497541641eca78ef5d8378c158a.jpg;3
data/images/d2366a33b0404a3b93f7f05cd7934c04.jpg;d2366a33b0404a3b93f7f05cd7934c04.jpg;3
data/images/c8e86ed1dba1485b8381306dcb2e71a7.jpg;c8e86ed1dba1485b8381306dcb2e71a7.jpg;3
data/images/5be8ccd576c24e6da4760260b2c89368.jpg;5be8ccd576c24e6da4760260b2c89368.jpg;3
data/images/cd2d8f85f4f34437a86270b7ad554a9d.jpg;cd2d8f85f4f34437a86270b7ad554a9d.jpg;3
data/images/8b19d8c38f964b2bac451163b82c3360.jpg;8b19d8c38f964b2bac451163b82c3360.jpg;3
data/images/ee1ab3bed90f4abbb8cdd55bd9cf4669.jpg;ee1ab3bed90f4abbb8cdd55bd9cf4669.jpg;3
data/images/552ad5fdae9b4a649a8395f93a717cc6.jpg;552ad5fdae9b4a649a8395f93a717cc6.jpg;3
data/images/1ad919dd786840a09c406de2d2d23fce.jpg;1ad919dd786840a09c406de2d2d23fce.jpg;3
data/images/da31cce917c54fdc9fd58aa3317a32a5.jpg;da31cce917c54fdc9fd58aa3317a32a5.jpg;3
data/images/22a8936a74d442d0bebf44ddf946cf31.jpg;22a8936a74d442d0bebf44ddf946cf31.jpg;3
data/images/b08fa303eee340fda2af6441845fcf8b.jpg;b08fa303eee340fda2af6441845fcf8b.jpg;3
data/images/d485205c7b3d4b6988872c598c0ed361.jpg;d485205c7b3d4b6988872c598c0ed361.jpg;3
data/images/06f097ea68dc4a7cb20f5dab49e98cc3.jpg;06f097ea68dc4a7cb20f5dab49e98cc3.jpg;3
data/images/acd0ebd276244cd998551b22bfdcbb21.jpg;acd0ebd276244cd998551b22bfdcbb21.jpg;3
data/images/ff278b646dc9409c9b00f77e24dc2c96.jpg;ff278b646dc9409c9b00f77e24dc2c96.jpg;3
data/images/b557715462e941d59563d4f01f965aac.jpg;b557715462e941d59563d4f01f965aac.jpg;3
data/images/136ec727fdaa47dab695874daa6d5081.jpg;136ec727fdaa47dab695874daa6d5081.jpg;3
data/images/1eaaa785a3924296877a7e379ab2bc37.jpg;1eaaa785a3924296877a7e379ab2bc37.jpg;3
data/images/e165bcded1b64857aec146b3701da9fd.jpg;e165bcded1b64857aec146b3701da9fd.jpg;3
data/images/9dc99e22fa9143d08fa1d927e71e17fd.jpg;9dc99e22fa9143d08fa1d927e71e17fd.jpg;3
data/images/7a51340b02c343ab83416a15b05c4d9d.jpg;7a51340b02c343ab83416a15b05c4d9d.jpg;3
data/images/dd0e380cd59e420a955f8163da3bb22e.jpg;dd0e380cd59e420a955f8163da3bb22e.jpg;3
data/images/118c4716d6504580a8b3df56b9c38e43.jpg;118c4716d6504580a8b3df56b9c38e43.jpg;3
data/images/ef8e4faf45a54fcbb88e16be4569c680.jpg;ef8e4faf45a54fcbb88e16be4569c680.jpg;3
data/images/69096347174f4a51af35b6cb22c1007c.jpg;69096347174f4a51af35b6cb22c1007c.jpg;3
data/images/96c89e24c1074d578d70b3eba6377a77.jpg;96c89e24c1074d578d70b3eba6377a77.jpg;3
data/images/960fb30d125442dc93a168e4bce0763a.jpg;960fb30d125442dc93a168e4bce0763a.jpg;3
data/images/2c95fc7cbbe44873a45fd7e5715a9d64.jpg;2c95fc7cbbe44873a45fd7e5715a9d64.jpg;3
data/images/fd1ee23e3dbf4d82aa9fe4d6807b89e5.jpg;fd1ee23e3dbf4d82aa9fe4d6807b89e5.jpg;3
data/images/e881ef84b5f8405b99c1ee78a987369c.jpg;e881ef84b5f8405b99c1ee78a987369c.jpg;3
data/images/8e53b4bd51cc4aa88429afef8570036a.jpg;8e53b4bd51cc4aa88429afef8570036a.jpg;3
data/images/c2207c4db3d3473dabf0936cfd85bbaa.jpg;c2207c4db3d3473dabf0936cfd85bbaa.jpg;3
data/images/c86b58afb3de47d9a543369e5cc0fa34.jpg;c86b58afb3de47d9a543369e5cc0fa34.jpg;3
data/images/ee8f21a83bd148efbe67e37ca3c380c9.jpg;ee8f21a83bd148efbe67e37ca3c380c9.jpg;3
data/images/02eb67b876de41e8889f5f6282590e8a.jpg;02eb67b876de41e8889f5f6282590e8a.jpg;3
data/images/cc5b8e4a05a34e3b9b706a93b2e662fa.jpg;cc5b8e4a05a34e3b9b706a93b2e662fa.jpg;3
data/images/674f91806f8d496b82d3d29f1c90e422.jpg;674f91806f8d496b82d3d29f1c90e422.jpg;3
data/images/f8e96d0d096549408338dfc71a8be89f.jpg;f8e96d0d096549408338dfc71a8be89f.jpg;3
data/images/ad1fffc27dfb45bcb686686c8a0aac31.jpg;ad1fffc27dfb45bcb686686c8a0aac31.jpg;3
data/images/a305884054cd4971ac6fecec625e282e.jpg;a305884054cd4971ac6fecec625e282e.jpg;3
data/images/8b10f705ff554d4e9b49e6c2557ffc76.jpg;8b10f705ff554d4e9b49e6c2557ffc76.jpg;3
data/images/badc40e7090147fea2401e1f55fd65ff.jpg;badc40e7090147fea2401e1f55fd65ff.jpg;3
data/images/ea6e6b76123b4ca9a9ef3a8bc47289f5.jpg;ea6e6b76123b4ca9a9ef3a8bc47289f5.jpg;3
data/images/fd93c29ef8e14f44a85bddbb7d52a386.jpg;fd93c29ef8e14f44a85bddbb7d52a386.jpg;3
data/images/0937b40ec3154e57960edb8a0ee69593.jpg;0937b40ec3154e57960edb8a0ee69593.jpg;3
data/images/ca44eb4659ab41d6abb05535ade7a74d.jpg;ca44eb4659ab41d6abb05535ade7a74d.jpg;3
data/images/3f840f6799bd4e31abfa6b09cf90f066.jpg;3f840f6799bd4e31abfa6b09cf90f066.jpg;3
data/images/22436eea26f94f7aae15bbcc2ab7a66c.jpg;22436eea26f94f7aae15bbcc2ab7a66c.jpg;3
data/images/bbdf959dfc7a4c46baa68d73d2a27b6e.jpg;bbdf959dfc7a4c46baa68d73d2a27b6e.jpg;3
data/images/77a656f2c5b04616bf99100de5f3a795.jpg;77a656f2c5b04616bf99100de5f3a795.jpg;3
data/images/85093925545147a3a3f91c254e135c1f.jpg;85093925545147a3a3f91c254e135c1f.jpg;3
data/images/cf75b2be75394568bb67cec0118fc04a.jpg;cf75b2be75394568bb67cec0118fc04a.jpg;3
data/images/a7f7e52a718948ed9e637ea71d78bf32.jpg;a7f7e52a718948ed9e637ea71d78bf32.jpg;3
data/images/62006313bb7c4e31951f4b3d31ca3da1.jpg;62006313bb7c4e31951f4b3d31ca3da1.jpg;3
data/images/b63ae3e2acc544e9bd78d282c6da2c17.jpg;b63ae3e2acc544e9bd78d282c6da2c17.jpg;3
data/images/a8463bbc039b4eb1a40286b6164e5eb9.jpg;a8463bbc039b4eb1a40286b6164e5eb9.jpg;3
data/images/44c717ee6e1b43e29addb4871843b80f.jpg;44c717ee6e1b43e29addb4871843b80f.jpg;3
data/images/ec40348aeeec4830a9a47e13d1c1c3ac.jpg;ec40348aeeec4830a9a47e13d1c1c3ac.jpg;3
data/images/033efc15f6e044408a766a62a45f1202.jpg;033efc15f6e044408a766a62a45f1202.jpg;3
data/images/6249225ec7bd4e948712706c98d8b549.jpg;6249225ec7bd4e948712706c98d8b549.jpg;3
data/images/dafedca4f19e421e991382d09e80c93f.jpg;dafedca4f19e421e991382d09e80c93f.jpg;3
data/images/297ee48a83f241cdb0b00bb801a80481.jpg;297ee48a83f241cdb0b00bb801a80481.jpg;3
data/images/27c32dada06d4ed0a18ae4d0d662b73b.jpg;27c32dada06d4ed0a18ae4d0d662b73b.jpg;3
data/images/3f22a5674f584db3b121b96906f2520c.jpg;3f22a5674f584db3b121b96906f2520c.jpg;3
data/images/aa424b1fb0284b1f8745bb0d4f5be62f.jpg;aa424b1fb0284b1f8745bb0d4f5be62f.jpg;3
data/images/058f51721f8d4830888c8ad8bd3d24bc.jpg;058f51721f8d4830888c8ad8bd3d24bc.jpg;3
data/images/6354238c925d4f7d8121b61430b7948e.jpg;6354238c925d4f7d8121b61430b7948e.jpg;3
data/images/4324e219af604103a9b74372a7389e74.jpg;4324e219af604103a9b74372a7389e74.jpg;3
data/images/bfa91de0b790434db020d40e5849b391.jpg;bfa91de0b790434db020d40e5849b391.jpg;3
data/images/2e336cecf1a448979e08168e0e44f72f.jpg;2e336cecf1a448979e08168e0e44f72f.jpg;3
data/images/2647695f080049e28ff4776ab84ced9f.jpg;2647695f080049e28ff4776ab84ced9f.jpg;3
data/images/a04fe063237543dd9e9e482fa427ee97.jpg;a04fe063237543dd9e9e482fa427ee97.jpg;3
data/images/a8abb06521a642eeb5307b608513beaf.jpg;a8abb06521a642eeb5307b608513beaf.jpg;3
data/images/19024f27d6c94c7a9f58900c55740b0a.jpg;19024f27d6c94c7a9f58900c55740b0a.jpg;3
data/images/f0ac8758355548c2af5c34b5cb958809.jpg;f0ac8758355548c2af5c34b5cb958809.jpg;3
data/images/7929f66e503f4cebb4a57fd69097b941.jpg;7929f66e503f4cebb4a57fd69097b941.jpg;3
data/images/aa5384fc342a4ff2925e60a4e5b16f26.jpg;aa5384fc342a4ff2925e60a4e5b16f26.jpg;3
data/images/23642dc38d7b4afaa627f48a05c93450.jpg;23642dc38d7b4afaa627f48a05c93450.jpg;3
data/images/600cf4ccd751497ebabc0c88714483f0.jpg;600cf4ccd751497ebabc0c88714483f0.jpg;3
data/images/3883b0950cdc46269cfbb09002f96af9.jpg;3883b0950cdc46269cfbb09002f96af9.jpg;3
data/images/76bfe78f190b47a0a525789a5ba079dc.jpg;76bfe78f190b47a0a525789a5ba079dc.jpg;3
data/images/89f1c6e9453649feb9be8a2106a066b0.jpg;89f1c6e9453649feb9be8a2106a066b0.jpg;3
data/images/0c2a9a0aacbc42dcbaaf71b151f782da.jpg;0c2a9a0aacbc42dcbaaf71b151f782da.jpg;3
data/images/70e86898c4c6480f89f261a000c4be6f.jpg;70e86898c4c6480f89f261a000c4be6f.jpg;3
data/images/0bfd6ece10cd4f8cbc91d94e1686203f.jpg;0bfd6ece10cd4f8cbc91d94e1686203f.jpg;3
data/images/5d51531f758f44ce9369cc252b409589.jpg;5d51531f758f44ce9369cc252b409589.jpg;3
data/images/da993a7b974c45cdb5cd64c640987e10.jpg;da993a7b974c45cdb5cd64c640987e10.jpg;3
data/images/07e09dfb76b8443e83b60d504fd4d9c0.jpg;07e09dfb76b8443e83b60d504fd4d9c0.jpg;3
data/images/7cb45cdbd6de4c52bf1a73114e6c865e.jpg;7cb45cdbd6de4c52bf1a73114e6c865e.jpg;3
data/images/088a3122ea68490a95b32037325b3cfd.jpg;088a3122ea68490a95b32037325b3cfd.jpg;3
data/images/5dd92677e5b940f5ae0dc4d79201258c.jpg;5dd92677e5b940f5ae0dc4d79201258c.jpg;3
data/images/501352731db04aa681abdbf094d9a144.jpg;501352731db04aa681abdbf094d9a144.jpg;3
data/images/0de9c1b01a5048ea82d382e13941d0a5.jpg;0de9c1b01a5048ea82d382e13941d0a5.jpg;3
data/images/d656df4a5840468ba3715ef988e7acb2.jpg;d656df4a5840468ba3715ef988e7acb2.jpg;3
data/images/0b5816dba99a4c2380d736eaecdd3a50.jpg;0b5816dba99a4c2380d736eaecdd3a50.jpg;3
data/images/476d78b829d8430a860c5f8d7d9820ab.jpg;476d78b829d8430a860c5f8d7d9820ab.jpg;3
data/images/11922ef7e7a14e5c836287ce7be156e1.jpg;11922ef7e7a14e5c836287ce7be156e1.jpg;3
data/images/811423b6e991404dbed43371b0d67163.jpg;811423b6e991404dbed43371b0d67163.jpg;3
data/images/a30ea78bf9b6470aadfc898eb08ca51e.jpg;a30ea78bf9b6470aadfc898eb08ca51e.jpg;3
data/images/fe5676e2b834428f904021d1a8391d50.jpg;fe5676e2b834428f904021d1a8391d50.jpg;3
data/images/8cd6cdd6d56b411eba8a66c37c659914.jpg;8cd6cdd6d56b411eba8a66c37c659914.jpg;3
data/images/d0a7c080e46443fa8acc242c0e613d4c.jpg;d0a7c080e46443fa8acc242c0e613d4c.jpg;3
data/images/ccb4e178aed641628058ade7dc036b7a.jpg;ccb4e178aed641628058ade7dc036b7a.jpg;3
data/images/b52ee13fd3c2483a84ca07b5a7608d86.jpg;b52ee13fd3c2483a84ca07b5a7608d86.jpg;3
data/images/2aa4b42b45194766ab7fc83f4c0084ae.jpg;2aa4b42b45194766ab7fc83f4c0084ae.jpg;3
data/images/7871d6a12ef24866b5723e6cfb9c1d19.jpg;7871d6a12ef24866b5723e6cfb9c1d19.jpg;3
data/images/232dd926a90e4df58d27ca83cbab3adb.jpg;232dd926a90e4df58d27ca83cbab3adb.jpg;3
data/images/1863f105b78a44ad8fdbf7237660c664.jpg;1863f105b78a44ad8fdbf7237660c664.jpg;3
data/images/cb2ce0a4650f430ebacbf08f477645e6.jpg;cb2ce0a4650f430ebacbf08f477645e6.jpg;3
data/images/e8d8a0d9b6c047d1a032d88b5636a1ad.jpg;e8d8a0d9b6c047d1a032d88b5636a1ad.jpg;3
data/images/db952a0b8fb349bba04573f32e743fac.jpg;db952a0b8fb349bba04573f32e743fac.jpg;3
data/images/ffe80ac0346244b1a6eb9f19be289e5c.jpg;ffe80ac0346244b1a6eb9f19be289e5c.jpg;3
data/images/7b52f2b8317b4bd7bc24ab290ddb4941.jpg;7b52f2b8317b4bd7bc24ab290ddb4941.jpg;3
data/images/b0e8af3b10fb4ed2bb912ac47cc8375f.jpg;b0e8af3b10fb4ed2bb912ac47cc8375f.jpg;3
data/images/2aba3f344c9044929db6037a4cb51399.jpg;2aba3f344c9044929db6037a4cb51399.jpg;3
data/images/1f6198f01e4348aea43ddaa08e4af48b.jpg;1f6198f01e4348aea43ddaa08e4af48b.jpg;3
data/images/d1fa7ae9da574632813cdb1febe34adf.jpg;d1fa7ae9da574632813cdb1febe34adf.jpg;3
data/images/e55b32a4850a4b608e939bf4ba02bd3d.jpg;e55b32a4850a4b608e939bf4ba02bd3d.jpg;3
data/images/3181c82cf50541b6b61b310c3db8a646.jpg;3181c82cf50541b6b61b310c3db8a646.jpg;3
data/images/e3952c590d654a08acba6ccad4982895.jpg;e3952c590d654a08acba6ccad4982895.jpg;3
data/images/24ada3c057fb46dcbe4ae3b41f08b71c.jpg;24ada3c057fb46dcbe4ae3b41f08b71c.jpg;3
data/images/c037f87ad3f9458b839891f5a411d419.jpg;c037f87ad3f9458b839891f5a411d419.jpg;3
data/images/d84a495ce10d40e8aa600b1cc3920bbe.jpg;d84a495ce10d40e8aa600b1cc3920bbe.jpg;3
data/images/7d8bc57964b045e19158aea09b2a6b02.jpg;7d8bc57964b045e19158aea09b2a6b02.jpg;3
data/images/72ced2f35ae148daadd574fb3de21a63.jpg;72ced2f35ae148daadd574fb3de21a63.jpg;3
data/images/4fc3ffa3370e4fca873cc91147ffc0ff.jpg;4fc3ffa3370e4fca873cc91147ffc0ff.jpg;3
data/images/9abb854df7784e5f9d897e2b1e5d9144.jpg;9abb854df7784e5f9d897e2b1e5d9144.jpg;3
data/images/bba013845985429b980c19cbfb295788.jpg;bba013845985429b980c19cbfb295788.jpg;3
data/images/5a2ef884ec3e4fdeaee8ec2bcb6db569.jpg;5a2ef884ec3e4fdeaee8ec2bcb6db569.jpg;3
data/images/8f23ef37172f406fb541a2d4c2dcc66d.jpg;8f23ef37172f406fb541a2d4c2dcc66d.jpg;3
data/images/926761050b7b4197a43680b783d35664.jpg;926761050b7b4197a43680b783d35664.jpg;3
data/images/635eec3ada5f4469b392addeab00c602.jpg;635eec3ada5f4469b392addeab00c602.jpg;3
data/images/cc93405715a34e82971f24d314824f77.jpg;cc93405715a34e82971f24d314824f77.jpg;3
data/images/3093c1a6e35b4aa89caaebdd7608b0e8.jpg;3093c1a6e35b4aa89caaebdd7608b0e8.jpg;3
data/images/42cca565acda4bd5866b68e96f9efc8c.jpg;42cca565acda4bd5866b68e96f9efc8c.jpg;3
data/images/bf0bc25f70c54312acf44153a0990ad2.jpg;bf0bc25f70c54312acf44153a0990ad2.jpg;3
data/images/34da55ffbfae4ffe8c1591ab7abc5ccf.jpg;34da55ffbfae4ffe8c1591ab7abc5ccf.jpg;3
data/images/10bd381b921e425299837b91c9805538.jpg;10bd381b921e425299837b91c9805538.jpg;3
data/images/60bb7e1b3eee425caa3deefad313aa86.jpg;60bb7e1b3eee425caa3deefad313aa86.jpg;3
data/images/2ef07ce6e01449499bb7eafe6b77b283.jpg;2ef07ce6e01449499bb7eafe6b77b283.jpg;3
data/images/eadbf118bc284bdcaf562b9ec3ff80e3.jpg;eadbf118bc284bdcaf562b9ec3ff80e3.jpg;3
data/images/c4e3cebe29054c09a8029d01f85ff512.jpg;c4e3cebe29054c09a8029d01f85ff512.jpg;3
data/images/84a5b8e5383b433086c2f39a65cd9f83.jpg;84a5b8e5383b433086c2f39a65cd9f83.jpg;3
data/images/ecd01fe521324fe094b28d39eecff086.jpg;ecd01fe521324fe094b28d39eecff086.jpg;3
data/images/72b9ff1d9ee741e88ad1829bea886775.jpg;72b9ff1d9ee741e88ad1829bea886775.jpg;3
data/images/effe0da1bc094e949e699e69139b63a0.jpg;effe0da1bc094e949e699e69139b63a0.jpg;3
data/images/70423f17b1c24d8ea1790fd504cd6fdb.jpg;70423f17b1c24d8ea1790fd504cd6fdb.jpg;3
data/images/83536fbc166e4d74852424da530263cf.jpg;83536fbc166e4d74852424da530263cf.jpg;3
data/images/5695cc935c8846d1aa5e1a471d761271.jpg;5695cc935c8846d1aa5e1a471d761271.jpg;3
data/images/55be204ce50e4f88a3f7ac68a522671d.jpg;55be204ce50e4f88a3f7ac68a522671d.jpg;3
data/images/b174abd7c3be4b8e80ec8c440c8b075c.jpg;b174abd7c3be4b8e80ec8c440c8b075c.jpg;3
data/images/e2ca627a66e7487ca796ae83103bc1db.jpg;e2ca627a66e7487ca796ae83103bc1db.jpg;3
data/images/e9706a7d940e49a6b8aa7a4126172b1b.jpg;e9706a7d940e49a6b8aa7a4126172b1b.jpg;3
data/images/05bbde707aa347799b48e7f91bbef1c0.jpg;05bbde707aa347799b48e7f91bbef1c0.jpg;3
data/images/d89f603440304f93b5676fa472594be5.jpg;d89f603440304f93b5676fa472594be5.jpg;3
data/images/b0f3f7403ebc43bfb194a8f1eb387512.jpg;b0f3f7403ebc43bfb194a8f1eb387512.jpg;3
data/images/4ab9ed97cbd444a18b2f138410612b6b.jpg;4ab9ed97cbd444a18b2f138410612b6b.jpg;3
data/images/af0bce91862d4e938e81775e10a80d85.jpg;af0bce91862d4e938e81775e10a80d85.jpg;3
data/images/971b5e80a2fa4e27838dbd5115552524.jpg;971b5e80a2fa4e27838dbd5115552524.jpg;3
data/images/1e51670e73f440b08d9872f6693b089f.jpg;1e51670e73f440b08d9872f6693b089f.jpg;3
data/images/6464bc0002624a06a04e7a11132b6431.jpg;6464bc0002624a06a04e7a11132b6431.jpg;3
data/images/f3f81fac97e24a848ac48001c41abbd4.jpg;f3f81fac97e24a848ac48001c41abbd4.jpg;3
data/images/5c71cc6975bc46c990a3c9cddcd23fb0.jpg;5c71cc6975bc46c990a3c9cddcd23fb0.jpg;3
data/images/f222db50372845c3bd1c7042ec12a6d2.jpg;f222db50372845c3bd1c7042ec12a6d2.jpg;3
data/images/40b3fd49fa804f498910b7180cc55679.jpg;40b3fd49fa804f498910b7180cc55679.jpg;3
data/images/f5680a882dd8430a8452e6b9f3e5acfc.jpg;f5680a882dd8430a8452e6b9f3e5acfc.jpg;3
data/images/b0acdf65c6be4dc19acd768a13c4e8fc.jpg;b0acdf65c6be4dc19acd768a13c4e8fc.jpg;3
data/images/8e920bc409a6462998c25f6464ce8eca.jpg;8e920bc409a6462998c25f6464ce8eca.jpg;3
data/images/0937869153dd4c5d92de18f88bf08f88.jpg;0937869153dd4c5d92de18f88bf08f88.jpg;3
data/images/4ab2c3dc26e04cd8b11540d35041fb70.jpg;4ab2c3dc26e04cd8b11540d35041fb70.jpg;3
data/images/73615450827e4052967203965293e8c3.jpg;73615450827e4052967203965293e8c3.jpg;3
data/images/665e7602cee741edb19e42526dc5593b.jpg;665e7602cee741edb19e42526dc5593b.jpg;3
data/images/aaedc2a0764d4bce9ce980d58f1eeeb2.jpg;aaedc2a0764d4bce9ce980d58f1eeeb2.jpg;3
data/images/87d057fa11044e99891a06c788c0c8f8.jpg;87d057fa11044e99891a06c788c0c8f8.jpg;3
data/images/76d88dd3de2d47a7bc69327919b45999.jpg;76d88dd3de2d47a7bc69327919b45999.jpg;3
data/images/5fdbbae6d2e343e49ead36f2177a0d7e.jpg;5fdbbae6d2e343e49ead36f2177a0d7e.jpg;3
data/images/2a589bddcfc44805989756cf5a853e59.jpg;2a589bddcfc44805989756cf5a853e59.jpg;3
data/images/03198207516b45e9868dd8f9fd85470c.jpg;03198207516b45e9868dd8f9fd85470c.jpg;3
data/images/b8481fb088ab4ae5aae6a322cd1939d8.jpg;b8481fb088ab4ae5aae6a322cd1939d8.jpg;3
data/images/271f2c0cfb2348da963150ffe0cd66c7.jpg;271f2c0cfb2348da963150ffe0cd66c7.jpg;3
data/images/6465e2b7ad384b5385b31f26387b70ae.jpg;6465e2b7ad384b5385b31f26387b70ae.jpg;3
data/images/0f595b6e36e746739ced7b12223dbdc0.jpg;0f595b6e36e746739ced7b12223dbdc0.jpg;3
data/images/02d63786ccf14b7283c9059aa0f00afc.jpg;02d63786ccf14b7283c9059aa0f00afc.jpg;3
data/images/de9eef32b0fa4105a5d667717c444d9b.jpg;de9eef32b0fa4105a5d667717c444d9b.jpg;3
data/images/c3d7e9fca8674b58b3b213d3d1dd5840.jpg;c3d7e9fca8674b58b3b213d3d1dd5840.jpg;3
data/images/b002441df5d14883b5b407eaab85f0b5.jpg;b002441df5d14883b5b407eaab85f0b5.jpg;3
data/images/3a26ae5d8a8844d89e6d5e97952b87d4.jpg;3a26ae5d8a8844d89e6d5e97952b87d4.jpg;3
data/images/6d9bc243bacc427590a873231a574da1.jpg;6d9bc243bacc427590a873231a574da1.jpg;3
data/images/06e85c68289241cb98b554c12dfc69b9.jpg;06e85c68289241cb98b554c12dfc69b9.jpg;3
data/images/630f31ff2fbb496587ed89b06793efa5.jpg;630f31ff2fbb496587ed89b06793efa5.jpg;3
data/images/3ffac04df1c64f61b5b10fcff080996a.jpg;3ffac04df1c64f61b5b10fcff080996a.jpg;3
data/images/359ca05cd6f645b79af19992f015afd5.jpg;359ca05cd6f645b79af19992f015afd5.jpg;3
data/images/f9505a433d864c419c1c931ba72ccf9e.jpg;f9505a433d864c419c1c931ba72ccf9e.jpg;3
data/images/ddf1bf5a8cb44a429499318b946346da.jpg;ddf1bf5a8cb44a429499318b946346da.jpg;3
data/images/c86591c7788a455b90728f13b906b9b9.jpg;c86591c7788a455b90728f13b906b9b9.jpg;3
data/images/3045a67cf34e4c0eafdc80ba6f250a03.jpg;3045a67cf34e4c0eafdc80ba6f250a03.jpg;3
data/images/367f851455db41efb8bf6a1d1b59400b.jpg;367f851455db41efb8bf6a1d1b59400b.jpg;3
data/images/00937b9dc7304c67acc2e2eba6557230.jpg;00937b9dc7304c67acc2e2eba6557230.jpg;3
data/images/69841a7f1efe41f0805ed77ea751c191.jpg;69841a7f1efe41f0805ed77ea751c191.jpg;3
data/images/68c337fc94d746888a162c56f0461150.jpg;68c337fc94d746888a162c56f0461150.jpg;3
data/images/cb98a3e808324e6b83a94cb3bb0d212b.jpg;cb98a3e808324e6b83a94cb3bb0d212b.jpg;3
data/images/3075a42bc29e4034961a261ec9705628.jpg;3075a42bc29e4034961a261ec9705628.jpg;3
data/images/de398ccf5de340a5a1aef6da70f88819.jpg;de398ccf5de340a5a1aef6da70f88819.jpg;3
data/images/5c05d7614fe442b7a3de99441c18c00a.jpg;5c05d7614fe442b7a3de99441c18c00a.jpg;3
data/images/f2ed17edfb5541738f52a6c62806bfac.jpg;f2ed17edfb5541738f52a6c62806bfac.jpg;3
data/images/1f291f97dc884e81b2e23c835dd138cb.jpg;1f291f97dc884e81b2e23c835dd138cb.jpg;3
data/images/db65252fc4d3458faedb157e9f9ec09c.jpg;db65252fc4d3458faedb157e9f9ec09c.jpg;3
data/images/6185e6e2fd1e42b0b3fda9d751683198.jpg;6185e6e2fd1e42b0b3fda9d751683198.jpg;3
data/images/fb62484cb9794a87817b24a972063568.jpg;fb62484cb9794a87817b24a972063568.jpg;3
data/images/61de9bce223442fe9acded20a53706ce.jpg;61de9bce223442fe9acded20a53706ce.jpg;3
data/images/485ebf5ae4cd4209983a002401224e51.jpg;485ebf5ae4cd4209983a002401224e51.jpg;3
data/images/b9adf8ddfdc9467194af13fea9352444.jpg;b9adf8ddfdc9467194af13fea9352444.jpg;3
data/images/d0a1c7736c274d929ed2aadf5f9c875e.jpg;d0a1c7736c274d929ed2aadf5f9c875e.jpg;3
data/images/a95fba0bdfc94ac8a64435713a7f787c.jpg;a95fba0bdfc94ac8a64435713a7f787c.jpg;3
data/images/0be66c6958fa4d7499d4235dc84a719e.jpg;0be66c6958fa4d7499d4235dc84a719e.jpg;3
data/images/e74040120d7f443bb2b5812c9e3c36b7.jpg;e74040120d7f443bb2b5812c9e3c36b7.jpg;3
data/images/c00b6885271049f2916abd43df5593f1.jpg;c00b6885271049f2916abd43df5593f1.jpg;3
data/images/b45e6d58f80b49c1870abcbc54489e25.jpg;b45e6d58f80b49c1870abcbc54489e25.jpg;3
data/images/7279371525804567b52e6e5c40296bcc.jpg;7279371525804567b52e6e5c40296bcc.jpg;3
data/images/f0cba88c23c941ecac6d39897b835df7.jpg;f0cba88c23c941ecac6d39897b835df7.jpg;3
data/images/cac5ec15a5f14580928f7ef01e0b6fb3.jpg;cac5ec15a5f14580928f7ef01e0b6fb3.jpg;3
data/images/665ac6563202432bbde4a76b18538aef.jpg;665ac6563202432bbde4a76b18538aef.jpg;3
data/images/6ace1719bcd94c53bf8781c12a9078b2.jpg;6ace1719bcd94c53bf8781c12a9078b2.jpg;3
data/images/1bd2867ccbbc419aa261e457e3c14c05.jpg;1bd2867ccbbc419aa261e457e3c14c05.jpg;3
data/images/5b5bcd5aad2a43fbb885496c41b525e1.jpg;5b5bcd5aad2a43fbb885496c41b525e1.jpg;3
data/images/c78ef974818140eebe1287c4e8cb9149.jpg;c78ef974818140eebe1287c4e8cb9149.jpg;3
data/images/0cb2e2d3b2144d02a1d5d845612d21a9.jpg;0cb2e2d3b2144d02a1d5d845612d21a9.jpg;3
data/images/7ade3cb522b9417eb8d26c755849f235.jpg;7ade3cb522b9417eb8d26c755849f235.jpg;3
data/images/a0434351d17d42bab526fa4fcf32000c.jpg;a0434351d17d42bab526fa4fcf32000c.jpg;3
data/images/c80e0cecf8244671a6b391e10bf5e7a2.jpg;c80e0cecf8244671a6b391e10bf5e7a2.jpg;3
data/images/99b12ac440874acda2bce1a06d1052ef.jpg;99b12ac440874acda2bce1a06d1052ef.jpg;3
data/images/1433ea300cba4279a88254fb8d6a5322.jpg;1433ea300cba4279a88254fb8d6a5322.jpg;3
data/images/3fb3db47b09548e199c9aed3611d3429.jpg;3fb3db47b09548e199c9aed3611d3429.jpg;3
data/images/85160e6d5d3b478183ffdedde1d4501b.jpg;85160e6d5d3b478183ffdedde1d4501b.jpg;3
data/images/f238d1336c0d4a3992f704bc8b82645f.jpg;f238d1336c0d4a3992f704bc8b82645f.jpg;3
data/images/dce4f0e6a03e452fb5c295460ef30bba.jpg;dce4f0e6a03e452fb5c295460ef30bba.jpg;3
data/images/4555a286b1f34b119ca95662028b2c37.jpg;4555a286b1f34b119ca95662028b2c37.jpg;3
data/images/5d27d030e1024dfd8f38065244283069.jpg;5d27d030e1024dfd8f38065244283069.jpg;3
data/images/aee42f2ff45f4f4c9d03294ff7a499de.jpg;aee42f2ff45f4f4c9d03294ff7a499de.jpg;3
data/images/9e051ce7b2aa466296895799c12ccd23.jpg;9e051ce7b2aa466296895799c12ccd23.jpg;3
data/images/e2595734a5074b5481784508966fcbad.jpg;e2595734a5074b5481784508966fcbad.jpg;3
data/images/54ff14f5279a4c918e0f9c0bb86e0191.jpg;54ff14f5279a4c918e0f9c0bb86e0191.jpg;3
data/images/0078be63a1244399b4013c89a9ab54c0.jpg;0078be63a1244399b4013c89a9ab54c0.jpg;3
data/images/add1a910f3834bc6a2f6de54cb047c08.jpg;add1a910f3834bc6a2f6de54cb047c08.jpg;3
data/images/168428d43e7c49d8a91a763dd90cdfe6.jpg;168428d43e7c49d8a91a763dd90cdfe6.jpg;3
data/images/11c5efdef3ae4fcbbcded36af40a80d6.jpg;11c5efdef3ae4fcbbcded36af40a80d6.jpg;3
data/images/2473878758064ea0942144d6d6c3fd3d.jpg;2473878758064ea0942144d6d6c3fd3d.jpg;3
data/images/b58c3db804984f0d9d7aa386ba9e890d.jpg;b58c3db804984f0d9d7aa386ba9e890d.jpg;3
data/images/3786fc5bce904ce5ac864fe697afaccc.jpg;3786fc5bce904ce5ac864fe697afaccc.jpg;3
data/images/d828744d80b6467ba141d335da00cf20.jpg;d828744d80b6467ba141d335da00cf20.jpg;3
data/images/38075ce5912b4034a95f1f2dfa045378.jpg;38075ce5912b4034a95f1f2dfa045378.jpg;3
data/images/c399508a7c8746799cc420f91cdf7e7b.jpg;c399508a7c8746799cc420f91cdf7e7b.jpg;3
data/images/d8cb4232dca0449ea27700da369f0944.jpg;d8cb4232dca0449ea27700da369f0944.jpg;3
data/images/5434658bbd8442759944be13ab675bf9.jpg;5434658bbd8442759944be13ab675bf9.jpg;3
data/images/2da9fe84a0b5422482ba99ef6a3591cf.jpg;2da9fe84a0b5422482ba99ef6a3591cf.jpg;3
data/images/703ee51dd8ae4f37a6639da6894d9053.jpg;703ee51dd8ae4f37a6639da6894d9053.jpg;3
data/images/18d2adb4a846431b81bd679ada561f25.jpg;18d2adb4a846431b81bd679ada561f25.jpg;3
data/images/06d8fe6c8dea441b87522e358665d9d5.jpg;06d8fe6c8dea441b87522e358665d9d5.jpg;3
data/images/3207b334b1cb4859ad3f796dd4065158.jpg;3207b334b1cb4859ad3f796dd4065158.jpg;3
data/images/94ee7c3037de48159d016b3d6434fdc7.jpg;94ee7c3037de48159d016b3d6434fdc7.jpg;3
data/images/7dbf6f3590754f6f86a19c9cfac26ea6.jpg;7dbf6f3590754f6f86a19c9cfac26ea6.jpg;3
data/images/6d5bc7fb8e1f432296f66d6ed0b37a85.jpg;6d5bc7fb8e1f432296f66d6ed0b37a85.jpg;3
data/images/ce9a702ffc3d4b76ad40469f9de285d3.jpg;ce9a702ffc3d4b76ad40469f9de285d3.jpg;3
data/images/c95d12bee7c248bc80a87e1b566330ed.jpg;c95d12bee7c248bc80a87e1b566330ed.jpg;3
data/images/35ae6ed5a6834a1eb7606182e23c200d.jpg;35ae6ed5a6834a1eb7606182e23c200d.jpg;3
data/images/f6d39fc641304f12a340a7dad1f73675.jpg;f6d39fc641304f12a340a7dad1f73675.jpg;3
data/images/c61efd2129c14095b3cf2470f51112d3.jpg;c61efd2129c14095b3cf2470f51112d3.jpg;3
data/images/fcd2e0b08e844544aecb7dc68dbaae11.jpg;fcd2e0b08e844544aecb7dc68dbaae11.jpg;3
data/images/ce16f982f3a14b7ca4ef40a21f87247a.jpg;ce16f982f3a14b7ca4ef40a21f87247a.jpg;3
data/images/b0ac6896ec12440caf62dc152122d4a3.jpg;b0ac6896ec12440caf62dc152122d4a3.jpg;3
data/images/21e9f3e1d0844677ab70edd5219681ca.jpg;21e9f3e1d0844677ab70edd5219681ca.jpg;3
data/images/8300850a79ba45ba91c7314d17564f9f.jpg;8300850a79ba45ba91c7314d17564f9f.jpg;3
data/images/a05ef2b1f1034cb9964e01b5de2e2b19.jpg;a05ef2b1f1034cb9964e01b5de2e2b19.jpg;3
data/images/b72a2ef931a342109e81ba959114bef9.jpg;b72a2ef931a342109e81ba959114bef9.jpg;3
data/images/d2044525f5404482996e90b5284bb0a6.jpg;d2044525f5404482996e90b5284bb0a6.jpg;3
data/images/547e28713ed34f0c9913bd66ced203d1.jpg;547e28713ed34f0c9913bd66ced203d1.jpg;3
data/images/12eb1732751b42379ca526abc870e6f3.jpg;12eb1732751b42379ca526abc870e6f3.jpg;3
data/images/1e924ec09a9c402b928188fec957568d.jpg;1e924ec09a9c402b928188fec957568d.jpg;3
data/images/1db54024088a4b22a4cf28daa4d7fa63.jpg;1db54024088a4b22a4cf28daa4d7fa63.jpg;3
data/images/7b91011a16b54393a4444fd4211dbe47.jpg;7b91011a16b54393a4444fd4211dbe47.jpg;3
data/images/8ae2f72c27fd419abc31571a171b5db1.jpg;8ae2f72c27fd419abc31571a171b5db1.jpg;3
data/images/41dca366aee64efcad922c1c636786d5.jpg;41dca366aee64efcad922c1c636786d5.jpg;3
data/images/5c1cf6c0a98f48d49e27dfe24344b4f7.jpg;5c1cf6c0a98f48d49e27dfe24344b4f7.jpg;3
data/images/0603ebc402fc4b1d8f62260733e7422a.jpg;0603ebc402fc4b1d8f62260733e7422a.jpg;3
data/images/8f0c0f2f5ab14598a5ad8bd150517444.jpg;8f0c0f2f5ab14598a5ad8bd150517444.jpg;3
data/images/434fc8859bd941d7802c3132eb959347.jpg;434fc8859bd941d7802c3132eb959347.jpg;3
data/images/433e4dfdfe7048c29f49dd1808d4835f.jpg;433e4dfdfe7048c29f49dd1808d4835f.jpg;3
data/images/448296cd7ce744a280167783a159036d.jpg;448296cd7ce744a280167783a159036d.jpg;3
data/images/d1af9a70fd37452bb465d21d34cef401.jpg;d1af9a70fd37452bb465d21d34cef401.jpg;3
data/images/15f5be74f0e0466a96a459906b05a7f2.jpg;15f5be74f0e0466a96a459906b05a7f2.jpg;3
data/images/578cb9efed8d405192baf2448e95a2e0.jpg;578cb9efed8d405192baf2448e95a2e0.jpg;3
data/images/4031d05b293d4099a3cc9949068d867d.jpg;4031d05b293d4099a3cc9949068d867d.jpg;3
data/images/57fe3e48fb0b48cbabeb4b39dc16620a.jpg;57fe3e48fb0b48cbabeb4b39dc16620a.jpg;3
data/images/01c5ea6e5fce4c0cbbeaf4ee2d731af8.jpg;01c5ea6e5fce4c0cbbeaf4ee2d731af8.jpg;3
data/images/77a2fb22836a4ba0b32a545a094d3fc5.jpg;77a2fb22836a4ba0b32a545a094d3fc5.jpg;3
data/images/05bd10a5ee0a4b92abeaeddbfcd1f6ff.jpg;05bd10a5ee0a4b92abeaeddbfcd1f6ff.jpg;3
data/images/7bdb15e5943f42b1be9c9c49490b5735.jpg;7bdb15e5943f42b1be9c9c49490b5735.jpg;3
data/images/9d83a997fa12406087e209ac7548626e.jpg;9d83a997fa12406087e209ac7548626e.jpg;3
data/images/675cf7b520e841b989f2adcbb96a64d8.jpg;675cf7b520e841b989f2adcbb96a64d8.jpg;3
data/images/6bac017b430b46e3aaef1c0919cfc1d2.jpg;6bac017b430b46e3aaef1c0919cfc1d2.jpg;3
data/images/9081db8cbc9d4b26a0e5a8c14ad52806.jpg;9081db8cbc9d4b26a0e5a8c14ad52806.jpg;3
data/images/616e9faefd6e4e7a99615448c81e759d.jpg;616e9faefd6e4e7a99615448c81e759d.jpg;3
data/images/dc8eb75a200543d298f3b4413db357a6.jpg;dc8eb75a200543d298f3b4413db357a6.jpg;3
data/images/d9d272a339ff40c7a7b71bae1e95307d.jpg;d9d272a339ff40c7a7b71bae1e95307d.jpg;3
data/images/53e9e59e06ef48b1b8c145223f6e9ee1.jpg;53e9e59e06ef48b1b8c145223f6e9ee1.jpg;3
data/images/ce0bac045e194379a1847228592ebb39.jpg;ce0bac045e194379a1847228592ebb39.jpg;3
data/images/b55ecb1f9a334b6087412285936ca5de.jpg;b55ecb1f9a334b6087412285936ca5de.jpg;3
data/images/d2634e09a16b4d768b662607a69ca627.jpg;d2634e09a16b4d768b662607a69ca627.jpg;3
data/images/58cc43d50ff747409b02a2d1469b5f83.jpg;58cc43d50ff747409b02a2d1469b5f83.jpg;3
data/images/dbd57803221a483f99833b15e5ffcd1e.jpg;dbd57803221a483f99833b15e5ffcd1e.jpg;3
data/images/0433ed536ca14499aa7ba2fa3c63425f.jpg;0433ed536ca14499aa7ba2fa3c63425f.jpg;3
data/images/2127742cd4ee48ada8534f359b84d87a.jpg;2127742cd4ee48ada8534f359b84d87a.jpg;3
data/images/d486804badf74150b420e582d7a866f2.jpg;d486804badf74150b420e582d7a866f2.jpg;3
data/images/5a5a3f475ce24b608ac050e946fde112.jpg;5a5a3f475ce24b608ac050e946fde112.jpg;3
data/images/df664b38539e46c8bb5b6c21de9a4782.jpg;df664b38539e46c8bb5b6c21de9a4782.jpg;3
data/images/761658a4a462474c813828660cde21d1.jpg;761658a4a462474c813828660cde21d1.jpg;3
data/images/3f204fce8dc54772b27af682fbaefb95.jpg;3f204fce8dc54772b27af682fbaefb95.jpg;3
data/images/4daabd7031564779977d56e418e5ab38.jpg;4daabd7031564779977d56e418e5ab38.jpg;3
data/images/2b9a2b298d70419abfa00d092f671926.jpg;2b9a2b298d70419abfa00d092f671926.jpg;3
data/images/c38b5923d8a34881939236262c2fb9ce.jpg;c38b5923d8a34881939236262c2fb9ce.jpg;3
data/images/a11e39a076104dc2b5f99e23a691da82.jpg;a11e39a076104dc2b5f99e23a691da82.jpg;3
data/images/3fdfce405aa342479e26583469f1ef56.jpg;3fdfce405aa342479e26583469f1ef56.jpg;3
data/images/dfb2ec667c0c443d8df581b336ad7639.jpg;dfb2ec667c0c443d8df581b336ad7639.jpg;3
data/images/f5771566302448cc9727220971e65bc4.jpg;f5771566302448cc9727220971e65bc4.jpg;3
data/images/5e32c03551be4395b8c50c32c0ddc214.jpg;5e32c03551be4395b8c50c32c0ddc214.jpg;3
data/images/2e7788235df6401a9b62a9a66d8168c5.jpg;2e7788235df6401a9b62a9a66d8168c5.jpg;3
data/images/239f44fe58af4286866337da0b2faa86.jpg;239f44fe58af4286866337da0b2faa86.jpg;3
data/images/70fd4d9970974e49877adb67197f069a.jpg;70fd4d9970974e49877adb67197f069a.jpg;3
data/images/9697fb1812a0427b81e44ceced009774.jpg;9697fb1812a0427b81e44ceced009774.jpg;3
data/images/736a1c71aa264972af85e8a7748b26a8.jpg;736a1c71aa264972af85e8a7748b26a8.jpg;3
data/images/5dc087966b524d0e971a5b79365e783e.jpg;5dc087966b524d0e971a5b79365e783e.jpg;3
data/images/a78088a9d24f49908483a0cae8a2421a.jpg;a78088a9d24f49908483a0cae8a2421a.jpg;3
data/images/587f7ed935534f6b94f5a2bad28e39f3.jpg;587f7ed935534f6b94f5a2bad28e39f3.jpg;3
data/images/0ac4be62144243a58bcadac91f1967d4.jpg;0ac4be62144243a58bcadac91f1967d4.jpg;3
data/images/a226cb177673484081bf36c83275a1aa.jpg;a226cb177673484081bf36c83275a1aa.jpg;3
data/images/515f46cb72d14dbd99bc43cd975d3130.jpg;515f46cb72d14dbd99bc43cd975d3130.jpg;3
data/images/da9ed71711094053b3d4e06c0c4dd4bf.jpg;da9ed71711094053b3d4e06c0c4dd4bf.jpg;3
data/images/243ba164d9d54b689224b41d12f08849.jpg;243ba164d9d54b689224b41d12f08849.jpg;3
data/images/67324a6b36bb48209821157a8065c739.jpg;67324a6b36bb48209821157a8065c739.jpg;3
data/images/bbb73fdf59924077afdea1d07f40839c.jpg;bbb73fdf59924077afdea1d07f40839c.jpg;3
data/images/bc141506ff52424ab7735cb063f7d5e2.jpg;bc141506ff52424ab7735cb063f7d5e2.jpg;3
data/images/2326831e8b034a9096d41d0553fa5b63.jpg;2326831e8b034a9096d41d0553fa5b63.jpg;3
data/images/14fdc39a1cbf4fc4ab46b9502262fe00.jpg;14fdc39a1cbf4fc4ab46b9502262fe00.jpg;3
data/images/9750c465fb1b48a6818bece10fec0b53.jpg;9750c465fb1b48a6818bece10fec0b53.jpg;3
data/images/5d8cb7b85f5a449eb63780c9129b37bd.jpg;5d8cb7b85f5a449eb63780c9129b37bd.jpg;3
data/images/b786f1815daf438cb481c3e80c899a26.jpg;b786f1815daf438cb481c3e80c899a26.jpg;3
data/images/dab9e6b7143b4c64858e17a480d499e2.jpg;dab9e6b7143b4c64858e17a480d499e2.jpg;3
data/images/7c7701d4606743d79d36e58ab34fdd54.jpg;7c7701d4606743d79d36e58ab34fdd54.jpg;3
data/images/b7c9ccf7156041a7ac284957bb26c4be.jpg;b7c9ccf7156041a7ac284957bb26c4be.jpg;3
data/images/259e1eb9b6ef46428b90a4bba9c8bb23.jpg;259e1eb9b6ef46428b90a4bba9c8bb23.jpg;3
data/images/7a50a1b8e42b411f99b9ba39c3386062.jpg;7a50a1b8e42b411f99b9ba39c3386062.jpg;3
data/images/f09c9662e21845abb526f925ababf282.jpg;f09c9662e21845abb526f925ababf282.jpg;3
data/images/93ebca1e8aa749428ede7b7b2d5cb8b5.jpg;93ebca1e8aa749428ede7b7b2d5cb8b5.jpg;3
data/images/26ed3e9bedf4428e94f6818fe7dc4624.jpg;26ed3e9bedf4428e94f6818fe7dc4624.jpg;3
data/images/d6cc019c6acd46fb8c99da29eee10c81.jpg;d6cc019c6acd46fb8c99da29eee10c81.jpg;3
data/images/6ee6b3dde3264c31a07eefd214b185ad.jpg;6ee6b3dde3264c31a07eefd214b185ad.jpg;3
data/images/3317b7bcc90144689e15707e3354e7d6.jpg;3317b7bcc90144689e15707e3354e7d6.jpg;3
data/images/5ab45880f0c84cf5814d2d10cb8f7a3f.jpg;5ab45880f0c84cf5814d2d10cb8f7a3f.jpg;3
data/images/64fe817a294d4d8690594548b97cf6c0.jpg;64fe817a294d4d8690594548b97cf6c0.jpg;3
data/images/10c87a4549ac4ccbb636d1c264c2a043.jpg;10c87a4549ac4ccbb636d1c264c2a043.jpg;3
data/images/7b105422ffbe47b7b1ad511c5396e2dd.jpg;7b105422ffbe47b7b1ad511c5396e2dd.jpg;3
data/images/31c5265b8ce1429ea8a9e04b41425774.jpg;31c5265b8ce1429ea8a9e04b41425774.jpg;3
data/images/002ba4bfc4914d6d8cf0f2855a9d72b6.jpg;002ba4bfc4914d6d8cf0f2855a9d72b6.jpg;3
data/images/96560c0140d64bbaa7c7f0c7018b5cbd.jpg;96560c0140d64bbaa7c7f0c7018b5cbd.jpg;3
data/images/3496bce643114c908bb1ecdafda6f199.jpg;3496bce643114c908bb1ecdafda6f199.jpg;3
data/images/5ef1117317834b2eb13485eb2a6f05c6.jpg;5ef1117317834b2eb13485eb2a6f05c6.jpg;3
data/images/4f65be1311bd4b06b3618dc1cc3088d6.jpg;4f65be1311bd4b06b3618dc1cc3088d6.jpg;3
data/images/0c832a7a171a466f9029794a1a7fb586.jpg;0c832a7a171a466f9029794a1a7fb586.jpg;3
data/images/c93865c332ca48f7b4ecfc3a905f1cdd.jpg;c93865c332ca48f7b4ecfc3a905f1cdd.jpg;3
data/images/9b9f8787167c48bdb52aa825fea60256.jpg;9b9f8787167c48bdb52aa825fea60256.jpg;3
data/images/60912ffcf9cc416681f3d9725c667498.jpg;60912ffcf9cc416681f3d9725c667498.jpg;3
data/images/0e9d6cd430c44bfbada65b20498e1474.jpg;0e9d6cd430c44bfbada65b20498e1474.jpg;3
data/images/35818425a7584d6d9a86245e4bc0975a.jpg;35818425a7584d6d9a86245e4bc0975a.jpg;3
data/images/18c1cda2643f442ea7aba0cfa0a23f8c.jpg;18c1cda2643f442ea7aba0cfa0a23f8c.jpg;3
data/images/a225de11c7b64aa1a7cabf7dbdcd0598.jpg;a225de11c7b64aa1a7cabf7dbdcd0598.jpg;3
data/images/d1721c95aacd42d28f71b4864707635a.jpg;d1721c95aacd42d28f71b4864707635a.jpg;3
data/images/583a8ddf695c44ef94d5927fb199934c.jpg;583a8ddf695c44ef94d5927fb199934c.jpg;3
data/images/893b73321fd9400bbad64774a584d4ac.jpg;893b73321fd9400bbad64774a584d4ac.jpg;3
data/images/5afc920ac4bc4c5d9593cf6b5ca1542a.jpg;5afc920ac4bc4c5d9593cf6b5ca1542a.jpg;3
data/images/8232cbae6e8d43d2a3aee71b4b91d641.jpg;8232cbae6e8d43d2a3aee71b4b91d641.jpg;3
data/images/e24d0c030e334b7193274c6868b9a593.jpg;e24d0c030e334b7193274c6868b9a593.jpg;3
data/images/c869a7c10298481baf412b4aad4a11f1.jpg;c869a7c10298481baf412b4aad4a11f1.jpg;3
data/images/9b9c77fdce114149b60eee860950ca73.jpg;9b9c77fdce114149b60eee860950ca73.jpg;3
data/images/dbd4d5db28f2450bbb319b0e7f48854a.jpg;dbd4d5db28f2450bbb319b0e7f48854a.jpg;3
data/images/3b9ee18575b342f9980179b831208fcb.jpg;3b9ee18575b342f9980179b831208fcb.jpg;3
data/images/5c56d41bcac2493aae95c00324839339.jpg;5c56d41bcac2493aae95c00324839339.jpg;3
data/images/7bb1696114094086bfb3edd4120b5d1d.jpg;7bb1696114094086bfb3edd4120b5d1d.jpg;3
data/images/1f73871adb7f40cdb8f1ad33861c1a05.jpg;1f73871adb7f40cdb8f1ad33861c1a05.jpg;3
data/images/ab1c902e16844c54b74be4a66ddacda6.jpg;ab1c902e16844c54b74be4a66ddacda6.jpg;3
data/images/d7b2afec60c34956a862828057322a3c.jpg;d7b2afec60c34956a862828057322a3c.jpg;3
data/images/b7228fa635c5400bb201e35de3e2ca2c.jpg;b7228fa635c5400bb201e35de3e2ca2c.jpg;3
data/images/7d3f8a91f40c4f31b9b5fd86af9f6b41.jpg;7d3f8a91f40c4f31b9b5fd86af9f6b41.jpg;3
data/images/fdf640ef10f24896bdb342f759456ee5.jpg;fdf640ef10f24896bdb342f759456ee5.jpg;3
data/images/38c0a78362774b5590403dba3eb32887.jpg;38c0a78362774b5590403dba3eb32887.jpg;3
data/images/a3b336e6dbb4409dbcc3d7ad99720ae7.jpg;a3b336e6dbb4409dbcc3d7ad99720ae7.jpg;3
data/images/8e2abb2a02bc426bbcf720a6f9639299.jpg;8e2abb2a02bc426bbcf720a6f9639299.jpg;3
data/images/dab1fa48321c4b26b3448d4bdaabd879.jpg;dab1fa48321c4b26b3448d4bdaabd879.jpg;3
data/images/20f8693054ed440aa910809fb2ed1b03.jpg;20f8693054ed440aa910809fb2ed1b03.jpg;3
data/images/344873edb3e6426993fff8827fde9703.jpg;344873edb3e6426993fff8827fde9703.jpg;3
data/images/1fda035167fa4211a80e9f4a4e5f74b7.jpg;1fda035167fa4211a80e9f4a4e5f74b7.jpg;3
data/images/32c9597c640a4c2b8375bf6e00dc04cf.jpg;32c9597c640a4c2b8375bf6e00dc04cf.jpg;3
data/images/3f67e0086de34946a9cfff0063ccd728.jpg;3f67e0086de34946a9cfff0063ccd728.jpg;3
data/images/366a2b1deb2c45d496bb6b34e9e3ae23.jpg;366a2b1deb2c45d496bb6b34e9e3ae23.jpg;3
data/images/79cf5ae784554cab90f1a0d240d47fad.jpg;79cf5ae784554cab90f1a0d240d47fad.jpg;3
data/images/7b80d5c882084cc3b74126a3f7771e4e.jpg;7b80d5c882084cc3b74126a3f7771e4e.jpg;3
data/images/76e30622351845559ead12c422d53c76.jpg;76e30622351845559ead12c422d53c76.jpg;3
data/images/02aa3a52ace543fea5611a6eff6b397e.jpg;02aa3a52ace543fea5611a6eff6b397e.jpg;3
data/images/dfe7d08011b0451ea5fb9b0d57cf7353.jpg;dfe7d08011b0451ea5fb9b0d57cf7353.jpg;3
data/images/e1cd1841b44a4dc48a6035f1ac713851.jpg;e1cd1841b44a4dc48a6035f1ac713851.jpg;3
data/images/80ef62225d0940038a35692bd94b0cee.jpg;80ef62225d0940038a35692bd94b0cee.jpg;3
data/images/5daa7004f15d4aba8133be9ed893d227.jpg;5daa7004f15d4aba8133be9ed893d227.jpg;3
data/images/f000c11e3b284f829d8466e9377084f2.jpg;f000c11e3b284f829d8466e9377084f2.jpg;3
data/images/74efae2511a14f68b402e5d435e1d9d0.jpg;74efae2511a14f68b402e5d435e1d9d0.jpg;3
data/images/eb21545e8a7b4d528a9669dfa32e681e.jpg;eb21545e8a7b4d528a9669dfa32e681e.jpg;3
data/images/58a57dfd7c774c9aaf61967a154844af.jpg;58a57dfd7c774c9aaf61967a154844af.jpg;3
data/images/7e20c06b24d1478bb30399bbdfdb5b68.jpg;7e20c06b24d1478bb30399bbdfdb5b68.jpg;3
data/images/25f3f2695ce84b989fbb32e2f7db2d76.jpg;25f3f2695ce84b989fbb32e2f7db2d76.jpg;3
data/images/33796a18c9a34b43a93604755fc40dd1.jpg;33796a18c9a34b43a93604755fc40dd1.jpg;3
data/images/83addce6722d41e592e91b913089ad52.jpg;83addce6722d41e592e91b913089ad52.jpg;3
data/images/8222351cc5f7495b9831559c3443ad39.jpg;8222351cc5f7495b9831559c3443ad39.jpg;3
data/images/2f6485cf6a694b76ae2fba8086033eec.jpg;2f6485cf6a694b76ae2fba8086033eec.jpg;3
data/images/3dcaafcbf6704b08bd829f16a8ea11af.jpg;3dcaafcbf6704b08bd829f16a8ea11af.jpg;3
data/images/b996fd6357ac485392979c6a70fdcc40.jpg;b996fd6357ac485392979c6a70fdcc40.jpg;3
data/images/6592c29fc19e430c94eda1a7145267df.jpg;6592c29fc19e430c94eda1a7145267df.jpg;3
data/images/2a73865d9782444fbe73681789831d75.jpg;2a73865d9782444fbe73681789831d75.jpg;3
data/images/6e05b6a1813144ae86b7677aab7dbdf4.jpg;6e05b6a1813144ae86b7677aab7dbdf4.jpg;3
data/images/341543b58bbe42999b3b3ca8b6efa644.jpg;341543b58bbe42999b3b3ca8b6efa644.jpg;3
data/images/583bf3f57a7248779f7fde252db2356b.jpg;583bf3f57a7248779f7fde252db2356b.jpg;3
data/images/b79bac7aab2844659f74bed0f24012d2.jpg;b79bac7aab2844659f74bed0f24012d2.jpg;3
data/images/01f8dcf2ba104e56ae47df6ba50f6cd9.jpg;01f8dcf2ba104e56ae47df6ba50f6cd9.jpg;3
data/images/508d2fad58fe470cac0e382ab50735c5.jpg;508d2fad58fe470cac0e382ab50735c5.jpg;3
data/images/6bf496a966544b3c902e5a4673fe1628.jpg;6bf496a966544b3c902e5a4673fe1628.jpg;3
data/images/7419b87fdb744a448386ce07cb68f73d.jpg;7419b87fdb744a448386ce07cb68f73d.jpg;3
data/images/10e6b1469a5d4a2d8bb18578a88c9864.jpg;10e6b1469a5d4a2d8bb18578a88c9864.jpg;3
data/images/dd0ee108612e40aea6d30ff2de89f9d2.jpg;dd0ee108612e40aea6d30ff2de89f9d2.jpg;3
data/images/863ec33a5a564b6f9c4b515075e6e55f.jpg;863ec33a5a564b6f9c4b515075e6e55f.jpg;3
data/images/fe057a28f92045369a7fcd6ff68be5b2.jpg;fe057a28f92045369a7fcd6ff68be5b2.jpg;3
data/images/fff6bf9142994e9fb224b373829b021e.jpg;fff6bf9142994e9fb224b373829b021e.jpg;3
data/images/3e7f15a56b7148f8aa0b026429caad20.jpg;3e7f15a56b7148f8aa0b026429caad20.jpg;3
data/images/f0ffe24457e84e4e904e0e36b982fac6.jpg;f0ffe24457e84e4e904e0e36b982fac6.jpg;3
data/images/6fffcdb5860e4788ba6f5933971c5f49.jpg;6fffcdb5860e4788ba6f5933971c5f49.jpg;3
data/images/1585dadd75c042a7862df2370adf8c99.jpg;1585dadd75c042a7862df2370adf8c99.jpg;3
data/images/8f5022513c9246b4af82b96dd0d017ce.jpg;8f5022513c9246b4af82b96dd0d017ce.jpg;3
data/images/7d5ced41df9845339123c71d43adb553.jpg;7d5ced41df9845339123c71d43adb553.jpg;3
data/images/9a05e447147c4f86bc40365902d252a3.jpg;9a05e447147c4f86bc40365902d252a3.jpg;3
data/images/27d3d391a50b485496ca383ea579cb43.jpg;27d3d391a50b485496ca383ea579cb43.jpg;3
data/images/87b8af93e44c42b9afb0e6d527e863f5.jpg;87b8af93e44c42b9afb0e6d527e863f5.jpg;3
data/images/d8572657c12f4e5198b670a1a5ccb1fe.jpg;d8572657c12f4e5198b670a1a5ccb1fe.jpg;3
data/images/0cf4559fa5924a28a3449d1f6f151973.jpg;0cf4559fa5924a28a3449d1f6f151973.jpg;3
data/images/7781fa97467a4a1d8d5e28758dc3047d.jpg;7781fa97467a4a1d8d5e28758dc3047d.jpg;3
data/images/14faf83f48cd46a0b27c117db0579d32.jpg;14faf83f48cd46a0b27c117db0579d32.jpg;3
data/images/c68100e9325a4c968f2bb03839bb169a.jpg;c68100e9325a4c968f2bb03839bb169a.jpg;3
data/images/94fc03e3e3a242f48d76d75010f393b5.jpg;94fc03e3e3a242f48d76d75010f393b5.jpg;3
data/images/e78debacab844601a7b39fb3e7f6d9e8.jpg;e78debacab844601a7b39fb3e7f6d9e8.jpg;3
data/images/e0e8c22c7b87466b8f0b20d8b112a75b.jpg;e0e8c22c7b87466b8f0b20d8b112a75b.jpg;3
data/images/ed06cd938fca46d58ea64bbce8ffdd8a.jpg;ed06cd938fca46d58ea64bbce8ffdd8a.jpg;3
data/images/82a470b3b9f54c5681c91e0cbafb086c.jpg;82a470b3b9f54c5681c91e0cbafb086c.jpg;3
data/images/5ac1ee45a6d2433fac4fd7af2697a211.jpg;5ac1ee45a6d2433fac4fd7af2697a211.jpg;3
data/images/371f1749edc44057954c1af17a175907.jpg;371f1749edc44057954c1af17a175907.jpg;3
data/images/b71ed980302048f1bb38fb00ae7cf1f9.jpg;b71ed980302048f1bb38fb00ae7cf1f9.jpg;3
data/images/22152562819f45af9f20dad21d2faf07.jpg;22152562819f45af9f20dad21d2faf07.jpg;3
data/images/4601ce01439c423eb9edb0d2885aacee.jpg;4601ce01439c423eb9edb0d2885aacee.jpg;3
data/images/2c5cea6887944e6c974c4562ce63eda3.jpg;2c5cea6887944e6c974c4562ce63eda3.jpg;3
data/images/83821e21140b4ead8d959eedf56f0c5c.jpg;83821e21140b4ead8d959eedf56f0c5c.jpg;3
data/images/28fbeb8ddf6448b8875383f4c7cc6dc4.jpg;28fbeb8ddf6448b8875383f4c7cc6dc4.jpg;3
data/images/42c2144ad55748b2beee78fa8287ef4f.jpg;42c2144ad55748b2beee78fa8287ef4f.jpg;3
data/images/49ca0891d6a94a358b38525b29aa3d45.jpg;49ca0891d6a94a358b38525b29aa3d45.jpg;3
data/images/6f37f5a0bee14ad38f67ec8d0f884133.jpg;6f37f5a0bee14ad38f67ec8d0f884133.jpg;3
data/images/a214337dedf84f0da8c157347a67c3af.jpg;a214337dedf84f0da8c157347a67c3af.jpg;3
data/images/3eccb2fbefb6497282c660485c9e34c6.jpg;3eccb2fbefb6497282c660485c9e34c6.jpg;3
data/images/fdc611c3cb98407190ce20856a66df97.jpg;fdc611c3cb98407190ce20856a66df97.jpg;3
data/images/2500bff41ea94fbaaab8dd046459be6e.jpg;2500bff41ea94fbaaab8dd046459be6e.jpg;3
data/images/ae63b7466c11440f8e57350c68874924.jpg;ae63b7466c11440f8e57350c68874924.jpg;3
data/images/82d9cffb813542358178a47b1bcc87f6.jpg;82d9cffb813542358178a47b1bcc87f6.jpg;3
data/images/9e0abdafb9d1401bad08950531fcb830.jpg;9e0abdafb9d1401bad08950531fcb830.jpg;3
data/images/73026c1891d9469aba5c3c64a805cf67.jpg;73026c1891d9469aba5c3c64a805cf67.jpg;3
data/images/7e8d1934de974ca6af955a2d320f1360.jpg;7e8d1934de974ca6af955a2d320f1360.jpg;3
data/images/dca5f4bba5214708af19e339083f13b0.jpg;dca5f4bba5214708af19e339083f13b0.jpg;3
data/images/67753edf14ea4562bb572be42ae9be42.jpg;67753edf14ea4562bb572be42ae9be42.jpg;3
data/images/c9c2afe234a84f419808c2faf7a9c250.jpg;c9c2afe234a84f419808c2faf7a9c250.jpg;3
data/images/c7e5739dba7147349fa926a9101a3545.jpg;c7e5739dba7147349fa926a9101a3545.jpg;3
data/images/dbf0de7a50cb4d2daf9de3b0dfe53690.jpg;dbf0de7a50cb4d2daf9de3b0dfe53690.jpg;3
data/images/915e32e7c98e49b6af2332f960056426.jpg;915e32e7c98e49b6af2332f960056426.jpg;3
data/images/bc582d537485442ab151556766d32329.jpg;bc582d537485442ab151556766d32329.jpg;3
data/images/8586f79b6cc94c78a5ec9c8af6aee914.jpg;8586f79b6cc94c78a5ec9c8af6aee914.jpg;3
data/images/b6e359f580084d5ba285fd29d8ac3acf.jpg;b6e359f580084d5ba285fd29d8ac3acf.jpg;3
data/images/c293fa346e8f4eff9e2d225b8bcaf39d.jpg;c293fa346e8f4eff9e2d225b8bcaf39d.jpg;3
data/images/ee5c134577d54c739a9e12bb4bc83032.jpg;ee5c134577d54c739a9e12bb4bc83032.jpg;3
data/images/948a03d029f04b77b678f3ae3c129e01.jpg;948a03d029f04b77b678f3ae3c129e01.jpg;3
data/images/5ace41494a0b4613b0998fdadabdc1b7.jpg;5ace41494a0b4613b0998fdadabdc1b7.jpg;3
data/images/fb1e5af13ee94c2eb69fd64f12e10e82.jpg;fb1e5af13ee94c2eb69fd64f12e10e82.jpg;3
data/images/e81c33c2dd3247a4bb31c5d825ebf2a8.jpg;e81c33c2dd3247a4bb31c5d825ebf2a8.jpg;3
data/images/dab79a5484ea4444a2e1d8580f8b9546.jpg;dab79a5484ea4444a2e1d8580f8b9546.jpg;3
data/images/84e8ea01daa34ef2963ec79655e55436.jpg;84e8ea01daa34ef2963ec79655e55436.jpg;3
data/images/c6e4568927084f228e3213d330b865ad.jpg;c6e4568927084f228e3213d330b865ad.jpg;3
data/images/697cab79cf2f4bc38b95e33c471b40e1.jpg;697cab79cf2f4bc38b95e33c471b40e1.jpg;3
data/images/dbca7e88f1404508aa2bd9ce7f4d8705.jpg;dbca7e88f1404508aa2bd9ce7f4d8705.jpg;3
data/images/b98f7afc69d442a480815cbdf773fe76.jpg;b98f7afc69d442a480815cbdf773fe76.jpg;3
data/images/8033e55c8b504c4d88e3cc13bb2f2ba5.jpg;8033e55c8b504c4d88e3cc13bb2f2ba5.jpg;3
data/images/bde5f16f4e3949118e6f373d3823b381.jpg;bde5f16f4e3949118e6f373d3823b381.jpg;3
data/images/5bf88690454d4765be3e7d69ee941124.jpg;5bf88690454d4765be3e7d69ee941124.jpg;3
data/images/d5ebdc8908004fe4bba946e4519ba68a.jpg;d5ebdc8908004fe4bba946e4519ba68a.jpg;3
data/images/e686105491cd4d11b0b9773f942b3047.jpg;e686105491cd4d11b0b9773f942b3047.jpg;3
data/images/cea671f436bc4de6815dcaca539c28cf.jpg;cea671f436bc4de6815dcaca539c28cf.jpg;3
data/images/a55aaf393e5a40349a6b4666871c588d.jpg;a55aaf393e5a40349a6b4666871c588d.jpg;3
data/images/bb32e0ee3d7045049bb1f72abc0b2324.jpg;bb32e0ee3d7045049bb1f72abc0b2324.jpg;3
data/images/364e877364054605812c714e59ce194b.jpg;364e877364054605812c714e59ce194b.jpg;3
data/images/d8e4c59e56e44ed68b786fcc016049c7.jpg;d8e4c59e56e44ed68b786fcc016049c7.jpg;3
data/images/054a0649c9c841c18e48720c142ec562.jpg;054a0649c9c841c18e48720c142ec562.jpg;3
data/images/b7dfa7cf9b3841bfbbc5263a4f5a2ea0.jpg;b7dfa7cf9b3841bfbbc5263a4f5a2ea0.jpg;3
data/images/f66b352bf7b64075865e19f5b6a3b7dc.jpg;f66b352bf7b64075865e19f5b6a3b7dc.jpg;3
data/images/bba92cf3043d460eab3c2a7e8d9e2e9c.jpg;bba92cf3043d460eab3c2a7e8d9e2e9c.jpg;3
data/images/63faa6bb436144cdbee9f8a3b092f5e5.jpg;63faa6bb436144cdbee9f8a3b092f5e5.jpg;3
data/images/9a1892fe56a34ee097d7f9c8ee4ea32f.jpg;9a1892fe56a34ee097d7f9c8ee4ea32f.jpg;3
data/images/f98467602d1e4d87960ff470ccb50394.jpg;f98467602d1e4d87960ff470ccb50394.jpg;3
data/images/ce34beab59114b87b6b490cf661a1713.jpg;ce34beab59114b87b6b490cf661a1713.jpg;3
data/images/3b907896c0174df68fa1ad4dcfda666a.jpg;3b907896c0174df68fa1ad4dcfda666a.jpg;3
data/images/723a512e999644608f2b49f28f28c97f.jpg;723a512e999644608f2b49f28f28c97f.jpg;3
data/images/4a99e44497f6464ba7835bb98687c18b.jpg;4a99e44497f6464ba7835bb98687c18b.jpg;3
data/images/a1105e529e814144948c3480942819bd.jpg;a1105e529e814144948c3480942819bd.jpg;3
data/images/9b24f064212d41a9ba66e2537a2ff50c.jpg;9b24f064212d41a9ba66e2537a2ff50c.jpg;3
data/images/7a4b278225f84026acafa6f4ad0b5bfb.jpg;7a4b278225f84026acafa6f4ad0b5bfb.jpg;3
data/images/d3544e4e23034fa5be4f3c1521c19132.jpg;d3544e4e23034fa5be4f3c1521c19132.jpg;3
data/images/23dcf43339474856ad3ad2676bcfc76b.jpg;23dcf43339474856ad3ad2676bcfc76b.jpg;3
data/images/76a2352727da4b90904f348d2b815917.jpg;76a2352727da4b90904f348d2b815917.jpg;3
data/images/e708ac39e5d04edeb5d6d3d332ff1184.jpg;e708ac39e5d04edeb5d6d3d332ff1184.jpg;3
data/images/12dcd2a223e244379b4b742625cb4493.jpg;12dcd2a223e244379b4b742625cb4493.jpg;3
data/images/98acb50236fc499eb39951f5bc0d0f8b.jpg;98acb50236fc499eb39951f5bc0d0f8b.jpg;3
data/images/e538d757b22342ee8521e42a9902b1ef.jpg;e538d757b22342ee8521e42a9902b1ef.jpg;3
data/images/8a5b97a262d64bcc8f0590985fd2ed20.jpg;8a5b97a262d64bcc8f0590985fd2ed20.jpg;3
data/images/b94237cb79cb4ecdbe5430e882b226aa.jpg;b94237cb79cb4ecdbe5430e882b226aa.jpg;3
data/images/9b5de586253a4d90ad1333dcdb56f0b5.jpg;9b5de586253a4d90ad1333dcdb56f0b5.jpg;3
data/images/49f40cbf8d794868a4cf88f4b3999ee4.jpg;49f40cbf8d794868a4cf88f4b3999ee4.jpg;3
data/images/d1b1cead7ca3402b87adc2d5d917b532.jpg;d1b1cead7ca3402b87adc2d5d917b532.jpg;3
data/images/8bd33e724fee41b091c3579c010cedcf.jpg;8bd33e724fee41b091c3579c010cedcf.jpg;3
data/images/92fa746feff244a781a435c478671247.jpg;92fa746feff244a781a435c478671247.jpg;3
data/images/e45e25b6b95945cd9655ab469b4d9a61.jpg;e45e25b6b95945cd9655ab469b4d9a61.jpg;3
data/images/6d283cc23ec7479a901d2a84f4ba0475.jpg;6d283cc23ec7479a901d2a84f4ba0475.jpg;3
data/images/771a470832664563b2a687a2af05cce2.jpg;771a470832664563b2a687a2af05cce2.jpg;3
data/images/dfb0b4c223134eb4b1484a7bc0eb9d2e.jpg;dfb0b4c223134eb4b1484a7bc0eb9d2e.jpg;3
data/images/b35aadb3d2fb40b89fe693311157f849.jpg;b35aadb3d2fb40b89fe693311157f849.jpg;3
data/images/804b0991f4c64393ac3797975c3b4500.jpg;804b0991f4c64393ac3797975c3b4500.jpg;3
data/images/a43b9a1db9d84e769444321b84445890.jpg;a43b9a1db9d84e769444321b84445890.jpg;3
data/images/f40ab4e5696c4813b600a28b8278ed06.jpg;f40ab4e5696c4813b600a28b8278ed06.jpg;3
data/images/2a5f9f18a1db4a0b85898cc4ce93221a.jpg;2a5f9f18a1db4a0b85898cc4ce93221a.jpg;3
data/images/ccaffaf3e6ce40db8cb8c0f18dbbe7a6.jpg;ccaffaf3e6ce40db8cb8c0f18dbbe7a6.jpg;3
data/images/a6fd658eec774d679cee45e4680904aa.jpg;a6fd658eec774d679cee45e4680904aa.jpg;3
data/images/a5f514191bef4ef28aa3dadd6dd06673.jpg;a5f514191bef4ef28aa3dadd6dd06673.jpg;3
data/images/14725a2167bc4928b21369a256f60143.jpg;14725a2167bc4928b21369a256f60143.jpg;3
data/images/be99264d269341bcad942a656a0e77d5.jpg;be99264d269341bcad942a656a0e77d5.jpg;3
data/images/9e6ef49679e648c9a62980344c8489ef.jpg;9e6ef49679e648c9a62980344c8489ef.jpg;3
data/images/756a94bff33644e49f1bb1325d9ba8f7.jpg;756a94bff33644e49f1bb1325d9ba8f7.jpg;3
data/images/336214f2cde34cfbb26f7f12cac0b24e.jpg;336214f2cde34cfbb26f7f12cac0b24e.jpg;3
data/images/02fe4602bc474f3d8be9cd401f67069d.jpg;02fe4602bc474f3d8be9cd401f67069d.jpg;3
data/images/7b0ded98339c49d084738ffb62502ba0.jpg;7b0ded98339c49d084738ffb62502ba0.jpg;3
data/images/cf70f6854d364e10ba9dfd9d8e326c33.jpg;cf70f6854d364e10ba9dfd9d8e326c33.jpg;3
data/images/4207a7a55d914e999d168cf6f3e9a382.jpg;4207a7a55d914e999d168cf6f3e9a382.jpg;3
data/images/99b646dfd2be40a594f74b1f1e6bc92b.jpg;99b646dfd2be40a594f74b1f1e6bc92b.jpg;3
data/images/654844e0dd4742f88212d2f35da4d5bc.jpg;654844e0dd4742f88212d2f35da4d5bc.jpg;3
data/images/af049cf17cb94befa18cae3e842f010a.jpg;af049cf17cb94befa18cae3e842f010a.jpg;3
data/images/af09ed9d647347af87318f5692f1150b.jpg;af09ed9d647347af87318f5692f1150b.jpg;3
data/images/9ac4136cfe1449fa821fc804e57a68a3.jpg;9ac4136cfe1449fa821fc804e57a68a3.jpg;3
data/images/82e7328e5e0049e6a297b5facecdbda6.jpg;82e7328e5e0049e6a297b5facecdbda6.jpg;3
data/images/7693fe10b259466f8c71f8815887e903.jpg;7693fe10b259466f8c71f8815887e903.jpg;3
data/images/9cc8fb229ed34c838613de63716ca6b0.jpg;9cc8fb229ed34c838613de63716ca6b0.jpg;3
data/images/ae0b4f5d3d4044c08088c483b2555eb6.jpg;ae0b4f5d3d4044c08088c483b2555eb6.jpg;3
data/images/523e4813d90540968698675b3eb59483.jpg;523e4813d90540968698675b3eb59483.jpg;3
data/images/3377fc1898f8420fb578f762de821aae.jpg;3377fc1898f8420fb578f762de821aae.jpg;3
data/images/a93e1a6b9a604ee384eed1713ec19cba.jpg;a93e1a6b9a604ee384eed1713ec19cba.jpg;3
data/images/3f16cd1d1eea4cad84061383ece46e9e.jpg;3f16cd1d1eea4cad84061383ece46e9e.jpg;3
data/images/ff2faf8abd084710a697b1a96a85b68a.jpg;ff2faf8abd084710a697b1a96a85b68a.jpg;3
data/images/f496b431cc2e4e28b5b556ee581036aa.jpg;f496b431cc2e4e28b5b556ee581036aa.jpg;3
data/images/e7bcab92dee547f588d4bf449a4fee30.jpg;e7bcab92dee547f588d4bf449a4fee30.jpg;3
data/images/34357efc38464acea781c4cb30801bf9.jpg;34357efc38464acea781c4cb30801bf9.jpg;3
data/images/10a562c6243747328776372fe56836ef.jpg;10a562c6243747328776372fe56836ef.jpg;3
data/images/eb4b761b8a644417bf05ebbf433e2fd4.jpg;eb4b761b8a644417bf05ebbf433e2fd4.jpg;3
data/images/c617e59392a74fb78b8ec5bb0b550565.jpg;c617e59392a74fb78b8ec5bb0b550565.jpg;3
data/images/0aa34b8d427d45639b7626e0497ce6bd.jpg;0aa34b8d427d45639b7626e0497ce6bd.jpg;3
data/images/a7e7b1c725a442fe8c38bd00fbe1dc66.jpg;a7e7b1c725a442fe8c38bd00fbe1dc66.jpg;3
data/images/c7703581a3634beb996236ce5e8f95a5.jpg;c7703581a3634beb996236ce5e8f95a5.jpg;3
data/images/92e0f2faba1a40a78cb5953b8a785086.jpg;92e0f2faba1a40a78cb5953b8a785086.jpg;3
data/images/e7dab22e175b41d39c05efe1ba2197e0.jpg;e7dab22e175b41d39c05efe1ba2197e0.jpg;3
data/images/084bd7653e12416aa2ec83add79e98b1.jpg;084bd7653e12416aa2ec83add79e98b1.jpg;3
data/images/0fbfa89e98b44fe5bf0473a07d5de3d5.jpg;0fbfa89e98b44fe5bf0473a07d5de3d5.jpg;3
data/images/6413d6a7e040441db493b54c0bd08731.jpg;6413d6a7e040441db493b54c0bd08731.jpg;3
data/images/0fb2769dace04b14a8aaf9973bbe0da2.jpg;0fb2769dace04b14a8aaf9973bbe0da2.jpg;3
data/images/e1ecf670707f4ef68fd5ffb42ee8e242.jpg;e1ecf670707f4ef68fd5ffb42ee8e242.jpg;3
data/images/f3469b8578c045519befb6c819b63ac5.jpg;f3469b8578c045519befb6c819b63ac5.jpg;3
data/images/c3556e78d38b472a96293e40fe82e457.jpg;c3556e78d38b472a96293e40fe82e457.jpg;3
data/images/905163c9b5ee4b9ba76f3b170bad194e.jpg;905163c9b5ee4b9ba76f3b170bad194e.jpg;3
data/images/1e60088c8ca94f449703d42e067e63f4.jpg;1e60088c8ca94f449703d42e067e63f4.jpg;3
data/images/2c2610f829b24d31a5ee85d2feac21e2.jpg;2c2610f829b24d31a5ee85d2feac21e2.jpg;3
data/images/7ca57e29fff7462e9af317d0ffbc7b8f.jpg;7ca57e29fff7462e9af317d0ffbc7b8f.jpg;3
data/images/d29adc8d6142490784d9d685df3686e3.jpg;d29adc8d6142490784d9d685df3686e3.jpg;3
data/images/91fb3cbecfe34e06b672a0d3bde45ea1.jpg;91fb3cbecfe34e06b672a0d3bde45ea1.jpg;3
data/images/dfffdaeb4f3e4862ab7824ea177b6e8c.jpg;dfffdaeb4f3e4862ab7824ea177b6e8c.jpg;3
data/images/8d06b517f02f484db2e54ff3117c78a7.jpg;8d06b517f02f484db2e54ff3117c78a7.jpg;3
data/images/5804e4038415477d8d10e96a3de174b4.jpg;5804e4038415477d8d10e96a3de174b4.jpg;3
data/images/2c3e395440074ee2bf5d98ba160ca676.jpg;2c3e395440074ee2bf5d98ba160ca676.jpg;3
data/images/6de24853abb64cf7bb422d83ef36375e.jpg;6de24853abb64cf7bb422d83ef36375e.jpg;3
data/images/6234f9ec4868431298b721c9e29627b6.jpg;6234f9ec4868431298b721c9e29627b6.jpg;3
data/images/c1bb2a6bfc6f48ea80756c5567ff8440.jpg;c1bb2a6bfc6f48ea80756c5567ff8440.jpg;3
data/images/4a4073b1e4504a23abcecf87bdf8e577.jpg;4a4073b1e4504a23abcecf87bdf8e577.jpg;3
data/images/ecaef297d1ba4d838f9bac8aaa8bcbc1.jpg;ecaef297d1ba4d838f9bac8aaa8bcbc1.jpg;3
data/images/02d00fd82c2a4f0c8ef6fe823c22090b.jpg;02d00fd82c2a4f0c8ef6fe823c22090b.jpg;3
data/images/52ac0a0f636645d0af8ccc0c38cc597e.jpg;52ac0a0f636645d0af8ccc0c38cc597e.jpg;3
data/images/ccc016ac9a7f4be8a67f1154947769ab.jpg;ccc016ac9a7f4be8a67f1154947769ab.jpg;3
data/images/0869d6657d134ecf89bb7b41cd6d75f6.jpg;0869d6657d134ecf89bb7b41cd6d75f6.jpg;3
data/images/48e281a4c5a04802868822d219eba757.jpg;48e281a4c5a04802868822d219eba757.jpg;3
data/images/744bfc6c3fa74d41b17f66df36ac14cf.jpg;744bfc6c3fa74d41b17f66df36ac14cf.jpg;3
