tile_id,source_image_id,dataset_id,category,wafer_id,modality,split,label,image_path,mask_path,tile_x,tile_y,tile_size,stride,preprocess_id,support_eligible,demo_allowed
miic_partial_normal_test_normal_00001__x00000_y00000_s00448,miic_partial_normal_test_normal_00001,miic_partial,default,,SEM,test,good,data/dataverse_files_recovered/miic_partial_clean/normal/test_normal_00001.jpg,,0,0,448,448,rgb_repeat_v1,False,False
miic_partial_normal_test_normal_00002__x00000_y00000_s00448,miic_partial_normal_test_normal_00002,miic_partial,default,,SEM,train,good,data/dataverse_files_recovered/miic_partial_clean/normal/test_normal_00002.jpg,,0,0,448,448,rgb_repeat_v1,True,False
miic_partial_normal_test_normal_00003__x00000_y00000_s00448,miic_partial_normal_test_normal_00003,miic_partial,default,,SEM,train,good,data/dataverse_files_recovered/miic_partial_clean/normal/test_normal_00003.jpg,,0,0,448,448,rgb_repeat_v1,True,False
miic_partial_normal_test_normal_00004__x00000_y00000_s00448,miic_partial_normal_test_normal_00004,miic_partial,default,,SEM,test,good,data/dataverse_files_recovered/miic_partial_clean/normal/test_normal_00004.jpg,,0,0,448,448,rgb_repeat_v1,False,False
miic_partial_normal_test_normal_00005__x00000_y00000_s00448,miic_partial_normal_test_normal_00005,miic_partial,default,,SEM,train,good,data/dataverse_files_recovered/miic_partial_clean/normal/test_normal_00005.jpg,,0,0,448,448,rgb_repeat_v1,True,False
miic_partial_normal_test_normal_00006__x00000_y00000_s00448,miic_partial_normal_test_normal_00006,miic_partial,default,,SEM,train,good,data/dataverse_files_recovered/miic_partial_clean/normal/test_normal_00006.jpg,,0,0,448,448,rgb_repeat_v1,True,False
miic_partial_normal_test_normal_00007__x00000_y00000_s00448,miic_partial_normal_test_normal_00007,miic_partial,default,,SEM,test,good,data/dataverse_files_recovered/miic_partial_clean/normal/test_normal_00007.jpg,,0,0,448,448,rgb_repeat_v1,False,False
miic_partial_normal_test_normal_00008__x00000_y00000_s00448,miic_partial_normal_test_normal_00008,miic_partial,default,,SEM,test,good,data/dataverse_files_recovered/miic_partial_clean/normal/test_normal_00008.jpg,,0,0,448,448,rgb_repeat_v1,False,False
miic_partial_normal_test_normal_00009__x00000_y00000_s00448,miic_partial_normal_test_normal_00009,miic_partial,default,,SEM,train,good,data/dataverse_files_recovered/miic_partial_clean/normal/test_normal_00009.jpg,,0,0,448,448,rgb_repeat_v1,True,False
miic_partial_normal_test_normal_00010__x00000_y00000_s00448,miic_partial_normal_test_normal_00010,miic_partial,default,,SEM,validation,good,data/dataverse_files_recovered/miic_partial_clean/normal/test_normal_00010.jpg,,0,0,448,448,rgb_repeat_v1,False,False
miic_partial_normal_test_normal_00011__x00000_y00000_s00448,miic_partial_normal_test_normal_00011,miic_partial,default,,SEM,validation,good,data/dataverse_files_recovered/miic_partial_clean/normal/test_normal_00011.jpg,,0,0,448,448,rgb_repeat_v1,False,False
miic_partial_normal_test_normal_00012__x00000_y00000_s00448,miic_partial_normal_test_normal_00012,miic_partial,default,,SEM,test,good,data/dataverse_files_recovered/miic_partial_clean/normal/test_normal_00012.jpg,,0,0,448,448,rgb_repeat_v1,False,False
miic_partial_normal_test_normal_00013__x00000_y00000_s00448,miic_partial_normal_test_normal_00013,miic_partial,default,,SEM,test,good,data/dataverse_files_recovered/miic_partial_clean/normal/test_normal_00013.jpg,,0,0,448,448,rgb_repeat_v1,False,False
miic_partial_normal_test_normal_00014__x00000_y00000_s00448,miic_partial_normal_test_normal_00014,miic_partial,default,,SEM,train,good,data/dataverse_files_recovered/miic_partial_clean/normal/test_normal_00014.jpg,,0,0,448,448,rgb_repeat_v1,True,False
miic_partial_normal_test_normal_00015__x00000_y00000_s00448,miic_partial_normal_test_normal_00015,miic_partial,default,,SEM,validation,good,data/dataverse_files_recovered/miic_partial_clean/normal/test_normal_00015.jpg,,0,0,448,448,rgb_repeat_v1,False,False
miic_partial_normal_test_normal_00016__x00000_y00000_s00448,miic_partial_normal_test_normal_00016,miic_partial,default,,SEM,validation,good,data/dataverse_files_recovered/miic_partial_clean/normal/test_normal_00016.jpg,,0,0,448,448,rgb_repeat_v1,False,False
miic_partial_normal_test_normal_00017__x00000_y00000_s00448,miic_partial_normal_test_normal_00017,miic_partial,default,,SEM,train,good,data/dataverse_files_recovered/miic_partial_clean/normal/test_normal_00017.jpg,,0,0,448,448,rgb_repeat_v1,True,False
miic_partial_normal_test_normal_00018__x00000_y00000_s00448,miic_partial_normal_test_normal_00018,miic_partial,default,,SEM,test,good,data/dataverse_files_recovered/miic_partial_clean/normal/test_normal_00018.jpg,,0,0,448,448,rgb_repeat_v1,False,False
miic_partial_normal_test_normal_00019__x00000_y00000_s00448,miic_partial_normal_test_normal_00019,miic_partial,default,,SEM,train,good,data/dataverse_files_recovered/miic_partial_clean/normal/test_normal_00019.jpg,,0,0,448,448,rgb_repeat_v1,True,False
miic_partial_normal_test_normal_00020__x00000_y00000_s00448,miic_partial_normal_test_normal_00020,miic_partial,default,,SEM,train,good,data/dataverse_files_recovered/miic_partial_clean/normal/test_normal_00020.jpg,,0,0,448,448,rgb_repeat_v1,True,False
miic_partial_normal_test_normal_00021__x00000_y00000_s00448,miic_partial_normal_test_normal_00021,miic_partial,default,,SEM,train,good,data/dataverse_files_recovered/miic_partial_clean/normal/test_normal_00021.jpg,,0,0,448,448,rgb_repeat_v1,True,False
miic_partial_normal_test_normal_00022__x00000_y00000_s00448,miic_partial_normal_test_normal_00022,miic_partial,default,,SEM,validation,good,data/dataverse_files_recovered/miic_partial_clean/normal/test_normal_00022.jpg,,0,0,448,448,rgb_repeat_v1,False,False
miic_partial_normal_test_normal_00023__x00000_y00000_s00448,miic_partial_normal_test_normal_00023,miic_partial,default,,SEM,train,good,data/dataverse_files_recovered/miic_partial_clean/normal/test_normal_00023.jpg,,0,0,448,448,rgb_repeat_v1,True,False
miic_partial_normal_test_normal_00024__x00000_y00000_s00448,miic_partial_normal_test_normal_00024,miic_partial,default,,SEM,test,good,data/dataverse_files_recovered/miic_partial_clean/normal/test_normal_00024.jpg,,0,0,448,448,rgb_repeat_v1,False,False
miic_partial_normal_test_normal_00025__x00000_y00000_s00448,miic_partial_normal_test_normal_00025,miic_partial,default,,SEM,train,good,data/dataverse_files_recovered/miic_partial_clean/normal/test_normal_00025.jpg,,0,0,448,448,rgb_repeat_v1,True,False
miic_partial_normal_test_normal_00026__x00000_y00000_s00448,miic_partial_normal_test_normal_00026,miic_partial,default,,SEM,validation,good,data/dataverse_files_recovered/miic_partial_clean/normal/test_normal_00026.jpg,,0,0,448,448,rgb_repeat_v1,False,False
miic_partial_normal_test_normal_00027__x00000_y00000_s00448,miic_partial_normal_test_normal_00027,miic_partial,default,,SEM,validation,good,data/dataverse_files_recovered/miic_partial_clean/normal/test_normal_00027.jpg,,0,0,448,448,rgb_repeat_v1,False,False
miic_partial_normal_test_normal_00028__x00000_y00000_s00448,miic_partial_normal_test_normal_00028,miic_partial,default,,SEM,test,good,data/dataverse_files_recovered/miic_partial_clean/normal/test_normal_00028.jpg,,0,0,448,448,rgb_repeat_v1,False,False
miic_partial_normal_test_normal_00029__x00000_y00000_s00448,miic_partial_normal_test_normal_00029,miic_partial,default,,SEM,train,good,data/dataverse_files_recovered/miic_partial_clean/normal/test_normal_00029.jpg,,0,0,448,448,rgb_repeat_v1,True,False
miic_partial_normal_test_normal_00030__x00000_y00000_s00448,miic_partial_normal_test_normal_00030,miic_partial,default,,SEM,validation,good,data/dataverse_files_recovered/miic_partial_clean/normal/test_normal_00030.jpg,,0,0,448,448,rgb_repeat_v1,False,False
miic_partial_normal_test_normal_00031__x00000_y00000_s00448,miic_partial_normal_test_normal_00031,miic_partial,default,,SEM,validation,good,data/dataverse_files_recovered/miic_partial_clean/normal/test_normal_00031.jpg,,0,0,448,448,rgb_repeat_v1,False,False
miic_partial_normal_test_normal_00032__x00000_y00000_s00448,miic_partial_normal_test_normal_00032,miic_partial,default,,SEM,test,good,data/dataverse_files_recovered/miic_partial_clean/normal/test_normal_00032.jpg,,0,0,448,448,rgb_repeat_v1,False,False
miic_partial_normal_test_normal_00033__x00000_y00000_s00448,miic_partial_normal_test_normal_00033,miic_partial,default,,SEM,train,good,data/dataverse_files_recovered/miic_partial_clean/normal/test_normal_00033.jpg,,0,0,448,448,rgb_repeat_v1,True,False
miic_partial_normal_test_normal_00034__x00000_y00000_s00448,miic_partial_normal_test_normal_00034,miic_partial,default,,SEM,train,good,data/dataverse_files_recovered/miic_partial_clean/normal/test_normal_00034.jpg,,0,0,448,448,rgb_repeat_v1,True,False
miic_partial_normal_test_normal_00035__x00000_y00000_s00448,miic_partial_normal_test_normal_00035,miic_partial,default,,SEM,validation,good,data/dataverse_files_recovered/miic_partial_clean/normal/test_normal_00035.jpg,,0,0,448,448,rgb_repeat_v1,False,False
miic_partial_normal_test_normal_00036__x00000_y00000_s00448,miic_partial_normal_test_normal_00036,miic_partial,default,,SEM,train,good,data/dataverse_files_recovered/miic_partial_clean/normal/test_normal_00036.jpg,,0,0,448,448,rgb_repeat_v1,True,False
miic_partial_normal_test_normal_00037__x00000_y00000_s00448,miic_partial_normal_test_normal_00037,miic_partial,default,,SEM,train,good,data/dataverse_files_recovered/miic_partial_clean/normal/test_normal_00037.jpg,,0,0,448,448,rgb_repeat_v1,True,False
miic_partial_normal_test_normal_00038__x00000_y00000_s00448,miic_partial_normal_test_normal_00038,miic_partial,default,,SEM,train,good,data/dataverse_files_recovered/miic_partial_clean/normal/test_normal_00038.jpg,,0,0,448,448,rgb_repeat_v1,True,False
miic_partial_normal_test_normal_00039__x00000_y00000_s00448,miic_partial_normal_test_normal_00039,miic_partial,default,,SEM,validation,good,data/dataverse_files_recovered/miic_partial_clean/normal/test_normal_00039.jpg,,0,0,448,448,rgb_repeat_v1,False,False
miic_partial_normal_test_normal_00040__x00000_y00000_s00448,miic_partial_normal_test_normal_00040,miic_partial,default,,SEM,test,good,data/dataverse_files_recovered/miic_partial_clean/normal/test_normal_00040.jpg,,0,0,448,448,rgb_repeat_v1,False,False
miic_partial_normal_test_normal_00041__x00000_y00000_s00448,miic_partial_normal_test_normal_00041,miic_partial,default,,SEM,validation,good,data/dataverse_files_recovered/miic_partial_clean/normal/test_normal_00041.jpg,,0,0,448,448,rgb_repeat_v1,False,False
miic_partial_normal_test_normal_00042__x00000_y00000_s00448,miic_partial_normal_test_normal_00042,miic_partial,default,,SEM,validation,good,data/dataverse_files_recovered/miic_partial_clean/normal/test_normal_00042.jpg,,0,0,448,448,rgb_repeat_v1,False,False
miic_partial_normal_test_normal_00043__x00000_y00000_s00448,miic_partial_normal_test_normal_00043,miic_partial,default,,SEM,test,good,data/dataverse_files_recovered/miic_partial_clean/normal/test_normal_00043.jpg,,0,0,448,448,rgb_repeat_v1,False,False
miic_partial_normal_test_normal_00044__x00000_y00000_s00448,miic_partial_normal_test_normal_00044,miic_partial,default,,SEM,train,good,data/dataverse_files_recovered/miic_partial_clean/normal/test_normal_00044.jpg,,0,0,448,448,rgb_repeat_v1,True,False
miic_partial_normal_test_normal_00045__x00000_y00000_s00448,miic_partial_normal_test_normal_00045,miic_partial,default,,SEM,train,good,data/dataverse_files_recovered/miic_partial_clean/normal/test_normal_00045.jpg,,0,0,448,448,rgb_repeat_v1,True,False
miic_partial_normal_test_normal_00046__x00000_y00000_s00448,miic_partial_normal_test_normal_00046,miic_partial,default,,SEM,validation,good,data/dataverse_files_recovered/miic_partial_clean/normal/test_normal_00046.jpg,,0,0,448,448,rgb_repeat_v1,False,False
miic_partial_normal_test_normal_00047__x00000_y00000_s00448,miic_partial_normal_test_normal_00047,miic_partial,default,,SEM,validation,good,data/dataverse_files_recovered/miic_partial_clean/normal/test_normal_00047.jpg,,0,0,448,448,rgb_repeat_v1,False,False
miic_partial_normal_test_normal_00048__x00000_y00000_s00448,miic_partial_normal_test_normal_00048,miic_partial,default,,SEM,validation,good,data/dataverse_files_recovered/miic_partial_clean/normal/test_normal_00048.jpg,,0,0,448,448,rgb_repeat_v1,False,False
miic_partial_normal_test_normal_00049__x00000_y00000_s00448,miic_partial_normal_test_normal_00049,miic_partial,default,,SEM,test,good,data/dataverse_files_recovered/miic_partial_clean/normal/test_normal_00049.jpg,,0,0,448,448,rgb_repeat_v1,False,False
miic_partial_normal_test_normal_00050__x00000_y00000_s00448,miic_partial_normal_test_normal_00050,miic_partial,default,,SEM,train,good,data/dataverse_files_recovered/miic_partial_clean/normal/test_normal_00050.jpg,,0,0,448,448,rgb_repeat_v1,True,False
miic_partial_normal_test_normal_00051__x00000_y00000_s00448,miic_partial_normal_test_normal_00051,miic_partial,default,,SEM,test,good,data/dataverse_files_recovered/miic_partial_clean/normal/test_normal_00051.jpg,,0,0,448,448,rgb_repeat_v1,False,False
miic_partial_normal_test_normal_00052__x00000_y00000_s00448,miic_partial_normal_test_normal_00052,miic_partial,default,,SEM,validation,good,data/dataverse_files_recovered/miic_partial_clean/normal/test_normal_00052.jpg,,0,0,448,448,rgb_repeat_v1,False,False
miic_partial_normal_test_normal_00053__x00000_y00000_s00448,miic_partial_normal_test_normal_00053,miic_partial,default,,SEM,validation,good,data/dataverse_files_recovered/miic_partial_clean/normal/test_normal_00053.jpg,,0,0,448,448,rgb_repeat_v1,False,False
miic_partial_normal_test_normal_00054__x00000_y00000_s00448,miic_partial_normal_test_normal_00054,miic_partial,default,,SEM,train,good,data/dataverse_files_recovered/miic_partial_clean/normal/test_normal_00054.jpg,,0,0,448,448,rgb_repeat_v1,True,False
miic_partial_normal_test_normal_00055__x00000_y00000_s00448,miic_partial_normal_test_normal_00055,miic_partial,default,,SEM,validation,good,data/dataverse_files_recovered/miic_partial_clean/normal/test_normal_00055.jpg,,0,0,448,448,rgb_repeat_v1,False,False
miic_partial_normal_test_normal_00056__x00000_y00000_s00448,miic_partial_normal_test_normal_00056,miic_partial,default,,SEM,test,good,data/dataverse_files_recovered/miic_partial_clean/normal/test_normal_00056.jpg,,0,0,448,448,rgb_repeat_v1,False,False
miic_partial_normal_test_normal_00057__x00000_y00000_s00448,miic_partial_normal_test_normal_00057,miic_partial,default,,SEM,train,good,data/dataverse_files_recovered/miic_partial_clean/normal/test_normal_00057.jpg,,0,0,448,448,rgb_repeat_v1,True,False
miic_partial_normal_test_normal_00058__x00000_y00000_s00448,miic_partial_normal_test_normal_00058,miic_partial,default,,SEM,train,good,data/dataverse_files_recovered/miic_partial_clean/normal/test_normal_00058.jpg,,0,0,448,448,rgb_repeat_v1,True,False
miic_partial_normal_test_normal_00059__x00000_y00000_s00448,miic_partial_normal_test_normal_00059,miic_partial,default,,SEM,validation,good,data/dataverse_files_recovered/miic_partial_clean/normal/test_normal_00059.jpg,,0,0,448,448,rgb_repeat_v1,False,False
miic_partial_normal_test_normal_00060__x00000_y00000_s00448,miic_partial_normal_test_normal_00060,miic_partial,default,,SEM,train,good,data/dataverse_files_recovered/miic_partial_clean/normal/test_normal_00060.jpg,,0,0,448,448,rgb_repeat_v1,True,False
miic_partial_normal_test_normal_00061__x00000_y00000_s00448,miic_partial_normal_test_normal_00061,miic_partial,default,,SEM,train,good,data/dataverse_files_recovered/miic_partial_clean/normal/test_normal_00061.jpg,,0,0,448,448,rgb_repeat_v1,True,False
miic_partial_normal_test_normal_00062__x00000_y00000_s00448,miic_partial_normal_test_normal_00062,miic_partial,default,,SEM,validation,good,data/dataverse_files_recovered/miic_partial_clean/normal/test_normal_00062.jpg,,0,0,448,448,rgb_repeat_v1,False,False
miic_partial_normal_test_normal_00063__x00000_y00000_s00448,miic_partial_normal_test_normal_00063,miic_partial,default,,SEM,test,good,data/dataverse_files_recovered/miic_partial_clean/normal/test_normal_00063.jpg,,0,0,448,448,rgb_repeat_v1,False,False
miic_partial_normal_test_normal_00064__x00000_y00000_s00448,miic_partial_normal_test_normal_00064,miic_partial,default,,SEM,validation,good,data/dataverse_files_recovered/miic_partial_clean/normal/test_normal_00064.jpg,,0,0,448,448,rgb_repeat_v1,False,False
miic_partial_normal_test_normal_00065__x00000_y00000_s00448,miic_partial_normal_test_normal_00065,miic_partial,default,,SEM,train,good,data/dataverse_files_recovered/miic_partial_clean/normal/test_normal_00065.jpg,,0,0,448,448,rgb_repeat_v1,True,False
miic_partial_normal_test_normal_00066__x00000_y00000_s00448,miic_partial_normal_test_normal_00066,miic_partial,default,,SEM,train,good,data/dataverse_files_recovered/miic_partial_clean/normal/test_normal_00066.jpg,,0,0,448,448,rgb_repeat_v1,True,False
miic_partial_normal_test_normal_00067__x00000_y00000_s00448,miic_partial_normal_test_normal_00067,miic_partial,default,,SEM,train,good,data/dataverse_files_recovered/miic_partial_clean/normal/test_normal_00067.jpg,,0,0,448,448,rgb_repeat_v1,True,False
miic_partial_normal_test_normal_00068__x00000_y00000_s00448,miic_partial_normal_test_normal_00068,miic_partial,default,,SEM,train,good,data/dataverse_files_recovered/miic_partial_clean/normal/test_normal_00068.jpg,,0,0,448,448,rgb_repeat_v1,True,False
miic_partial_normal_test_normal_00069__x00000_y00000_s00448,miic_partial_normal_test_normal_00069,miic_partial,default,,SEM,train,good,data/dataverse_files_recovered/miic_partial_clean/normal/test_normal_00069.jpg,,0,0,448,448,rgb_repeat_v1,True,False
miic_partial_normal_test_normal_00070__x00000_y00000_s00448,miic_partial_normal_test_normal_00070,miic_partial,default,,SEM,validation,good,data/dataverse_files_recovered/miic_partial_clean/normal/test_normal_00070.jpg,,0,0,448,448,rgb_repeat_v1,False,False
miic_partial_normal_test_normal_00071__x00000_y00000_s00448,miic_partial_normal_test_normal_00071,miic_partial,default,,SEM,train,good,data/dataverse_files_recovered/miic_partial_clean/normal/test_normal_00071.jpg,,0,0,448,448,rgb_repeat_v1,True,False
miic_partial_normal_test_normal_00072__x00000_y00000_s00448,miic_partial_normal_test_normal_00072,miic_partial,default,,SEM,test,good,data/dataverse_files_recovered/miic_partial_clean/normal/test_normal_00072.jpg,,0,0,448,448,rgb_repeat_v1,False,False
miic_partial_normal_test_normal_00073__x00000_y00000_s00448,miic_partial_normal_test_normal_00073,miic_partial,default,,SEM,validation,good,data/dataverse_files_recovered/miic_partial_clean/normal/test_normal_00073.jpg,,0,0,448,448,rgb_repeat_v1,False,False
miic_partial_normal_test_normal_00074__x00000_y00000_s00448,miic_partial_normal_test_normal_00074,miic_partial,default,,SEM,train,good,data/dataverse_files_recovered/miic_partial_clean/normal/test_normal_00074.jpg,,0,0,448,448,rgb_repeat_v1,True,False
miic_partial_normal_test_normal_00075__x00000_y00000_s00448,miic_partial_normal_test_normal_00075,miic_partial,default,,SEM,test,good,data/dataverse_files_recovered/miic_partial_clean/normal/test_normal_00075.jpg,,0,0,448,448,rgb_repeat_v1,False,False
miic_partial_normal_test_normal_00076__x00000_y00000_s00448,miic_partial_normal_test_normal_00076,miic_partial,default,,SEM,train,good,data/dataverse_files_recovered/miic_partial_clean/normal/test_normal_00076.jpg,,0,0,448,448,rgb_repeat_v1,True,False
miic_partial_normal_test_normal_00077__x00000_y00000_s00448,miic_partial_normal_test_normal_00077,miic_partial,default,,SEM,test,good,data/dataverse_files_recovered/miic_partial_clean/normal/test_normal_00077.jpg,,0,0,448,448,rgb_repeat_v1,False,False
miic_partial_normal_test_normal_00078__x00000_y00000_s00448,miic_partial_normal_test_normal_00078,miic_partial,default,,SEM,train,good,data/dataverse_files_recovered/miic_partial_clean/normal/test_normal_00078.jpg,,0,0,448,448,rgb_repeat_v1,True,False
miic_partial_normal_test_normal_00079__x00000_y00000_s00448,miic_partial_normal_test_normal_00079,miic_partial,default,,SEM,validation,good,data/dataverse_files_recovered/miic_partial_clean/normal/test_normal_00079.jpg,,0,0,448,448,rgb_repeat_v1,False,False
miic_partial_normal_test_normal_00080__x00000_y00000_s00448,miic_partial_normal_test_normal_00080,miic_partial,default,,SEM,validation,good,data/dataverse_files_recovered/miic_partial_clean/normal/test_normal_00080.jpg,,0,0,448,448,rgb_repeat_v1,False,False
miic_partial_normal_test_normal_00081__x00000_y00000_s00448,miic_partial_normal_test_normal_00081,miic_partial,default,,SEM,validation,good,data/dataverse_files_recovered/miic_partial_clean/normal/test_normal_00081.jpg,,0,0,448,448,rgb_repeat_v1,False,False
miic_partial_normal_test_normal_00082__x00000_y00000_s00448,miic_partial_normal_test_normal_00082,miic_partial,default,,SEM,test,good,data/dataverse_files_recovered/miic_partial_clean/normal/test_normal_00082.jpg,,0,0,448,448,rgb_repeat_v1,False,False
miic_partial_normal_test_normal_00083__x00000_y00000_s00448,miic_partial_normal_test_normal_00083,miic_partial,default,,SEM,train,good,data/dataverse_files_recovered/miic_partial_clean/normal/test_normal_00083.jpg,,0,0,448,448,rgb_repeat_v1,True,False
miic_partial_normal_test_normal_00084__x00000_y00000_s00448,miic_partial_normal_test_normal_00084,miic_partial,default,,SEM,test,good,data/dataverse_files_recovered/miic_partial_clean/normal/test_normal_00084.jpg,,0,0,448,448,rgb_repeat_v1,False,False
miic_partial_normal_test_normal_00085__x00000_y00000_s00448,miic_partial_normal_test_normal_00085,miic_partial,default,,SEM,test,good,data/dataverse_files_recovered/miic_partial_clean/normal/test_normal_00085.jpg,,0,0,448,448,rgb_repeat_v1,False,False
miic_partial_normal_test_normal_00086__x00000_y00000_s00448,miic_partial_normal_test_normal_00086,miic_partial,default,,SEM,train,good,data/dataverse_files_recovered/miic_partial_clean/normal/test_normal_00086.jpg,,0,0,448,448,rgb_repeat_v1,True,False
miic_partial_normal_test_normal_00087__x00000_y00000_s00448,miic_partial_normal_test_normal_00087,miic_partial,default,,SEM,train,good,data/dataverse_files_recovered/miic_partial_clean/normal/test_normal_00087.jpg,,0,0,448,448,rgb_repeat_v1,True,False
miic_partial_normal_test_normal_00088__x00000_y00000_s00448,miic_partial_normal_test_normal_00088,miic_partial,default,,SEM,test,good,data/dataverse_files_recovered/miic_partial_clean/normal/test_normal_00088.jpg,,0,0,448,448,rgb_repeat_v1,False,False
miic_partial_normal_test_normal_00089__x00000_y00000_s00448,miic_partial_normal_test_normal_00089,miic_partial,default,,SEM,train,good,data/dataverse_files_recovered/miic_partial_clean/normal/test_normal_00089.jpg,,0,0,448,448,rgb_repeat_v1,True,False
miic_partial_normal_test_normal_00090__x00000_y00000_s00448,miic_partial_normal_test_normal_00090,miic_partial,default,,SEM,test,good,data/dataverse_files_recovered/miic_partial_clean/normal/test_normal_00090.jpg,,0,0,448,448,rgb_repeat_v1,False,False
miic_partial_normal_test_normal_00091__x00000_y00000_s00448,miic_partial_normal_test_normal_00091,miic_partial,default,,SEM,test,good,data/dataverse_files_recovered/miic_partial_clean/normal/test_normal_00091.jpg,,0,0,448,448,rgb_repeat_v1,False,False
miic_partial_normal_test_normal_00092__x00000_y00000_s00448,miic_partial_normal_test_normal_00092,miic_partial,default,,SEM,train,good,data/dataverse_files_recovered/miic_partial_clean/normal/test_normal_00092.jpg,,0,0,448,448,rgb_repeat_v1,True,False
miic_partial_normal_test_normal_00093__x00000_y00000_s00448,miic_partial_normal_test_normal_00093,miic_partial,default,,SEM,train,good,data/dataverse_files_recovered/miic_partial_clean/normal/test_normal_00093.jpg,,0,0,448,448,rgb_repeat_v1,True,False
miic_partial_normal_test_normal_00094__x00000_y00000_s00448,miic_partial_normal_test_normal_00094,miic_partial,default,,SEM,train,good,data/dataverse_files_recovered/miic_partial_clean/normal/test_normal_00094.jpg,,0,0,448,448,rgb_repeat_v1,True,False
miic_partial_normal_test_normal_00095__x00000_y00000_s00448,miic_partial_normal_test_normal_00095,miic_partial,default,,SEM,test,good,data/dataverse_files_recovered/miic_partial_clean/normal/test_normal_00095.jpg,,0,0,448,448,rgb_repeat_v1,False,False
miic_partial_normal_test_normal_00096__x00000_y00000_s00448,miic_partial_normal_test_normal_00096,miic_partial,default,,SEM,validation,good,data/dataverse_files_recovered/miic_partial_clean/normal/test_normal_00096.jpg,,0,0,448,448,rgb_repeat_v1,False,False
miic_partial_normal_test_normal_00097__x00000_y00000_s00448,miic_partial_normal_test_normal_00097,miic_partial,default,,SEM,test,good,data/dataverse_files_recovered/miic_partial_clean/normal/test_normal_00097.jpg,,0,0,448,448,rgb_repeat_v1,False,False
miic_partial_normal_test_normal_00098__x00000_y00000_s00448,miic_partial_normal_test_normal_00098,miic_partial,default,,SEM,test,good,data/dataverse_files_recovered/miic_partial_clean/normal/test_normal_00098.jpg,,0,0,448,448,rgb_repeat_v1,False,False
miic_partial_normal_test_normal_00099__x00000_y00000_s00448,miic_partial_normal_test_normal_00099,miic_partial,default,,SEM,train,good,data/dataverse_files_recovered/miic_partial_clean/normal/test_normal_00099.jpg,,0,0,448,448,rgb_repeat_v1,True,False
miic_partial_normal_test_normal_00100__x00000_y00000_s00448,miic_partial_normal_test_normal_00100,miic_partial,default,,SEM,validation,good,data/dataverse_files_recovered/miic_partial_clean/normal/test_normal_00100.jpg,,0,0,448,448,rgb_repeat_v1,False,False
miic_partial_normal_test_normal_00101__x00000_y00000_s00448,miic_partial_normal_test_normal_00101,miic_partial,default,,SEM,train,good,data/dataverse_files_recovered/miic_partial_clean/normal/test_normal_00101.jpg,,0,0,448,448,rgb_repeat_v1,True,False
miic_partial_normal_test_normal_00102__x00000_y00000_s00448,miic_partial_normal_test_normal_00102,miic_partial,default,,SEM,validation,good,data/dataverse_files_recovered/miic_partial_clean/normal/test_normal_00102.jpg,,0,0,448,448,rgb_repeat_v1,False,False
miic_partial_normal_test_normal_00103__x00000_y00000_s00448,miic_partial_normal_test_normal_00103,miic_partial,default,,SEM,test,good,data/dataverse_files_recovered/miic_partial_clean/normal/test_normal_00103.jpg,,0,0,448,448,rgb_repeat_v1,False,False
miic_partial_normal_test_normal_00104__x00000_y00000_s00448,miic_partial_normal_test_normal_00104,miic_partial,default,,SEM,train,good,data/dataverse_files_recovered/miic_partial_clean/normal/test_normal_00104.jpg,,0,0,448,448,rgb_repeat_v1,True,False
miic_partial_normal_test_normal_00105__x00000_y00000_s00448,miic_partial_normal_test_normal_00105,miic_partial,default,,SEM,train,good,data/dataverse_files_recovered/miic_partial_clean/normal/test_normal_00105.jpg,,0,0,448,448,rgb_repeat_v1,True,False
miic_partial_normal_test_normal_00106__x00000_y00000_s00448,miic_partial_normal_test_normal_00106,miic_partial,default,,SEM,validation,good,data/dataverse_files_recovered/miic_partial_clean/normal/test_normal_00106.jpg,,0,0,448,448,rgb_repeat_v1,False,False
miic_partial_normal_test_normal_00107__x00000_y00000_s00448,miic_partial_normal_test_normal_00107,miic_partial,default,,SEM,train,good,data/dataverse_files_recovered/miic_partial_clean/normal/test_normal_00107.jpg,,0,0,448,448,rgb_repeat_v1,True,False
miic_partial_normal_test_normal_00108__x00000_y00000_s00448,miic_partial_normal_test_normal_00108,miic_partial,default,,SEM,validation,good,data/dataverse_files_recovered/miic_partial_clean/normal/test_normal_00108.jpg,,0,0,448,448,rgb_repeat_v1,False,False
miic_partial_normal_test_normal_00109__x00000_y00000_s00448,miic_partial_normal_test_normal_00109,miic_partial,default,,SEM,train,good,data/dataverse_files_recovered/miic_partial_clean/normal/test_normal_00109.jpg,,0,0,448,448,rgb_repeat_v1,True,False
miic_partial_normal_test_normal_00110__x00000_y00000_s00448,miic_partial_normal_test_normal_00110,miic_partial,default,,SEM,train,good,data/dataverse_files_recovered/miic_partial_clean/normal/test_normal_00110.jpg,,0,0,448,448,rgb_repeat_v1,True,False
miic_partial_normal_test_normal_00111__x00000_y00000_s00448,miic_partial_normal_test_normal_00111,miic_partial,default,,SEM,train,good,data/dataverse_files_recovered/miic_partial_clean/normal/test_normal_00111.jpg,,0,0,448,448,rgb_repeat_v1,True,False
miic_partial_normal_test_normal_00112__x00000_y00000_s00448,miic_partial_normal_test_normal_00112,miic_partial,default,,SEM,validation,good,data/dataverse_files_recovered/miic_partial_clean/normal/test_normal_00112.jpg,,0,0,448,448,rgb_repeat_v1,False,False
miic_partial_normal_test_normal_00113__x00000_y00000_s00448,miic_partial_normal_test_normal_00113,miic_partial,default,,SEM,test,good,data/dataverse_files_recovered/miic_partial_clean/normal/test_normal_00113.jpg,,0,0,448,448,rgb_repeat_v1,False,False
miic_partial_normal_test_normal_00114__x00000_y00000_s00448,miic_partial_normal_test_normal_00114,miic_partial,default,,SEM,validation,good,data/dataverse_files_recovered/miic_partial_clean/normal/test_normal_00114.jpg,,0,0,448,448,rgb_repeat_v1,False,False
miic_partial_normal_test_normal_00115__x00000_y00000_s00448,miic_partial_normal_test_normal_00115,miic_partial,default,,SEM,validation,good,data/dataverse_files_recovered/miic_partial_clean/normal/test_normal_00115.jpg,,0,0,448,448,rgb_repeat_v1,False,False
miic_partial_normal_test_normal_00116__x00000_y00000_s00448,miic_partial_normal_test_normal_00116,miic_partial,default,,SEM,train,good,data/dataverse_files_recovered/miic_partial_clean/normal/test_normal_00116.jpg,,0,0,448,448,rgb_repeat_v1,True,False
miic_partial_normal_test_normal_00117__x00000_y00000_s00448,miic_partial_normal_test_normal_00117,miic_partial,default,,SEM,validation,good,data/dataverse_files_recovered/miic_partial_clean/normal/test_normal_00117.jpg,,0,0,448,448,rgb_repeat_v1,False,False
miic_partial_normal_test_normal_00118__x00000_y00000_s00448,miic_partial_normal_test_normal_00118,miic_partial,default,,SEM,validation,good,data/dataverse_files_recovered/miic_partial_clean/normal/test_normal_00118.jpg,,0,0,448,448,rgb_repeat_v1,False,False
miic_partial_normal_test_normal_00119__x00000_y00000_s00448,miic_partial_normal_test_normal_00119,miic_partial,default,,SEM,test,good,data/dataverse_files_recovered/miic_partial_clean/normal/test_normal_00119.jpg,,0,0,448,448,rgb_repeat_v1,False,False
miic_partial_normal_test_normal_00120__x00000_y00000_s00448,miic_partial_normal_test_normal_00120,miic_partial,default,,SEM,train,good,data/dataverse_files_recovered/miic_partial_clean/normal/test_normal_00120.jpg,,0,0,448,448,rgb_repeat_v1,True,False
miic_partial_normal_test_normal_00121__x00000_y00000_s00448,miic_partial_normal_test_normal_00121,miic_partial,default,,SEM,test,good,data/dataverse_files_recovered/miic_partial_clean/normal/test_normal_00121.jpg,,0,0,448,448,rgb_repeat_v1,False,False
miic_partial_normal_test_normal_00122__x00000_y00000_s00448,miic_partial_normal_test_normal_00122,miic_partial,default,,SEM,train,good,data/dataverse_files_recovered/miic_partial_clean/normal/test_normal_00122.jpg,,0,0,448,448,rgb_repeat_v1,True,False
miic_partial_normal_test_normal_00123__x00000_y00000_s00448,miic_partial_normal_test_normal_00123,miic_partial,default,,SEM,validation,good,data/dataverse_files_recovered/miic_partial_clean/normal/test_normal_00123.jpg,,0,0,448,448,rgb_repeat_v1,False,False
miic_partial_normal_test_normal_00124__x00000_y00000_s00448,miic_partial_normal_test_normal_00124,miic_partial,default,,SEM,test,good,data/dataverse_files_recovered/miic_partial_clean/normal/test_normal_00124.jpg,,0,0,448,448,rgb_repeat_v1,False,False
miic_partial_normal_test_normal_00125__x00000_y00000_s00448,miic_partial_normal_test_normal_00125,miic_partial,default,,SEM,train,good,data/dataverse_files_recovered/miic_partial_clean/normal/test_normal_00125.jpg,,0,0,448,448,rgb_repeat_v1,True,False
miic_partial_normal_test_normal_00126__x00000_y00000_s00448,miic_partial_normal_test_normal_00126,miic_partial,default,,SEM,train,good,data/dataverse_files_recovered/miic_partial_clean/normal/test_normal_00126.jpg,,0,0,448,448,rgb_repeat_v1,True,False
miic_partial_normal_test_normal_00127__x00000_y00000_s00448,miic_partial_normal_test_normal_00127,miic_partial,default,,SEM,train,good,data/dataverse_files_recovered/miic_partial_clean/normal/test_normal_00127.jpg,,0,0,448,448,rgb_repeat_v1,True,False
miic_partial_normal_test_normal_00128__x00000_y00000_s00448,miic_partial_normal_test_normal_00128,miic_partial,default,,SEM,test,good,data/dataverse_files_recovered/miic_partial_clean/normal/test_normal_00128.jpg,,0,0,448,448,rgb_repeat_v1,False,False
miic_partial_normal_test_normal_00129__x00000_y00000_s00448,miic_partial_normal_test_normal_00129,miic_partial,default,,SEM,test,good,data/dataverse_files_recovered/miic_partial_clean/normal/test_normal_00129.jpg,,0,0,448,448,rgb_repeat_v1,False,False
miic_partial_normal_test_normal_00130__x00000_y00000_s00448,miic_partial_normal_test_normal_00130,miic_partial,default,,SEM,train,good,data/dataverse_files_recovered/miic_partial_clean/normal/test_normal_00130.jpg,,0,0,448,448,rgb_repeat_v1,True,False
miic_partial_normal_test_normal_00131__x00000_y00000_s00448,miic_partial_normal_test_normal_00131,miic_partial,default,,SEM,train,good,data/dataverse_files_recovered/miic_partial_clean/normal/test_normal_00131.jpg,,0,0,448,448,rgb_repeat_v1,True,False
miic_partial_normal_test_normal_00132__x00000_y00000_s00448,miic_partial_normal_test_normal_00132,miic_partial,default,,SEM,validation,good,data/dataverse_files_recovered/miic_partial_clean/normal/test_normal_00132.jpg,,0,0,448,448,rgb_repeat_v1,False,False
miic_partial_normal_test_normal_00133__x00000_y00000_s00448,miic_partial_normal_test_normal_00133,miic_partial,default,,SEM,train,good,data/dataverse_files_recovered/miic_partial_clean/normal/test_normal_00133.jpg,,0,0,448,448,rgb_repeat_v1,True,False
miic_partial_normal_test_normal_00134__x00000_y00000_s00448,miic_partial_normal_test_normal_00134,miic_partial,default,,SEM,validation,good,data/dataverse_files_recovered/miic_partial_clean/normal/test_normal_00134.jpg,,0,0,448,448,rgb_repeat_v1,False,False
miic_partial_normal_test_normal_00135__x00000_y00000_s00448,miic_partial_normal_test_normal_00135,miic_partial,default,,SEM,validation,good,data/dataverse_files_recovered/miic_partial_clean/normal/test_normal_00135.jpg,,0,0,448,448,rgb_repeat_v1,False,False
miic_partial_normal_test_normal_00136__x00000_y00000_s00448,miic_partial_normal_test_normal_00136,miic_partial,default,,SEM,train,good,data/dataverse_files_recovered/miic_partial_clean/normal/test_normal_00136.jpg,,0,0,448,448,rgb_repeat_v1,True,False
miic_partial_normal_test_normal_00137__x00000_y00000_s00448,miic_partial_normal_test_normal_00137,miic_partial,default,,SEM,train,good,data/dataverse_files_recovered/miic_partial_clean/normal/test_normal_00137.jpg,,0,0,448,448,rgb_repeat_v1,True,False
miic_partial_normal_test_normal_00138__x00000_y00000_s00448,miic_partial_normal_test_normal_00138,miic_partial,default,,SEM,train,good,data/dataverse_files_recovered/miic_partial_clean/normal/test_normal_00138.jpg,,0,0,448,448,rgb_repeat_v1,True,False
miic_partial_normal_test_normal_00139__x00000_y00000_s00448,miic_partial_normal_test_normal_00139,miic_partial,default,,SEM,train,good,data/dataverse_files_recovered/miic_partial_clean/normal/test_normal_00139.jpg,,0,0,448,448,rgb_repeat_v1,True,False
miic_partial_normal_test_normal_00140__x00000_y00000_s00448,miic_partial_normal_test_normal_00140,miic_partial,default,,SEM,train,good,data/dataverse_files_recovered/miic_partial_clean/normal/test_normal_00140.jpg,,0,0,448,448,rgb_repeat_v1,True,False
miic_partial_normal_test_normal_00141__x00000_y00000_s00448,miic_partial_normal_test_normal_00141,miic_partial,default,,SEM,validation,good,data/dataverse_files_recovered/miic_partial_clean/normal/test_normal_00141.jpg,,0,0,448,448,rgb_repeat_v1,False,False
miic_partial_normal_test_normal_00142__x00000_y00000_s00448,miic_partial_normal_test_normal_00142,miic_partial,default,,SEM,test,good,data/dataverse_files_recovered/miic_partial_clean/normal/test_normal_00142.jpg,,0,0,448,448,rgb_repeat_v1,False,False
miic_partial_normal_test_normal_00143__x00000_y00000_s00448,miic_partial_normal_test_normal_00143,miic_partial,default,,SEM,train,good,data/dataverse_files_recovered/miic_partial_clean/normal/test_normal_00143.jpg,,0,0,448,448,rgb_repeat_v1,True,False
miic_partial_normal_test_normal_00144__x00000_y00000_s00448,miic_partial_normal_test_normal_00144,miic_partial,default,,SEM,test,good,data/dataverse_files_recovered/miic_partial_clean/normal/test_normal_00144.jpg,,0,0,448,448,rgb_repeat_v1,False,False
miic_partial_normal_test_normal_00145__x00000_y00000_s00448,miic_partial_normal_test_normal_00145,miic_partial,default,,SEM,test,good,data/dataverse_files_recovered/miic_partial_clean/normal/test_normal_00145.jpg,,0,0,448,448,rgb_repeat_v1,False,False
miic_partial_normal_test_normal_00146__x00000_y00000_s00448,miic_partial_normal_test_normal_00146,miic_partial,default,,SEM,validation,good,data/dataverse_files_recovered/miic_partial_clean/normal/test_normal_00146.jpg,,0,0,448,448,rgb_repeat_v1,False,False
miic_partial_normal_test_normal_00147__x00000_y00000_s00448,miic_partial_normal_test_normal_00147,miic_partial,default,,SEM,validation,good,data/dataverse_files_recovered/miic_partial_clean/normal/test_normal_00147.jpg,,0,0,448,448,rgb_repeat_v1,False,False
miic_partial_normal_test_normal_00148__x00000_y00000_s00448,miic_partial_normal_test_normal_00148,miic_partial,default,,SEM,train,good,data/dataverse_files_recovered/miic_partial_clean/normal/test_normal_00148.jpg,,0,0,448,448,rgb_repeat_v1,True,False
miic_partial_normal_test_normal_00149__x00000_y00000_s00448,miic_partial_normal_test_normal_00149,miic_partial,default,,SEM,test,good,data/dataverse_files_recovered/miic_partial_clean/normal/test_normal_00149.jpg,,0,0,448,448,rgb_repeat_v1,False,False
miic_partial_normal_test_normal_00150__x00000_y00000_s00448,miic_partial_normal_test_normal_00150,miic_partial,default,,SEM,train,good,data/dataverse_files_recovered/miic_partial_clean/normal/test_normal_00150.jpg,,0,0,448,448,rgb_repeat_v1,True,False
miic_partial_normal_test_normal_00151__x00000_y00000_s00448,miic_partial_normal_test_normal_00151,miic_partial,default,,SEM,validation,good,data/dataverse_files_recovered/miic_partial_clean/normal/test_normal_00151.jpg,,0,0,448,448,rgb_repeat_v1,False,False
miic_partial_normal_test_normal_00152__x00000_y00000_s00448,miic_partial_normal_test_normal_00152,miic_partial,default,,SEM,test,good,data/dataverse_files_recovered/miic_partial_clean/normal/test_normal_00152.jpg,,0,0,448,448,rgb_repeat_v1,False,False
miic_partial_normal_test_normal_00153__x00000_y00000_s00448,miic_partial_normal_test_normal_00153,miic_partial,default,,SEM,train,good,data/dataverse_files_recovered/miic_partial_clean/normal/test_normal_00153.jpg,,0,0,448,448,rgb_repeat_v1,True,False
miic_partial_normal_test_normal_00154__x00000_y00000_s00448,miic_partial_normal_test_normal_00154,miic_partial,default,,SEM,train,good,data/dataverse_files_recovered/miic_partial_clean/normal/test_normal_00154.jpg,,0,0,448,448,rgb_repeat_v1,True,False
miic_partial_normal_test_normal_00155__x00000_y00000_s00448,miic_partial_normal_test_normal_00155,miic_partial,default,,SEM,train,good,data/dataverse_files_recovered/miic_partial_clean/normal/test_normal_00155.jpg,,0,0,448,448,rgb_repeat_v1,True,False
miic_partial_normal_test_normal_00156__x00000_y00000_s00448,miic_partial_normal_test_normal_00156,miic_partial,default,,SEM,train,good,data/dataverse_files_recovered/miic_partial_clean/normal/test_normal_00156.jpg,,0,0,448,448,rgb_repeat_v1,True,False
miic_partial_normal_test_normal_00157__x00000_y00000_s00448,miic_partial_normal_test_normal_00157,miic_partial,default,,SEM,validation,good,data/dataverse_files_recovered/miic_partial_clean/normal/test_normal_00157.jpg,,0,0,448,448,rgb_repeat_v1,False,False
miic_partial_normal_test_normal_00158__x00000_y00000_s00448,miic_partial_normal_test_normal_00158,miic_partial,default,,SEM,train,good,data/dataverse_files_recovered/miic_partial_clean/normal/test_normal_00158.jpg,,0,0,448,448,rgb_repeat_v1,True,False
miic_partial_normal_test_normal_00159__x00000_y00000_s00448,miic_partial_normal_test_normal_00159,miic_partial,default,,SEM,train,good,data/dataverse_files_recovered/miic_partial_clean/normal/test_normal_00159.jpg,,0,0,448,448,rgb_repeat_v1,True,False
miic_partial_normal_test_normal_00160__x00000_y00000_s00448,miic_partial_normal_test_normal_00160,miic_partial,default,,SEM,train,good,data/dataverse_files_recovered/miic_partial_clean/normal/test_normal_00160.jpg,,0,0,448,448,rgb_repeat_v1,True,False
miic_partial_normal_test_normal_00161__x00000_y00000_s00448,miic_partial_normal_test_normal_00161,miic_partial,default,,SEM,train,good,data/dataverse_files_recovered/miic_partial_clean/normal/test_normal_00161.jpg,,0,0,448,448,rgb_repeat_v1,True,False
miic_partial_normal_test_normal_00162__x00000_y00000_s00448,miic_partial_normal_test_normal_00162,miic_partial,default,,SEM,train,good,data/dataverse_files_recovered/miic_partial_clean/normal/test_normal_00162.jpg,,0,0,448,448,rgb_repeat_v1,True,False
miic_partial_normal_test_normal_00163__x00000_y00000_s00448,miic_partial_normal_test_normal_00163,miic_partial,default,,SEM,validation,good,data/dataverse_files_recovered/miic_partial_clean/normal/test_normal_00163.jpg,,0,0,448,448,rgb_repeat_v1,False,False
miic_partial_normal_test_normal_00164__x00000_y00000_s00448,miic_partial_normal_test_normal_00164,miic_partial,default,,SEM,train,good,data/dataverse_files_recovered/miic_partial_clean/normal/test_normal_00164.jpg,,0,0,448,448,rgb_repeat_v1,True,False
miic_partial_normal_test_normal_00165__x00000_y00000_s00448,miic_partial_normal_test_normal_00165,miic_partial,default,,SEM,validation,good,data/dataverse_files_recovered/miic_partial_clean/normal/test_normal_00165.jpg,,0,0,448,448,rgb_repeat_v1,False,False
miic_partial_normal_test_normal_00166__x00000_y00000_s00448,miic_partial_normal_test_normal_00166,miic_partial,default,,SEM,train,good,data/dataverse_files_recovered/miic_partial_clean/normal/test_normal_00166.jpg,,0,0,448,448,rgb_repeat_v1,True,False
miic_partial_normal_test_normal_00167__x00000_y00000_s00448,miic_partial_normal_test_normal_00167,miic_partial,default,,SEM,test,good,data/dataverse_files_recovered/miic_partial_clean/normal/test_normal_00167.jpg,,0,0,448,448,rgb_repeat_v1,False,False
miic_partial_normal_test_normal_00168__x00000_y00000_s00448,miic_partial_normal_test_normal_00168,miic_partial,default,,SEM,validation,good,data/dataverse_files_recovered/miic_partial_clean/normal/test_normal_00168.jpg,,0,0,448,448,rgb_repeat_v1,False,False
miic_partial_normal_test_normal_00169__x00000_y00000_s00448,miic_partial_normal_test_normal_00169,miic_partial,default,,SEM,test,good,data/dataverse_files_recovered/miic_partial_clean/normal/test_normal_00169.jpg,,0,0,448,448,rgb_repeat_v1,False,False
miic_partial_normal_test_normal_00170__x00000_y00000_s00448,miic_partial_normal_test_normal_00170,miic_partial,default,,SEM,train,good,data/dataverse_files_recovered/miic_partial_clean/normal/test_normal_00170.jpg,,0,0,448,448,rgb_repeat_v1,True,False
miic_partial_normal_test_normal_00171__x00000_y00000_s00448,miic_partial_normal_test_normal_00171,miic_partial,default,,SEM,train,good,data/dataverse_files_recovered/miic_partial_clean/normal/test_normal_00171.jpg,,0,0,448,448,rgb_repeat_v1,True,False
miic_partial_normal_test_normal_00172__x00000_y00000_s00448,miic_partial_normal_test_normal_00172,miic_partial,default,,SEM,train,good,data/dataverse_files_recovered/miic_partial_clean/normal/test_normal_00172.jpg,,0,0,448,448,rgb_repeat_v1,True,False
miic_partial_normal_test_normal_00173__x00000_y00000_s00448,miic_partial_normal_test_normal_00173,miic_partial,default,,SEM,validation,good,data/dataverse_files_recovered/miic_partial_clean/normal/test_normal_00173.jpg,,0,0,448,448,rgb_repeat_v1,False,False
miic_partial_normal_test_normal_00174__x00000_y00000_s00448,miic_partial_normal_test_normal_00174,miic_partial,default,,SEM,test,good,data/dataverse_files_recovered/miic_partial_clean/normal/test_normal_00174.jpg,,0,0,448,448,rgb_repeat_v1,False,False
miic_partial_normal_test_normal_00175__x00000_y00000_s00448,miic_partial_normal_test_normal_00175,miic_partial,default,,SEM,validation,good,data/dataverse_files_recovered/miic_partial_clean/normal/test_normal_00175.jpg,,0,0,448,448,rgb_repeat_v1,False,False
miic_partial_normal_test_normal_00176__x00000_y00000_s00448,miic_partial_normal_test_normal_00176,miic_partial,default,,SEM,test,good,data/dataverse_files_recovered/miic_partial_clean/normal/test_normal_00176.jpg,,0,0,448,448,rgb_repeat_v1,False,False
miic_partial_normal_test_normal_00177__x00000_y00000_s00448,miic_partial_normal_test_normal_00177,miic_partial,default,,SEM,train,good,data/dataverse_files_recovered/miic_partial_clean/normal/test_normal_00177.jpg,,0,0,448,448,rgb_repeat_v1,True,False
miic_partial_normal_test_normal_00178__x00000_y00000_s00448,miic_partial_normal_test_normal_00178,miic_partial,default,,SEM,train,good,data/dataverse_files_recovered/miic_partial_clean/normal/test_normal_00178.jpg,,0,0,448,448,rgb_repeat_v1,True,False
miic_partial_normal_test_normal_00179__x00000_y00000_s00448,miic_partial_normal_test_normal_00179,miic_partial,default,,SEM,validation,good,data/dataverse_files_recovered/miic_partial_clean/normal/test_normal_00179.jpg,,0,0,448,448,rgb_repeat_v1,False,False
miic_partial_normal_test_normal_00180__x00000_y00000_s00448,miic_partial_normal_test_normal_00180,miic_partial,default,,SEM,validation,good,data/dataverse_files_recovered/miic_partial_clean/normal/test_normal_00180.jpg,,0,0,448,448,rgb_repeat_v1,False,False
miic_partial_normal_test_normal_00181__x00000_y00000_s00448,miic_partial_normal_test_normal_00181,miic_partial,default,,SEM,test,good,data/dataverse_files_recovered/miic_partial_clean/normal/test_normal_00181.jpg,,0,0,448,448,rgb_repeat_v1,False,False
miic_partial_normal_test_normal_00182__x00000_y00000_s00448,miic_partial_normal_test_normal_00182,miic_partial,default,,SEM,train,good,data/dataverse_files_recovered/miic_partial_clean/normal/test_normal_00182.jpg,,0,0,448,448,rgb_repeat_v1,True,False
miic_partial_normal_test_normal_00183__x00000_y00000_s00448,miic_partial_normal_test_normal_00183,miic_partial,default,,SEM,train,good,data/dataverse_files_recovered/miic_partial_clean/normal/test_normal_00183.jpg,,0,0,448,448,rgb_repeat_v1,True,False
miic_partial_normal_test_normal_00184__x00000_y00000_s00448,miic_partial_normal_test_normal_00184,miic_partial,default,,SEM,test,good,data/dataverse_files_recovered/miic_partial_clean/normal/test_normal_00184.jpg,,0,0,448,448,rgb_repeat_v1,False,False
miic_partial_normal_test_normal_00185__x00000_y00000_s00448,miic_partial_normal_test_normal_00185,miic_partial,default,,SEM,test,good,data/dataverse_files_recovered/miic_partial_clean/normal/test_normal_00185.jpg,,0,0,448,448,rgb_repeat_v1,False,False
miic_partial_normal_test_normal_00186__x00000_y00000_s00448,miic_partial_normal_test_normal_00186,miic_partial,default,,SEM,train,good,data/dataverse_files_recovered/miic_partial_clean/normal/test_normal_00186.jpg,,0,0,448,448,rgb_repeat_v1,True,False
miic_partial_normal_test_normal_00187__x00000_y00000_s00448,miic_partial_normal_test_normal_00187,miic_partial,default,,SEM,validation,good,data/dataverse_files_recovered/miic_partial_clean/normal/test_normal_00187.jpg,,0,0,448,448,rgb_repeat_v1,False,False
miic_partial_normal_test_normal_00188__x00000_y00000_s00448,miic_partial_normal_test_normal_00188,miic_partial,default,,SEM,train,good,data/dataverse_files_recovered/miic_partial_clean/normal/test_normal_00188.jpg,,0,0,448,448,rgb_repeat_v1,True,False
miic_partial_normal_test_normal_00189__x00000_y00000_s00448,miic_partial_normal_test_normal_00189,miic_partial,default,,SEM,train,good,data/dataverse_files_recovered/miic_partial_clean/normal/test_normal_00189.jpg,,0,0,448,448,rgb_repeat_v1,True,False
miic_partial_normal_test_normal_00190__x00000_y00000_s00448,miic_partial_normal_test_normal_00190,miic_partial,default,,SEM,train,good,data/dataverse_files_recovered/miic_partial_clean/normal/test_normal_00190.jpg,,0,0,448,448,rgb_repeat_v1,True,False
miic_partial_normal_test_normal_00191__x00000_y00000_s00448,miic_partial_normal_test_normal_00191,miic_partial,default,,SEM,test,good,data/dataverse_files_recovered/miic_partial_clean/normal/test_normal_00191.jpg,,0,0,448,448,rgb_repeat_v1,False,False
miic_partial_normal_test_normal_00192__x00000_y00000_s00448,miic_partial_normal_test_normal_00192,miic_partial,default,,SEM,train,good,data/dataverse_files_recovered/miic_partial_clean/normal/test_normal_00192.jpg,,0,0,448,448,rgb_repeat_v1,True,False
miic_partial_normal_test_normal_00193__x00000_y00000_s00448,miic_partial_normal_test_normal_00193,miic_partial,default,,SEM,validation,good,data/dataverse_files_recovered/miic_partial_clean/normal/test_normal_00193.jpg,,0,0,448,448,rgb_repeat_v1,False,False
miic_partial_normal_test_normal_00194__x00000_y00000_s00448,miic_partial_normal_test_normal_00194,miic_partial,default,,SEM,test,good,data/dataverse_files_recovered/miic_partial_clean/normal/test_normal_00194.jpg,,0,0,448,448,rgb_repeat_v1,False,False
miic_partial_normal_test_normal_00195__x00000_y00000_s00448,miic_partial_normal_test_normal_00195,miic_partial,default,,SEM,validation,good,data/dataverse_files_recovered/miic_partial_clean/normal/test_normal_00195.jpg,,0,0,448,448,rgb_repeat_v1,False,False
miic_partial_normal_test_normal_00196__x00000_y00000_s00448,miic_partial_normal_test_normal_00196,miic_partial,default,,SEM,test,good,data/dataverse_files_recovered/miic_partial_clean/normal/test_normal_00196.jpg,,0,0,448,448,rgb_repeat_v1,False,False
miic_partial_normal_test_normal_00197__x00000_y00000_s00448,miic_partial_normal_test_normal_00197,miic_partial,default,,SEM,test,good,data/dataverse_files_recovered/miic_partial_clean/normal/test_normal_00197.jpg,,0,0,448,448,rgb_repeat_v1,False,False
miic_partial_normal_test_normal_00198__x00000_y00000_s00448,miic_partial_normal_test_normal_00198,miic_partial,default,,SEM,train,good,data/dataverse_files_recovered/miic_partial_clean/normal/test_normal_00198.jpg,,0,0,448,448,rgb_repeat_v1,True,False
miic_partial_normal_test_normal_00199__x00000_y00000_s00448,miic_partial_normal_test_normal_00199,miic_partial,default,,SEM,validation,good,data/dataverse_files_recovered/miic_partial_clean/normal/test_normal_00199.jpg,,0,0,448,448,rgb_repeat_v1,False,False
miic_partial_normal_test_normal_00200__x00000_y00000_s00448,miic_partial_normal_test_normal_00200,miic_partial,default,,SEM,validation,good,data/dataverse_files_recovered/miic_partial_clean/normal/test_normal_00200.jpg,,0,0,448,448,rgb_repeat_v1,False,False
miic_partial_normal_test_normal_00201__x00000_y00000_s00448,miic_partial_normal_test_normal_00201,miic_partial,default,,SEM,train,good,data/dataverse_files_recovered/miic_partial_clean/normal/test_normal_00201.jpg,,0,0,448,448,rgb_repeat_v1,True,False
miic_partial_normal_test_normal_00202__x00000_y00000_s00448,miic_partial_normal_test_normal_00202,miic_partial,default,,SEM,train,good,data/dataverse_files_recovered/miic_partial_clean/normal/test_normal_00202.jpg,,0,0,448,448,rgb_repeat_v1,True,False
miic_partial_normal_test_normal_00203__x00000_y00000_s00448,miic_partial_normal_test_normal_00203,miic_partial,default,,SEM,train,good,data/dataverse_files_recovered/miic_partial_clean/normal/test_normal_00203.jpg,,0,0,448,448,rgb_repeat_v1,True,False
miic_partial_normal_test_normal_00204__x00000_y00000_s00448,miic_partial_normal_test_normal_00204,miic_partial,default,,SEM,validation,good,data/dataverse_files_recovered/miic_partial_clean/normal/test_normal_00204.jpg,,0,0,448,448,rgb_repeat_v1,False,False
miic_partial_normal_test_normal_00205__x00000_y00000_s00448,miic_partial_normal_test_normal_00205,miic_partial,default,,SEM,train,good,data/dataverse_files_recovered/miic_partial_clean/normal/test_normal_00205.jpg,,0,0,448,448,rgb_repeat_v1,True,False
miic_partial_normal_test_normal_00206__x00000_y00000_s00448,miic_partial_normal_test_normal_00206,miic_partial,default,,SEM,train,good,data/dataverse_files_recovered/miic_partial_clean/normal/test_normal_00206.jpg,,0,0,448,448,rgb_repeat_v1,True,False
miic_partial_normal_test_normal_00207__x00000_y00000_s00448,miic_partial_normal_test_normal_00207,miic_partial,default,,SEM,train,good,data/dataverse_files_recovered/miic_partial_clean/normal/test_normal_00207.jpg,,0,0,448,448,rgb_repeat_v1,True,False
miic_partial_normal_test_normal_00208__x00000_y00000_s00448,miic_partial_normal_test_normal_00208,miic_partial,default,,SEM,validation,good,data/dataverse_files_recovered/miic_partial_clean/normal/test_normal_00208.jpg,,0,0,448,448,rgb_repeat_v1,False,False
miic_partial_normal_test_normal_00209__x00000_y00000_s00448,miic_partial_normal_test_normal_00209,miic_partial,default,,SEM,test,good,data/dataverse_files_recovered/miic_partial_clean/normal/test_normal_00209.jpg,,0,0,448,448,rgb_repeat_v1,False,False
miic_partial_normal_test_normal_00210__x00000_y00000_s00448,miic_partial_normal_test_normal_00210,miic_partial,default,,SEM,train,good,data/dataverse_files_recovered/miic_partial_clean/normal/test_normal_00210.jpg,,0,0,448,448,rgb_repeat_v1,True,False
miic_partial_normal_test_normal_00211__x00000_y00000_s00448,miic_partial_normal_test_normal_00211,miic_partial,default,,SEM,train,good,data/dataverse_files_recovered/miic_partial_clean/normal/test_normal_00211.jpg,,0,0,448,448,rgb_repeat_v1,True,False
miic_partial_normal_test_normal_00212__x00000_y00000_s00448,miic_partial_normal_test_normal_00212,miic_partial,default,,SEM,test,good,data/dataverse_files_recovered/miic_partial_clean/normal/test_normal_00212.jpg,,0,0,448,448,rgb_repeat_v1,False,False
miic_partial_normal_test_normal_00213__x00000_y00000_s00448,miic_partial_normal_test_normal_00213,miic_partial,default,,SEM,train,good,data/dataverse_files_recovered/miic_partial_clean/normal/test_normal_00213.jpg,,0,0,448,448,rgb_repeat_v1,True,False
miic_partial_normal_test_normal_00214__x00000_y00000_s00448,miic_partial_normal_test_normal_00214,miic_partial,default,,SEM,train,good,data/dataverse_files_recovered/miic_partial_clean/normal/test_normal_00214.jpg,,0,0,448,448,rgb_repeat_v1,True,False
miic_partial_normal_test_normal_00215__x00000_y00000_s00448,miic_partial_normal_test_normal_00215,miic_partial,default,,SEM,train,good,data/dataverse_files_recovered/miic_partial_clean/normal/test_normal_00215.jpg,,0,0,448,448,rgb_repeat_v1,True,False
miic_partial_normal_test_normal_00216__x00000_y00000_s00448,miic_partial_normal_test_normal_00216,miic_partial,default,,SEM,validation,good,data/dataverse_files_recovered/miic_partial_clean/normal/test_normal_00216.jpg,,0,0,448,448,rgb_repeat_v1,False,False
miic_partial_normal_test_normal_00217__x00000_y00000_s00448,miic_partial_normal_test_normal_00217,miic_partial,default,,SEM,validation,good,data/dataverse_files_recovered/miic_partial_clean/normal/test_normal_00217.jpg,,0,0,448,448,rgb_repeat_v1,False,False
miic_partial_normal_test_normal_00218__x00000_y00000_s00448,miic_partial_normal_test_normal_00218,miic_partial,default,,SEM,test,good,data/dataverse_files_recovered/miic_partial_clean/normal/test_normal_00218.jpg,,0,0,448,448,rgb_repeat_v1,False,False
miic_partial_normal_test_normal_00219__x00000_y00000_s00448,miic_partial_normal_test_normal_00219,miic_partial,default,,SEM,validation,good,data/dataverse_files_recovered/miic_partial_clean/normal/test_normal_00219.jpg,,0,0,448,448,rgb_repeat_v1,False,False
miic_partial_normal_test_normal_00220__x00000_y00000_s00448,miic_partial_normal_test_normal_00220,miic_partial,default,,SEM,validation,good,data/dataverse_files_recovered/miic_partial_clean/normal/test_normal_00220.jpg,,0,0,448,448,rgb_repeat_v1,False,False
miic_partial_normal_test_normal_00221__x00000_y00000_s00448,miic_partial_normal_test_normal_00221,miic_partial,default,,SEM,test,good,data/dataverse_files_recovered/miic_partial_clean/normal/test_normal_00221.jpg,,0,0,448,448,rgb_repeat_v1,False,False
miic_partial_normal_test_normal_00222__x00000_y00000_s00448,miic_partial_normal_test_normal_00222,miic_partial,default,,SEM,train,good,data/dataverse_files_recovered/miic_partial_clean/normal/test_normal_00222.jpg,,0,0,448,448,rgb_repeat_v1,True,False
miic_partial_normal_test_normal_00223__x00000_y00000_s00448,miic_partial_normal_test_normal_00223,miic_partial,default,,SEM,train,good,data/dataverse_files_recovered/miic_partial_clean/normal/test_normal_00223.jpg,,0,0,448,448,rgb_repeat_v1,True,False
miic_partial_normal_test_normal_00224__x00000_y00000_s00448,miic_partial_normal_test_normal_00224,miic_partial,default,,SEM,validation,good,data/dataverse_files_recovered/miic_partial_clean/normal/test_normal_00224.jpg,,0,0,448,448,rgb_repeat_v1,False,False
miic_partial_normal_test_normal_00225__x00000_y00000_s00448,miic_partial_normal_test_normal_00225,miic_partial,default,,SEM,test,good,data/dataverse_files_recovered/miic_partial_clean/normal/test_normal_00225.jpg,,0,0,448,448,rgb_repeat_v1,False,False
miic_partial_normal_test_normal_00226__x00000_y00000_s00448,miic_partial_normal_test_normal_00226,miic_partial,default,,SEM,train,good,data/dataverse_files_recovered/miic_partial_clean/normal/test_normal_00226.jpg,,0,0,448,448,rgb_repeat_v1,True,False
miic_partial_normal_test_normal_00227__x00000_y00000_s00448,miic_partial_normal_test_normal_00227,miic_partial,default,,SEM,train,good,data/dataverse_files_recovered/miic_partial_clean/normal/test_normal_00227.jpg,,0,0,448,448,rgb_repeat_v1,True,False
miic_partial_normal_test_normal_00228__x00000_y00000_s00448,miic_partial_normal_test_normal_00228,miic_partial,default,,SEM,train,good,data/dataverse_files_recovered/miic_partial_clean/normal/test_normal_00228.jpg,,0,0,448,448,rgb_repeat_v1,True,False
miic_partial_normal_test_normal_00229__x00000_y00000_s00448,miic_partial_normal_test_normal_00229,miic_partial,default,,SEM,validation,good,data/dataverse_files_recovered/miic_partial_clean/normal/test_normal_00229.jpg,,0,0,448,448,rgb_repeat_v1,False,False
miic_partial_normal_test_normal_00230__x00000_y00000_s00448,miic_partial_normal_test_normal_00230,miic_partial,default,,SEM,train,good,data/dataverse_files_recovered/miic_partial_clean/normal/test_normal_00230.jpg,,0,0,448,448,rgb_repeat_v1,True,False
miic_partial_normal_test_normal_00231__x00000_y00000_s00448,miic_partial_normal_test_normal_00231,miic_partial,default,,SEM,train,good,data/dataverse_files_recovered/miic_partial_clean/normal/test_normal_00231.jpg,,0,0,448,448,rgb_repeat_v1,True,False
miic_partial_normal_test_normal_00232__x00000_y00000_s00448,miic_partial_normal_test_normal_00232,miic_partial,default,,SEM,validation,good,data/dataverse_files_recovered/miic_partial_clean/normal/test_normal_00232.jpg,,0,0,448,448,rgb_repeat_v1,False,False
miic_partial_normal_test_normal_00233__x00000_y00000_s00448,miic_partial_normal_test_normal_00233,miic_partial,default,,SEM,validation,good,data/dataverse_files_recovered/miic_partial_clean/normal/test_normal_00233.jpg,,0,0,448,448,rgb_repeat_v1,False,False
miic_partial_normal_test_normal_00234__x00000_y00000_s00448,miic_partial_normal_test_normal_00234,miic_partial,default,,SEM,validation,good,data/dataverse_files_recovered/miic_partial_clean/normal/test_normal_00234.jpg,,0,0,448,448,rgb_repeat_v1,False,False
miic_partial_normal_test_normal_00235__x00000_y00000_s00448,miic_partial_normal_test_normal_00235,miic_partial,default,,SEM,train,good,data/dataverse_files_recovered/miic_partial_clean/normal/test_normal_00235.jpg,,0,0,448,448,rgb_repeat_v1,True,False
miic_partial_normal_test_normal_00236__x00000_y00000_s00448,miic_partial_normal_test_normal_00236,miic_partial,default,,SEM,test,good,data/dataverse_files_recovered/miic_partial_clean/normal/test_normal_00236.jpg,,0,0,448,448,rgb_repeat_v1,False,False
miic_partial_normal_test_normal_00237__x00000_y00000_s00448,miic_partial_normal_test_normal_00237,miic_partial,default,,SEM,train,good,data/dataverse_files_recovered/miic_partial_clean/normal/test_normal_00237.jpg,,0,0,448,448,rgb_repeat_v1,True,False
miic_partial_normal_test_normal_00238__x00000_y00000_s00448,miic_partial_normal_test_normal_00238,miic_partial,default,,SEM,validation,good,data/dataverse_files_recovered/miic_partial_clean/normal/test_normal_00238.jpg,,0,0,448,448,rgb_repeat_v1,False,False
miic_partial_normal_test_normal_00239__x00000_y00000_s00448,miic_partial_normal_test_normal_00239,miic_partial,default,,SEM,train,good,data/dataverse_files_recovered/miic_partial_clean/normal/test_normal_00239.jpg,,0,0,448,448,rgb_repeat_v1,True,False
miic_partial_normal_test_normal_00240__x00000_y00000_s00448,miic_partial_normal_test_normal_00240,miic_partial,default,,SEM,train,good,data/dataverse_files_recovered/miic_partial_clean/normal/test_normal_00240.jpg,,0,0,448,448,rgb_repeat_v1,True,False
miic_partial_normal_test_normal_00241__x00000_y00000_s00448,miic_partial_normal_test_normal_00241,miic_partial,default,,SEM,train,good,data/dataverse_files_recovered/miic_partial_clean/normal/test_normal_00241.jpg,,0,0,448,448,rgb_repeat_v1,True,False
miic_partial_normal_test_normal_00242__x00000_y00000_s00448,miic_partial_normal_test_normal_00242,miic_partial,default,,SEM,test,good,data/dataverse_files_recovered/miic_partial_clean/normal/test_normal_00242.jpg,,0,0,448,448,rgb_repeat_v1,False,False
miic_partial_normal_test_normal_00243__x00000_y00000_s00448,miic_partial_normal_test_normal_00243,miic_partial,default,,SEM,validation,good,data/dataverse_files_recovered/miic_partial_clean/normal/test_normal_00243.jpg,,0,0,448,448,rgb_repeat_v1,False,False
miic_partial_normal_test_normal_00244__x00000_y00000_s00448,miic_partial_normal_test_normal_00244,miic_partial,default,,SEM,train,good,data/dataverse_files_recovered/miic_partial_clean/normal/test_normal_00244.jpg,,0,0,448,448,rgb_repeat_v1,True,False
miic_partial_normal_test_normal_00245__x00000_y00000_s00448,miic_partial_normal_test_normal_00245,miic_partial,default,,SEM,train,good,data/dataverse_files_recovered/miic_partial_clean/normal/test_normal_00245.jpg,,0,0,448,448,rgb_repeat_v1,True,False
miic_partial_normal_test_normal_00246__x00000_y00000_s00448,miic_partial_normal_test_normal_00246,miic_partial,default,,SEM,validation,good,data/dataverse_files_recovered/miic_partial_clean/normal/test_normal_00246.jpg,,0,0,448,448,rgb_repeat_v1,False,False
miic_partial_normal_test_normal_00247__x00000_y00000_s00448,miic_partial_normal_test_normal_00247,miic_partial,default,,SEM,validation,good,data/dataverse_files_recovered/miic_partial_clean/normal/test_normal_00247.jpg,,0,0,448,448,rgb_repeat_v1,False,False
miic_partial_normal_test_normal_00248__x00000_y00000_s00448,miic_partial_normal_test_normal_00248,miic_partial,default,,SEM,validation,good,data/dataverse_files_recovered/miic_partial_clean/normal/test_normal_00248.jpg,,0,0,448,448,rgb_repeat_v1,False,False
miic_partial_normal_test_normal_00249__x00000_y00000_s00448,miic_partial_normal_test_normal_00249,miic_partial,default,,SEM,test,good,data/dataverse_files_recovered/miic_partial_clean/normal/test_normal_00249.jpg,,0,0,448,448,rgb_repeat_v1,False,False
miic_partial_normal_test_normal_00250__x00000_y00000_s00448,miic_partial_normal_test_normal_00250,miic_partial,default,,SEM,train,good,data/dataverse_files_recovered/miic_partial_clean/normal/test_normal_00250.jpg,,0,0,448,448,rgb_repeat_v1,True,False
miic_partial_normal_test_normal_00251__x00000_y00000_s00448,miic_partial_normal_test_normal_00251,miic_partial,default,,SEM,test,good,data/dataverse_files_recovered/miic_partial_clean/normal/test_normal_00251.jpg,,0,0,448,448,rgb_repeat_v1,False,False
miic_partial_normal_test_normal_00252__x00000_y00000_s00448,miic_partial_normal_test_normal_00252,miic_partial,default,,SEM,train,good,data/dataverse_files_recovered/miic_partial_clean/normal/test_normal_00252.jpg,,0,0,448,448,rgb_repeat_v1,True,False
miic_partial_normal_test_normal_00253__x00000_y00000_s00448,miic_partial_normal_test_normal_00253,miic_partial,default,,SEM,validation,good,data/dataverse_files_recovered/miic_partial_clean/normal/test_normal_00253.jpg,,0,0,448,448,rgb_repeat_v1,False,False
miic_partial_normal_test_normal_00254__x00000_y00000_s00448,miic_partial_normal_test_normal_00254,miic_partial,default,,SEM,test,good,data/dataverse_files_recovered/miic_partial_clean/normal/test_normal_00254.jpg,,0,0,448,448,rgb_repeat_v1,False,False
miic_partial_normal_test_normal_00255__x00000_y00000_s00448,miic_partial_normal_test_normal_00255,miic_partial,default,,SEM,test,good,data/dataverse_files_recovered/miic_partial_clean/normal/test_normal_00255.jpg,,0,0,448,448,rgb_repeat_v1,False,False
miic_partial_normal_test_normal_00256__x00000_y00000_s00448,miic_partial_normal_test_normal_00256,miic_partial,default,,SEM,validation,good,data/dataverse_files_recovered/miic_partial_clean/normal/test_normal_00256.jpg,,0,0,448,448,rgb_repeat_v1,False,False
miic_partial_normal_test_normal_00257__x00000_y00000_s00448,miic_partial_normal_test_normal_00257,miic_partial,default,,SEM,train,good,data/dataverse_files_recovered/miic_partial_clean/normal/test_normal_00257.jpg,,0,0,448,448,rgb_repeat_v1,True,False
miic_partial_normal_test_normal_00258__x00000_y00000_s00448,miic_partial_normal_test_normal_00258,miic_partial,default,,SEM,train,good,data/dataverse_files_recovered/miic_partial_clean/normal/test_normal_00258.jpg,,0,0,448,448,rgb_repeat_v1,True,False
miic_partial_normal_test_normal_00259__x00000_y00000_s00448,miic_partial_normal_test_normal_00259,miic_partial,default,,SEM,train,good,data/dataverse_files_recovered/miic_partial_clean/normal/test_normal_00259.jpg,,0,0,448,448,rgb_repeat_v1,True,False
miic_partial_normal_test_normal_00260__x00000_y00000_s00448,miic_partial_normal_test_normal_00260,miic_partial,default,,SEM,train,good,data/dataverse_files_recovered/miic_partial_clean/normal/test_normal_00260.jpg,,0,0,448,448,rgb_repeat_v1,True,False
miic_partial_normal_test_normal_00261__x00000_y00000_s00448,miic_partial_normal_test_normal_00261,miic_partial,default,,SEM,train,good,data/dataverse_files_recovered/miic_partial_clean/normal/test_normal_00261.jpg,,0,0,448,448,rgb_repeat_v1,True,False
miic_partial_normal_test_normal_00262__x00000_y00000_s00448,miic_partial_normal_test_normal_00262,miic_partial,default,,SEM,train,good,data/dataverse_files_recovered/miic_partial_clean/normal/test_normal_00262.jpg,,0,0,448,448,rgb_repeat_v1,True,False
miic_partial_normal_test_normal_00263__x00000_y00000_s00448,miic_partial_normal_test_normal_00263,miic_partial,default,,SEM,train,good,data/dataverse_files_recovered/miic_partial_clean/normal/test_normal_00263.jpg,,0,0,448,448,rgb_repeat_v1,True,False
miic_partial_normal_test_normal_00264__x00000_y00000_s00448,miic_partial_normal_test_normal_00264,miic_partial,default,,SEM,validation,good,data/dataverse_files_recovered/miic_partial_clean/normal/test_normal_00264.jpg,,0,0,448,448,rgb_repeat_v1,False,False
miic_partial_normal_test_normal_00265__x00000_y00000_s00448,miic_partial_normal_test_normal_00265,miic_partial,default,,SEM,test,good,data/dataverse_files_recovered/miic_partial_clean/normal/test_normal_00265.jpg,,0,0,448,448,rgb_repeat_v1,False,False
miic_partial_normal_test_normal_00266__x00000_y00000_s00448,miic_partial_normal_test_normal_00266,miic_partial,default,,SEM,train,good,data/dataverse_files_recovered/miic_partial_clean/normal/test_normal_00266.jpg,,0,0,448,448,rgb_repeat_v1,True,False
miic_partial_normal_test_normal_00267__x00000_y00000_s00448,miic_partial_normal_test_normal_00267,miic_partial,default,,SEM,train,good,data/dataverse_files_recovered/miic_partial_clean/normal/test_normal_00267.jpg,,0,0,448,448,rgb_repeat_v1,True,False
miic_partial_normal_test_normal_00268__x00000_y00000_s00448,miic_partial_normal_test_normal_00268,miic_partial,default,,SEM,train,good,data/dataverse_files_recovered/miic_partial_clean/normal/test_normal_00268.jpg,,0,0,448,448,rgb_repeat_v1,True,False
miic_partial_normal_test_normal_00269__x00000_y00000_s00448,miic_partial_normal_test_normal_00269,miic_partial,default,,SEM,validation,good,data/dataverse_files_recovered/miic_partial_clean/normal/test_normal_00269.jpg,,0,0,448,448,rgb_repeat_v1,False,False
miic_partial_normal_test_normal_00270__x00000_y00000_s00448,miic_partial_normal_test_normal_00270,miic_partial,default,,SEM,train,good,data/dataverse_files_recovered/miic_partial_clean/normal/test_normal_00270.jpg,,0,0,448,448,rgb_repeat_v1,True,False
miic_partial_normal_test_normal_00271__x00000_y00000_s00448,miic_partial_normal_test_normal_00271,miic_partial,default,,SEM,test,good,data/dataverse_files_recovered/miic_partial_clean/normal/test_normal_00271.jpg,,0,0,448,448,rgb_repeat_v1,False,False
miic_partial_normal_test_normal_00272__x00000_y00000_s00448,miic_partial_normal_test_normal_00272,miic_partial,default,,SEM,test,good,data/dataverse_files_recovered/miic_partial_clean/normal/test_normal_00272.jpg,,0,0,448,448,rgb_repeat_v1,False,False
miic_partial_normal_test_normal_00273__x00000_y00000_s00448,miic_partial_normal_test_normal_00273,miic_partial,default,,SEM,test,good,data/dataverse_files_recovered/miic_partial_clean/normal/test_normal_00273.jpg,,0,0,448,448,rgb_repeat_v1,False,False
miic_partial_normal_test_normal_00274__x00000_y00000_s00448,miic_partial_normal_test_normal_00274,miic_partial,default,,SEM,validation,good,data/dataverse_files_recovered/miic_partial_clean/normal/test_normal_00274.jpg,,0,0,448,448,rgb_repeat_v1,False,False
miic_partial_normal_test_normal_00275__x00000_y00000_s00448,miic_partial_normal_test_normal_00275,miic_partial,default,,SEM,train,good,data/dataverse_files_recovered/miic_partial_clean/normal/test_normal_00275.jpg,,0,0,448,448,rgb_repeat_v1,True,False
miic_partial_normal_test_normal_00276__x00000_y00000_s00448,miic_partial_normal_test_normal_00276,miic_partial,default,,SEM,train,good,data/dataverse_files_recovered/miic_partial_clean/normal/test_normal_00276.jpg,,0,0,448,448,rgb_repeat_v1,True,False
miic_partial_normal_test_normal_00277__x00000_y00000_s00448,miic_partial_normal_test_normal_00277,miic_partial,default,,SEM,train,good,data/dataverse_files_recovered/miic_partial_clean/normal/test_normal_00277.jpg,,0,0,448,448,rgb_repeat_v1,True,False
miic_partial_normal_test_normal_00278__x00000_y00000_s00448,miic_partial_normal_test_normal_00278,miic_partial,default,,SEM,train,good,data/dataverse_files_recovered/miic_partial_clean/normal/test_normal_00278.jpg,,0,0,448,448,rgb_repeat_v1,True,False
miic_partial_normal_test_normal_00279__x00000_y00000_s00448,miic_partial_normal_test_normal_00279,miic_partial,default,,SEM,train,good,data/dataverse_files_recovered/miic_partial_clean/normal/test_normal_00279.jpg,,0,0,448,448,rgb_repeat_v1,True,False
miic_partial_normal_test_normal_00280__x00000_y00000_s00448,miic_partial_normal_test_normal_00280,miic_partial,default,,SEM,test,good,data/dataverse_files_recovered/miic_partial_clean/normal/test_normal_00280.jpg,,0,0,448,448,rgb_repeat_v1,False,False
miic_partial_normal_test_normal_00281__x00000_y00000_s00448,miic_partial_normal_test_normal_00281,miic_partial,default,,SEM,train,good,data/dataverse_files_recovered/miic_partial_clean/normal/test_normal_00281.jpg,,0,0,448,448,rgb_repeat_v1,True,False
miic_partial_normal_test_normal_00282__x00000_y00000_s00448,miic_partial_normal_test_normal_00282,miic_partial,default,,SEM,train,good,data/dataverse_files_recovered/miic_partial_clean/normal/test_normal_00282.jpg,,0,0,448,448,rgb_repeat_v1,True,False
miic_partial_normal_test_normal_00283__x00000_y00000_s00448,miic_partial_normal_test_normal_00283,miic_partial,default,,SEM,test,good,data/dataverse_files_recovered/miic_partial_clean/normal/test_normal_00283.jpg,,0,0,448,448,rgb_repeat_v1,False,False
miic_partial_normal_test_normal_00284__x00000_y00000_s00448,miic_partial_normal_test_normal_00284,miic_partial,default,,SEM,train,good,data/dataverse_files_recovered/miic_partial_clean/normal/test_normal_00284.jpg,,0,0,448,448,rgb_repeat_v1,True,False
miic_partial_normal_test_normal_00285__x00000_y00000_s00448,miic_partial_normal_test_normal_00285,miic_partial,default,,SEM,validation,good,data/dataverse_files_recovered/miic_partial_clean/normal/test_normal_00285.jpg,,0,0,448,448,rgb_repeat_v1,False,False
miic_partial_normal_test_normal_00286__x00000_y00000_s00448,miic_partial_normal_test_normal_00286,miic_partial,default,,SEM,test,good,data/dataverse_files_recovered/miic_partial_clean/normal/test_normal_00286.jpg,,0,0,448,448,rgb_repeat_v1,False,False
miic_partial_normal_test_normal_00287__x00000_y00000_s00448,miic_partial_normal_test_normal_00287,miic_partial,default,,SEM,validation,good,data/dataverse_files_recovered/miic_partial_clean/normal/test_normal_00287.jpg,,0,0,448,448,rgb_repeat_v1,False,False
miic_partial_normal_test_normal_00288__x00000_y00000_s00448,miic_partial_normal_test_normal_00288,miic_partial,default,,SEM,test,good,data/dataverse_files_recovered/miic_partial_clean/normal/test_normal_00288.jpg,,0,0,448,448,rgb_repeat_v1,False,False
miic_partial_normal_test_normal_00289__x00000_y00000_s00448,miic_partial_normal_test_normal_00289,miic_partial,default,,SEM,validation,good,data/dataverse_files_recovered/miic_partial_clean/normal/test_normal_00289.jpg,,0,0,448,448,rgb_repeat_v1,False,False
miic_partial_normal_test_normal_00290__x00000_y00000_s00448,miic_partial_normal_test_normal_00290,miic_partial,default,,SEM,train,good,data/dataverse_files_recovered/miic_partial_clean/normal/test_normal_00290.jpg,,0,0,448,448,rgb_repeat_v1,True,False
miic_partial_normal_test_normal_00291__x00000_y00000_s00448,miic_partial_normal_test_normal_00291,miic_partial,default,,SEM,validation,good,data/dataverse_files_recovered/miic_partial_clean/normal/test_normal_00291.jpg,,0,0,448,448,rgb_repeat_v1,False,False
miic_partial_normal_test_normal_00292__x00000_y00000_s00448,miic_partial_normal_test_normal_00292,miic_partial,default,,SEM,train,good,data/dataverse_files_recovered/miic_partial_clean/normal/test_normal_00292.jpg,,0,0,448,448,rgb_repeat_v1,True,False
miic_partial_normal_test_normal_00293__x00000_y00000_s00448,miic_partial_normal_test_normal_00293,miic_partial,default,,SEM,validation,good,data/dataverse_files_recovered/miic_partial_clean/normal/test_normal_00293.jpg,,0,0,448,448,rgb_repeat_v1,False,False
miic_partial_normal_test_normal_00294__x00000_y00000_s00448,miic_partial_normal_test_normal_00294,miic_partial,default,,SEM,train,good,data/dataverse_files_recovered/miic_partial_clean/normal/test_normal_00294.jpg,,0,0,448,448,rgb_repeat_v1,True,False
miic_partial_normal_test_normal_00295__x00000_y00000_s00448,miic_partial_normal_test_normal_00295,miic_partial,default,,SEM,train,good,data/dataverse_files_recovered/miic_partial_clean/normal/test_normal_00295.jpg,,0,0,448,448,rgb_repeat_v1,True,False
miic_partial_normal_test_normal_00296__x00000_y00000_s00448,miic_partial_normal_test_normal_00296,miic_partial,default,,SEM,train,good,data/dataverse_files_recovered/miic_partial_clean/normal/test_normal_00296.jpg,,0,0,448,448,rgb_repeat_v1,True,False
miic_partial_normal_test_normal_00297__x00000_y00000_s00448,miic_partial_normal_test_normal_00297,miic_partial,default,,SEM,train,good,data/dataverse_files_recovered/miic_partial_clean/normal/test_normal_00297.jpg,,0,0,448,448,rgb_repeat_v1,True,False
miic_partial_normal_test_normal_00298__x00000_y00000_s00448,miic_partial_normal_test_normal_00298,miic_partial,default,,SEM,train,good,data/dataverse_files_recovered/miic_partial_clean/normal/test_normal_00298.jpg,,0,0,448,448,rgb_repeat_v1,True,False
miic_partial_normal_test_normal_00299__x00000_y00000_s00448,miic_partial_normal_test_normal_00299,miic_partial,default,,SEM,train,good,data/dataverse_files_recovered/miic_partial_clean/normal/test_normal_00299.jpg,,0,0,448,448,rgb_repeat_v1,True,False
miic_partial_normal_test_normal_00300__x00000_y00000_s00448,miic_partial_normal_test_normal_00300,miic_partial,default,,SEM,train,good,data/dataverse_files_recovered/miic_partial_clean/normal/test_normal_00300.jpg,,0,0,448,448,rgb_repeat_v1,True,False
miic_partial_normal_test_normal_00301__x00000_y00000_s00448,miic_partial_normal_test_normal_00301,miic_partial,default,,SEM,train,good,data/dataverse_files_recovered/miic_partial_clean/normal/test_normal_00301.jpg,,0,0,448,448,rgb_repeat_v1,True,False
miic_partial_normal_test_normal_00302__x00000_y00000_s00448,miic_partial_normal_test_normal_00302,miic_partial,default,,SEM,validation,good,data/dataverse_files_recovered/miic_partial_clean/normal/test_normal_00302.jpg,,0,0,448,448,rgb_repeat_v1,False,False
miic_partial_normal_test_normal_00303__x00000_y00000_s00448,miic_partial_normal_test_normal_00303,miic_partial,default,,SEM,validation,good,data/dataverse_files_recovered/miic_partial_clean/normal/test_normal_00303.jpg,,0,0,448,448,rgb_repeat_v1,False,False
miic_partial_normal_test_normal_00304__x00000_y00000_s00448,miic_partial_normal_test_normal_00304,miic_partial,default,,SEM,train,good,data/dataverse_files_recovered/miic_partial_clean/normal/test_normal_00304.jpg,,0,0,448,448,rgb_repeat_v1,True,False
miic_partial_normal_test_normal_00305__x00000_y00000_s00448,miic_partial_normal_test_normal_00305,miic_partial,default,,SEM,validation,good,data/dataverse_files_recovered/miic_partial_clean/normal/test_normal_00305.jpg,,0,0,448,448,rgb_repeat_v1,False,False
miic_partial_normal_test_normal_00306__x00000_y00000_s00448,miic_partial_normal_test_normal_00306,miic_partial,default,,SEM,train,good,data/dataverse_files_recovered/miic_partial_clean/normal/test_normal_00306.jpg,,0,0,448,448,rgb_repeat_v1,True,False
miic_partial_normal_test_normal_00307__x00000_y00000_s00448,miic_partial_normal_test_normal_00307,miic_partial,default,,SEM,validation,good,data/dataverse_files_recovered/miic_partial_clean/normal/test_normal_00307.jpg,,0,0,448,448,rgb_repeat_v1,False,False
miic_partial_normal_test_normal_00308__x00000_y00000_s00448,miic_partial_normal_test_normal_00308,miic_partial,default,,SEM,train,good,data/dataverse_files_recovered/miic_partial_clean/normal/test_normal_00308.jpg,,0,0,448,448,rgb_repeat_v1,True,False
miic_partial_normal_test_normal_00309__x00000_y00000_s00448,miic_partial_normal_test_normal_00309,miic_partial,default,,SEM,validation,good,data/dataverse_files_recovered/miic_partial_clean/normal/test_normal_00309.jpg,,0,0,448,448,rgb_repeat_v1,False,False
miic_partial_normal_test_normal_00310__x00000_y00000_s00448,miic_partial_normal_test_normal_00310,miic_partial,default,,SEM,test,good,data/dataverse_files_recovered/miic_partial_clean/normal/test_normal_00310.jpg,,0,0,448,448,rgb_repeat_v1,False,False
miic_partial_normal_test_normal_00311__x00000_y00000_s00448,miic_partial_normal_test_normal_00311,miic_partial,default,,SEM,validation,good,data/dataverse_files_recovered/miic_partial_clean/normal/test_normal_00311.jpg,,0,0,448,448,rgb_repeat_v1,False,False
miic_partial_normal_test_normal_00312__x00000_y00000_s00448,miic_partial_normal_test_normal_00312,miic_partial,default,,SEM,validation,good,data/dataverse_files_recovered/miic_partial_clean/normal/test_normal_00312.jpg,,0,0,448,448,rgb_repeat_v1,False,False
miic_partial_normal_test_normal_00313__x00000_y00000_s00448,miic_partial_normal_test_normal_00313,miic_partial,default,,SEM,train,good,data/dataverse_files_recovered/miic_partial_clean/normal/test_normal_00313.jpg,,0,0,448,448,rgb_repeat_v1,True,False
miic_partial_normal_test_normal_00314__x00000_y00000_s00448,miic_partial_normal_test_normal_00314,miic_partial,default,,SEM,test,good,data/dataverse_files_recovered/miic_partial_clean/normal/test_normal_00314.jpg,,0,0,448,448,rgb_repeat_v1,False,False
miic_partial_normal_test_normal_00315__x00000_y00000_s00448,miic_partial_normal_test_normal_00315,miic_partial,default,,SEM,train,good,data/dataverse_files_recovered/miic_partial_clean/normal/test_normal_00315.jpg,,0,0,448,448,rgb_repeat_v1,True,False
miic_partial_normal_test_normal_00316__x00000_y00000_s00448,miic_partial_normal_test_normal_00316,miic_partial,default,,SEM,train,good,data/dataverse_files_recovered/miic_partial_clean/normal/test_normal_00316.jpg,,0,0,448,448,rgb_repeat_v1,True,False
miic_partial_normal_test_normal_00317__x00000_y00000_s00448,miic_partial_normal_test_normal_00317,miic_partial,default,,SEM,train,good,data/dataverse_files_recovered/miic_partial_clean/normal/test_normal_00317.jpg,,0,0,448,448,rgb_repeat_v1,True,False
miic_partial_normal_test_normal_00318__x00000_y00000_s00448,miic_partial_normal_test_normal_00318,miic_partial,default,,SEM,test,good,data/dataverse_files_recovered/miic_partial_clean/normal/test_normal_00318.jpg,,0,0,448,448,rgb_repeat_v1,False,False
miic_partial_normal_test_normal_00319__x00000_y00000_s00448,miic_partial_normal_test_normal_00319,miic_partial,default,,SEM,test,good,data/dataverse_files_recovered/miic_partial_clean/normal/test_normal_00319.jpg,,0,0,448,448,rgb_repeat_v1,False,False
miic_partial_normal_test_normal_00320__x00000_y00000_s00448,miic_partial_normal_test_normal_00320,miic_partial,default,,SEM,train,good,data/dataverse_files_recovered/miic_partial_clean/normal/test_normal_00320.jpg,,0,0,448,448,rgb_repeat_v1,True,False
miic_partial_normal_test_normal_00321__x00000_y00000_s00448,miic_partial_normal_test_normal_00321,miic_partial,default,,SEM,train,good,data/dataverse_files_recovered/miic_partial_clean/normal/test_normal_00321.jpg,,0,0,448,448,rgb_repeat_v1,True,False
miic_partial_normal_test_normal_00322__x00000_y00000_s00448,miic_partial_normal_test_normal_00322,miic_partial,default,,SEM,validation,good,data/dataverse_files_recovered/miic_partial_clean/normal/test_normal_00322.jpg,,0,0,448,448,rgb_repeat_v1,False,False
miic_partial_normal_test_normal_00323__x00000_y00000_s00448,miic_partial_normal_test_normal_00323,miic_partial,default,,SEM,train,good,data/dataverse_files_recovered/miic_partial_clean/normal/test_normal_00323.jpg,,0,0,448,448,rgb_repeat_v1,True,False
miic_partial_normal_test_normal_00324__x00000_y00000_s00448,miic_partial_normal_test_normal_00324,miic_partial,default,,SEM,train,good,data/dataverse_files_recovered/miic_partial_clean/normal/test_normal_00324.jpg,,0,0,448,448,rgb_repeat_v1,True,False
miic_partial_normal_test_normal_00325__x00000_y00000_s00448,miic_partial_normal_test_normal_00325,miic_partial,default,,SEM,test,good,data/dataverse_files_recovered/miic_partial_clean/normal/test_normal_00325.jpg,,0,0,448,448,rgb_repeat_v1,False,False
miic_partial_normal_test_normal_00326__x00000_y00000_s00448,miic_partial_normal_test_normal_00326,miic_partial,default,,SEM,validation,good,data/dataverse_files_recovered/miic_partial_clean/normal/test_normal_00326.jpg,,0,0,448,448,rgb_repeat_v1,False,False
miic_partial_normal_test_normal_00327__x00000_y00000_s00448,miic_partial_normal_test_normal_00327,miic_partial,default,,SEM,train,good,data/dataverse_files_recovered/miic_partial_clean/normal/test_normal_00327.jpg,,0,0,448,448,rgb_repeat_v1,True,False
miic_partial_normal_test_normal_00328__x00000_y00000_s00448,miic_partial_normal_test_normal_00328,miic_partial,default,,SEM,train,good,data/dataverse_files_recovered/miic_partial_clean/normal/test_normal_00328.jpg,,0,0,448,448,rgb_repeat_v1,True,False
miic_partial_normal_test_normal_00329__x00000_y00000_s00448,miic_partial_normal_test_normal_00329,miic_partial,default,,SEM,train,good,data/dataverse_files_recovered/miic_partial_clean/normal/test_normal_00329.jpg,,0,0,448,448,rgb_repeat_v1,True,False
miic_partial_normal_test_normal_00330__x00000_y00000_s00448,miic_partial_normal_test_normal_00330,miic_partial,default,,SEM,train,good,data/dataverse_files_recovered/miic_partial_clean/normal/test_normal_00330.jpg,,0,0,448,448,rgb_repeat_v1,True,False
miic_partial_normal_test_normal_00331__x00000_y00000_s00448,miic_partial_normal_test_normal_00331,miic_partial,default,,SEM,test,good,data/dataverse_files_recovered/miic_partial_clean/normal/test_normal_00331.jpg,,0,0,448,448,rgb_repeat_v1,False,False
miic_partial_normal_test_normal_00332__x00000_y00000_s00448,miic_partial_normal_test_normal_00332,miic_partial,default,,SEM,validation,good,data/dataverse_files_recovered/miic_partial_clean/normal/test_normal_00332.jpg,,0,0,448,448,rgb_repeat_v1,False,False
miic_partial_normal_test_normal_00333__x00000_y00000_s00448,miic_partial_normal_test_normal_00333,miic_partial,default,,SEM,validation,good,data/dataverse_files_recovered/miic_partial_clean/normal/test_normal_00333.jpg,,0,0,448,448,rgb_repeat_v1,False,False
miic_partial_normal_test_normal_00334__x00000_y00000_s00448,miic_partial_normal_test_normal_00334,miic_partial,default,,SEM,validation,good,data/dataverse_files_recovered/miic_partial_clean/normal/test_normal_00334.jpg,,0,0,448,448,rgb_repeat_v1,False,False
miic_partial_normal_test_normal_00335__x00000_y00000_s00448,miic_partial_normal_test_normal_00335,miic_partial,default,,SEM,validation,good,data/dataverse_files_recovered/miic_partial_clean/normal/test_normal_00335.jpg,,0,0,448,448,rgb_repeat_v1,False,False
miic_partial_normal_test_normal_00336__x00000_y00000_s00448,miic_partial_normal_test_normal_00336,miic_partial,default,,SEM,train,good,data/dataverse_files_recovered/miic_partial_clean/normal/test_normal_00336.jpg,,0,0,448,448,rgb_repeat_v1,True,False
miic_partial_normal_test_normal_00337__x00000_y00000_s00448,miic_partial_normal_test_normal_00337,miic_partial,default,,SEM,train,good,data/dataverse_files_recovered/miic_partial_clean/normal/test_normal_00337.jpg,,0,0,448,448,rgb_repeat_v1,True,False
miic_partial_normal_test_normal_00338__x00000_y00000_s00448,miic_partial_normal_test_normal_00338,miic_partial,default,,SEM,test,good,data/dataverse_files_recovered/miic_partial_clean/normal/test_normal_00338.jpg,,0,0,448,448,rgb_repeat_v1,False,False
miic_partial_normal_test_normal_00339__x00000_y00000_s00448,miic_partial_normal_test_normal_00339,miic_partial,default,,SEM,test,good,data/dataverse_files_recovered/miic_partial_clean/normal/test_normal_00339.jpg,,0,0,448,448,rgb_repeat_v1,False,False
miic_partial_normal_test_normal_00340__x00000_y00000_s00448,miic_partial_normal_test_normal_00340,miic_partial,default,,SEM,test,good,data/dataverse_files_recovered/miic_partial_clean/normal/test_normal_00340.jpg,,0,0,448,448,rgb_repeat_v1,False,False
miic_partial_normal_test_normal_00341__x00000_y00000_s00448,miic_partial_normal_test_normal_00341,miic_partial,default,,SEM,train,good,data/dataverse_files_recovered/miic_partial_clean/normal/test_normal_00341.jpg,,0,0,448,448,rgb_repeat_v1,True,False
miic_partial_normal_test_normal_00342__x00000_y00000_s00448,miic_partial_normal_test_normal_00342,miic_partial,default,,SEM,test,good,data/dataverse_files_recovered/miic_partial_clean/normal/test_normal_00342.jpg,,0,0,448,448,rgb_repeat_v1,False,False
miic_partial_normal_test_normal_00343__x00000_y00000_s00448,miic_partial_normal_test_normal_00343,miic_partial,default,,SEM,train,good,data/dataverse_files_recovered/miic_partial_clean/normal/test_normal_00343.jpg,,0,0,448,448,rgb_repeat_v1,True,False
miic_partial_normal_test_normal_00344__x00000_y00000_s00448,miic_partial_normal_test_normal_00344,miic_partial,default,,SEM,train,good,data/dataverse_files_recovered/miic_partial_clean/normal/test_normal_00344.jpg,,0,0,448,448,rgb_repeat_v1,True,False
miic_partial_normal_test_normal_00345__x00000_y00000_s00448,miic_partial_normal_test_normal_00345,miic_partial,default,,SEM,validation,good,data/dataverse_files_recovered/miic_partial_clean/normal/test_normal_00345.jpg,,0,0,448,448,rgb_repeat_v1,False,False
miic_partial_normal_test_normal_00346__x00000_y00000_s00448,miic_partial_normal_test_normal_00346,miic_partial,default,,SEM,train,good,data/dataverse_files_recovered/miic_partial_clean/normal/test_normal_00346.jpg,,0,0,448,448,rgb_repeat_v1,True,False
miic_partial_normal_test_normal_00347__x00000_y00000_s00448,miic_partial_normal_test_normal_00347,miic_partial,default,,SEM,train,good,data/dataverse_files_recovered/miic_partial_clean/normal/test_normal_00347.jpg,,0,0,448,448,rgb_repeat_v1,True,False
miic_partial_normal_test_normal_00348__x00000_y00000_s00448,miic_partial_normal_test_normal_00348,miic_partial,default,,SEM,train,good,data/dataverse_files_recovered/miic_partial_clean/normal/test_normal_00348.jpg,,0,0,448,448,rgb_repeat_v1,True,False
miic_partial_normal_test_normal_00349__x00000_y00000_s00448,miic_partial_normal_test_normal_00349,miic_partial,default,,SEM,train,good,data/dataverse_files_recovered/miic_partial_clean/normal/test_normal_00349.jpg,,0,0,448,448,rgb_repeat_v1,True,False
miic_partial_normal_test_normal_00350__x00000_y00000_s00448,miic_partial_normal_test_normal_00350,miic_partial,default,,SEM,train,good,data/dataverse_files_recovered/miic_partial_clean/normal/test_normal_00350.jpg,,0,0,448,448,rgb_repeat_v1,True,False
miic_partial_normal_test_normal_00351__x00000_y00000_s00448,miic_partial_normal_test_normal_00351,miic_partial,default,,SEM,test,good,data/dataverse_files_recovered/miic_partial_clean/normal/test_normal_00351.jpg,,0,0,448,448,rgb_repeat_v1,False,False
miic_partial_normal_test_normal_00352__x00000_y00000_s00448,miic_partial_normal_test_normal_00352,miic_partial,default,,SEM,train,good,data/dataverse_files_recovered/miic_partial_clean/normal/test_normal_00352.jpg,,0,0,448,448,rgb_repeat_v1,True,False
miic_partial_normal_test_normal_00353__x00000_y00000_s00448,miic_partial_normal_test_normal_00353,miic_partial,default,,SEM,validation,good,data/dataverse_files_recovered/miic_partial_clean/normal/test_normal_00353.jpg,,0,0,448,448,rgb_repeat_v1,False,False
miic_partial_normal_test_normal_00354__x00000_y00000_s00448,miic_partial_normal_test_normal_00354,miic_partial,default,,SEM,test,good,data/dataverse_files_recovered/miic_partial_clean/normal/test_normal_00354.jpg,,0,0,448,448,rgb_repeat_v1,False,False
miic_partial_normal_test_normal_00355__x00000_y00000_s00448,miic_partial_normal_test_normal_00355,miic_partial,default,,SEM,train,good,data/dataverse_files_recovered/miic_partial_clean/normal/test_normal_00355.jpg,,0,0,448,448,rgb_repeat_v1,True,False
miic_partial_normal_test_normal_00356__x00000_y00000_s00448,miic_partial_normal_test_normal_00356,miic_partial,default,,SEM,test,good,data/dataverse_files_recovered/miic_partial_clean/normal/test_normal_00356.jpg,,0,0,448,448,rgb_repeat_v1,False,False
miic_partial_normal_test_normal_00357__x00000_y00000_s00448,miic_partial_normal_test_normal_00357,miic_partial,default,,SEM,train,good,data/dataverse_files_recovered/miic_partial_clean/normal/test_normal_00357.jpg,,0,0,448,448,rgb_repeat_v1,True,False
miic_partial_normal_test_normal_00358__x00000_y00000_s00448,miic_partial_normal_test_normal_00358,miic_partial,default,,SEM,test,good,data/dataverse_files_recovered/miic_partial_clean/normal/test_normal_00358.jpg,,0,0,448,448,rgb_repeat_v1,False,False
miic_partial_normal_test_normal_00359__x00000_y00000_s00448,miic_partial_normal_test_normal_00359,miic_partial,default,,SEM,train,good,data/dataverse_files_recovered/miic_partial_clean/normal/test_normal_00359.jpg,,0,0,448,448,rgb_repeat_v1,True,False
miic_partial_normal_test_normal_00360__x00000_y00000_s00448,miic_partial_normal_test_normal_00360,miic_partial,default,,SEM,train,good,data/dataverse_files_recovered/miic_partial_clean/normal/test_normal_00360.jpg,,0,0,448,448,rgb_repeat_v1,True,False
miic_partial_normal_test_normal_00361__x00000_y00000_s00448,miic_partial_normal_test_normal_00361,miic_partial,default,,SEM,train,good,data/dataverse_files_recovered/miic_partial_clean/normal/test_normal_00361.jpg,,0,0,448,448,rgb_repeat_v1,True,False
miic_partial_normal_test_normal_00362__x00000_y00000_s00448,miic_partial_normal_test_normal_00362,miic_partial,default,,SEM,validation,good,data/dataverse_files_recovered/miic_partial_clean/normal/test_normal_00362.jpg,,0,0,448,448,rgb_repeat_v1,False,False
miic_partial_normal_test_normal_00363__x00000_y00000_s00448,miic_partial_normal_test_normal_00363,miic_partial,default,,SEM,train,good,data/dataverse_files_recovered/miic_partial_clean/normal/test_normal_00363.jpg,,0,0,448,448,rgb_repeat_v1,True,False
miic_partial_normal_test_normal_00364__x00000_y00000_s00448,miic_partial_normal_test_normal_00364,miic_partial,default,,SEM,validation,good,data/dataverse_files_recovered/miic_partial_clean/normal/test_normal_00364.jpg,,0,0,448,448,rgb_repeat_v1,False,False
miic_partial_normal_test_normal_00365__x00000_y00000_s00448,miic_partial_normal_test_normal_00365,miic_partial,default,,SEM,train,good,data/dataverse_files_recovered/miic_partial_clean/normal/test_normal_00365.jpg,,0,0,448,448,rgb_repeat_v1,True,False
miic_partial_normal_test_normal_00366__x00000_y00000_s00448,miic_partial_normal_test_normal_00366,miic_partial,default,,SEM,train,good,data/dataverse_files_recovered/miic_partial_clean/normal/test_normal_00366.jpg,,0,0,448,448,rgb_repeat_v1,True,False
miic_partial_normal_test_normal_00367__x00000_y00000_s00448,miic_partial_normal_test_normal_00367,miic_partial,default,,SEM,train,good,data/dataverse_files_recovered/miic_partial_clean/normal/test_normal_00367.jpg,,0,0,448,448,rgb_repeat_v1,True,False
miic_partial_normal_test_normal_00368__x00000_y00000_s00448,miic_partial_normal_test_normal_00368,miic_partial,default,,SEM,validation,good,data/dataverse_files_recovered/miic_partial_clean/normal/test_normal_00368.jpg,,0,0,448,448,rgb_repeat_v1,False,False
miic_partial_normal_test_normal_00369__x00000_y00000_s00448,miic_partial_normal_test_normal_00369,miic_partial,default,,SEM,train,good,data/dataverse_files_recovered/miic_partial_clean/normal/test_normal_00369.jpg,,0,0,448,448,rgb_repeat_v1,True,False
miic_partial_normal_test_normal_00370__x00000_y00000_s00448,miic_partial_normal_test_normal_00370,miic_partial,default,,SEM,validation,good,data/dataverse_files_recovered/miic_partial_clean/normal/test_normal_00370.jpg,,0,0,448,448,rgb_repeat_v1,False,False
miic_partial_normal_test_normal_00371__x00000_y00000_s00448,miic_partial_normal_test_normal_00371,miic_partial,default,,SEM,train,good,data/dataverse_files_recovered/miic_partial_clean/normal/test_normal_00371.jpg,,0,0,448,448,rgb_repeat_v1,True,False
miic_partial_normal_test_normal_00372__x00000_y00000_s00448,miic_partial_normal_test_normal_00372,miic_partial,default,,SEM,train,good,data/dataverse_files_recovered/miic_partial_clean/normal/test_normal_00372.jpg,,0,0,448,448,rgb_repeat_v1,True,False
miic_partial_normal_test_normal_00373__x00000_y00000_s00448,miic_partial_normal_test_normal_00373,miic_partial,default,,SEM,train,good,data/dataverse_files_recovered/miic_partial_clean/normal/test_normal_00373.jpg,,0,0,448,448,rgb_repeat_v1,True,False
miic_partial_normal_test_normal_00374__x00000_y00000_s00448,miic_partial_normal_test_normal_00374,miic_partial,default,,SEM,validation,good,data/dataverse_files_recovered/miic_partial_clean/normal/test_normal_00374.jpg,,0,0,448,448,rgb_repeat_v1,False,False
miic_partial_normal_test_normal_00375__x00000_y00000_s00448,miic_partial_normal_test_normal_00375,miic_partial,default,,SEM,validation,good,data/dataverse_files_recovered/miic_partial_clean/normal/test_normal_00375.jpg,,0,0,448,448,rgb_repeat_v1,False,False
miic_partial_normal_test_normal_00376__x00000_y00000_s00448,miic_partial_normal_test_normal_00376,miic_partial,default,,SEM,validation,good,data/dataverse_files_recovered/miic_partial_clean/normal/test_normal_00376.jpg,,0,0,448,448,rgb_repeat_v1,False,False
miic_partial_normal_test_normal_00377__x00000_y00000_s00448,miic_partial_normal_test_normal_00377,miic_partial,default,,SEM,test,good,data/dataverse_files_recovered/miic_partial_clean/normal/test_normal_00377.jpg,,0,0,448,448,rgb_repeat_v1,False,False
miic_partial_normal_test_normal_00378__x00000_y00000_s00448,miic_partial_normal_test_normal_00378,miic_partial,default,,SEM,train,good,data/dataverse_files_recovered/miic_partial_clean/normal/test_normal_00378.jpg,,0,0,448,448,rgb_repeat_v1,True,False
miic_partial_normal_test_normal_00379__x00000_y00000_s00448,miic_partial_normal_test_normal_00379,miic_partial,default,,SEM,test,good,data/dataverse_files_recovered/miic_partial_clean/normal/test_normal_00379.jpg,,0,0,448,448,rgb_repeat_v1,False,False
miic_partial_normal_test_normal_00380__x00000_y00000_s00448,miic_partial_normal_test_normal_00380,miic_partial,default,,SEM,test,good,data/dataverse_files_recovered/miic_partial_clean/normal/test_normal_00380.jpg,,0,0,448,448,rgb_repeat_v1,False,False
miic_partial_normal_test_normal_00381__x00000_y00000_s00448,miic_partial_normal_test_normal_00381,miic_partial,default,,SEM,train,good,data/dataverse_files_recovered/miic_partial_clean/normal/test_normal_00381.jpg,,0,0,448,448,rgb_repeat_v1,True,False
miic_partial_normal_test_normal_00382__x00000_y00000_s00448,miic_partial_normal_test_normal_00382,miic_partial,default,,SEM,train,good,data/dataverse_files_recovered/miic_partial_clean/normal/test_normal_00382.jpg,,0,0,448,448,rgb_repeat_v1,True,False
miic_partial_normal_test_normal_00383__x00000_y00000_s00448,miic_partial_normal_test_normal_00383,miic_partial,default,,SEM,test,good,data/dataverse_files_recovered/miic_partial_clean/normal/test_normal_00383.jpg,,0,0,448,448,rgb_repeat_v1,False,False
miic_partial_normal_test_normal_00384__x00000_y00000_s00448,miic_partial_normal_test_normal_00384,miic_partial,default,,SEM,test,good,data/dataverse_files_recovered/miic_partial_clean/normal/test_normal_00384.jpg,,0,0,448,448,rgb_repeat_v1,False,False
miic_partial_normal_test_normal_00385__x00000_y00000_s00448,miic_partial_normal_test_normal_00385,miic_partial,default,,SEM,test,good,data/dataverse_files_recovered/miic_partial_clean/normal/test_normal_00385.jpg,,0,0,448,448,rgb_repeat_v1,False,False
miic_partial_normal_test_normal_00386__x00000_y00000_s00448,miic_partial_normal_test_normal_00386,miic_partial,default,,SEM,test,good,data/dataverse_files_recovered/miic_partial_clean/normal/test_normal_00386.jpg,,0,0,448,448,rgb_repeat_v1,False,False
miic_partial_normal_test_normal_00387__x00000_y00000_s00448,miic_partial_normal_test_normal_00387,miic_partial,default,,SEM,test,good,data/dataverse_files_recovered/miic_partial_clean/normal/test_normal_00387.jpg,,0,0,448,448,rgb_repeat_v1,False,False
miic_partial_normal_test_normal_00388__x00000_y00000_s00448,miic_partial_normal_test_normal_00388,miic_partial,default,,SEM,validation,good,data/dataverse_files_recovered/miic_partial_clean/normal/test_normal_00388.jpg,,0,0,448,448,rgb_repeat_v1,False,False
miic_partial_normal_test_normal_00389__x00000_y00000_s00448,miic_partial_normal_test_normal_00389,miic_partial,default,,SEM,test,good,data/dataverse_files_recovered/miic_partial_clean/normal/test_normal_00389.jpg,,0,0,448,448,rgb_repeat_v1,False,False
miic_partial_normal_test_normal_00390__x00000_y00000_s00448,miic_partial_normal_test_normal_00390,miic_partial,default,,SEM,train,good,data/dataverse_files_recovered/miic_partial_clean/normal/test_normal_00390.jpg,,0,0,448,448,rgb_repeat_v1,True,False
miic_partial_normal_test_normal_00391__x00000_y00000_s00448,miic_partial_normal_test_normal_00391,miic_partial,default,,SEM,train,good,data/dataverse_files_recovered/miic_partial_clean/normal/test_normal_00391.jpg,,0,0,448,448,rgb_repeat_v1,True,False
miic_partial_normal_test_normal_00392__x00000_y00000_s00448,miic_partial_normal_test_normal_00392,miic_partial,default,,SEM,validation,good,data/dataverse_files_recovered/miic_partial_clean/normal/test_normal_00392.jpg,,0,0,448,448,rgb_repeat_v1,False,False
miic_partial_normal_test_normal_00393__x00000_y00000_s00448,miic_partial_normal_test_normal_00393,miic_partial,default,,SEM,validation,good,data/dataverse_files_recovered/miic_partial_clean/normal/test_normal_00393.jpg,,0,0,448,448,rgb_repeat_v1,False,False
miic_partial_normal_test_normal_00394__x00000_y00000_s00448,miic_partial_normal_test_normal_00394,miic_partial,default,,SEM,train,good,data/dataverse_files_recovered/miic_partial_clean/normal/test_normal_00394.jpg,,0,0,448,448,rgb_repeat_v1,True,False
miic_partial_normal_test_normal_00395__x00000_y00000_s00448,miic_partial_normal_test_normal_00395,miic_partial,default,,SEM,train,good,data/dataverse_files_recovered/miic_partial_clean/normal/test_normal_00395.jpg,,0,0,448,448,rgb_repeat_v1,True,False
miic_partial_normal_test_normal_00396__x00000_y00000_s00448,miic_partial_normal_test_normal_00396,miic_partial,default,,SEM,train,good,data/dataverse_files_recovered/miic_partial_clean/normal/test_normal_00396.jpg,,0,0,448,448,rgb_repeat_v1,True,False
miic_partial_normal_test_normal_00397__x00000_y00000_s00448,miic_partial_normal_test_normal_00397,miic_partial,default,,SEM,train,good,data/dataverse_files_recovered/miic_partial_clean/normal/test_normal_00397.jpg,,0,0,448,448,rgb_repeat_v1,True,False
miic_partial_normal_test_normal_00398__x00000_y00000_s00448,miic_partial_normal_test_normal_00398,miic_partial,default,,SEM,train,good,data/dataverse_files_recovered/miic_partial_clean/normal/test_normal_00398.jpg,,0,0,448,448,rgb_repeat_v1,True,False
miic_partial_normal_test_normal_00399__x00000_y00000_s00448,miic_partial_normal_test_normal_00399,miic_partial,default,,SEM,test,good,data/dataverse_files_recovered/miic_partial_clean/normal/test_normal_00399.jpg,,0,0,448,448,rgb_repeat_v1,False,False
miic_partial_normal_test_normal_00400__x00000_y00000_s00448,miic_partial_normal_test_normal_00400,miic_partial,default,,SEM,test,good,data/dataverse_files_recovered/miic_partial_clean/normal/test_normal_00400.jpg,,0,0,448,448,rgb_repeat_v1,False,False
miic_partial_normal_test_normal_00401__x00000_y00000_s00448,miic_partial_normal_test_normal_00401,miic_partial,default,,SEM,test,good,data/dataverse_files_recovered/miic_partial_clean/normal/test_normal_00401.jpg,,0,0,448,448,rgb_repeat_v1,False,False
miic_partial_normal_test_normal_00402__x00000_y00000_s00448,miic_partial_normal_test_normal_00402,miic_partial,default,,SEM,train,good,data/dataverse_files_recovered/miic_partial_clean/normal/test_normal_00402.jpg,,0,0,448,448,rgb_repeat_v1,True,False
miic_partial_normal_test_normal_00403__x00000_y00000_s00448,miic_partial_normal_test_normal_00403,miic_partial,default,,SEM,test,good,data/dataverse_files_recovered/miic_partial_clean/normal/test_normal_00403.jpg,,0,0,448,448,rgb_repeat_v1,False,False
miic_partial_normal_test_normal_00404__x00000_y00000_s00448,miic_partial_normal_test_normal_00404,miic_partial,default,,SEM,validation,good,data/dataverse_files_recovered/miic_partial_clean/normal/test_normal_00404.jpg,,0,0,448,448,rgb_repeat_v1,False,False
miic_partial_normal_test_normal_00405__x00000_y00000_s00448,miic_partial_normal_test_normal_00405,miic_partial,default,,SEM,train,good,data/dataverse_files_recovered/miic_partial_clean/normal/test_normal_00405.jpg,,0,0,448,448,rgb_repeat_v1,True,False
miic_partial_normal_test_normal_00406__x00000_y00000_s00448,miic_partial_normal_test_normal_00406,miic_partial,default,,SEM,validation,good,data/dataverse_files_recovered/miic_partial_clean/normal/test_normal_00406.jpg,,0,0,448,448,rgb_repeat_v1,False,False
miic_partial_normal_test_normal_00407__x00000_y00000_s00448,miic_partial_normal_test_normal_00407,miic_partial,default,,SEM,train,good,data/dataverse_files_recovered/miic_partial_clean/normal/test_normal_00407.jpg,,0,0,448,448,rgb_repeat_v1,True,False
miic_partial_normal_test_normal_00408__x00000_y00000_s00448,miic_partial_normal_test_normal_00408,miic_partial,default,,SEM,validation,good,data/dataverse_files_recovered/miic_partial_clean/normal/test_normal_00408.jpg,,0,0,448,448,rgb_repeat_v1,False,False
miic_partial_normal_test_normal_00409__x00000_y00000_s00448,miic_partial_normal_test_normal_00409,miic_partial,default,,SEM,test,good,data/dataverse_files_recovered/miic_partial_clean/normal/test_normal_00409.jpg,,0,0,448,448,rgb_repeat_v1,False,False
miic_partial_normal_test_normal_00410__x00000_y00000_s00448,miic_partial_normal_test_normal_00410,miic_partial,default,,SEM,test,good,data/dataverse_files_recovered/miic_partial_clean/normal/test_normal_00410.jpg,,0,0,448,448,rgb_repeat_v1,False,False
miic_partial_normal_test_normal_00411__x00000_y00000_s00448,miic_partial_normal_test_normal_00411,miic_partial,default,,SEM,train,good,data/dataverse_files_recovered/miic_partial_clean/normal/test_normal_00411.jpg,,0,0,448,448,rgb_repeat_v1,True,False
miic_partial_normal_test_normal_00412__x00000_y00000_s00448,miic_partial_normal_test_normal_00412,miic_partial,default,,SEM,test,good,data/dataverse_files_recovered/miic_partial_clean/normal/test_normal_00412.jpg,,0,0,448,448,rgb_repeat_v1,False,False
miic_partial_normal_test_normal_00413__x00000_y00000_s00448,miic_partial_normal_test_normal_00413,miic_partial,default,,SEM,validation,good,data/dataverse_files_recovered/miic_partial_clean/normal/test_normal_00413.jpg,,0,0,448,448,rgb_repeat_v1,False,False
miic_partial_normal_test_normal_00414__x00000_y00000_s00448,miic_partial_normal_test_normal_00414,miic_partial,default,,SEM,validation,good,data/dataverse_files_recovered/miic_partial_clean/normal/test_normal_00414.jpg,,0,0,448,448,rgb_repeat_v1,False,False
miic_partial_normal_test_normal_00415__x00000_y00000_s00448,miic_partial_normal_test_normal_00415,miic_partial,default,,SEM,test,good,data/dataverse_files_recovered/miic_partial_clean/normal/test_normal_00415.jpg,,0,0,448,448,rgb_repeat_v1,False,False
miic_partial_normal_test_normal_00416__x00000_y00000_s00448,miic_partial_normal_test_normal_00416,miic_partial,default,,SEM,train,good,data/dataverse_files_recovered/miic_partial_clean/normal/test_normal_00416.jpg,,0,0,448,448,rgb_repeat_v1,True,False
miic_partial_normal_test_normal_00417__x00000_y00000_s00448,miic_partial_normal_test_normal_00417,miic_partial,default,,SEM,test,good,data/dataverse_files_recovered/miic_partial_clean/normal/test_normal_00417.jpg,,0,0,448,448,rgb_repeat_v1,False,False
miic_partial_normal_test_normal_00418__x00000_y00000_s00448,miic_partial_normal_test_normal_00418,miic_partial,default,,SEM,train,good,data/dataverse_files_recovered/miic_partial_clean/normal/test_normal_00418.jpg,,0,0,448,448,rgb_repeat_v1,True,False
miic_partial_normal_test_normal_00419__x00000_y00000_s00448,miic_partial_normal_test_normal_00419,miic_partial,default,,SEM,validation,good,data/dataverse_files_recovered/miic_partial_clean/normal/test_normal_00419.jpg,,0,0,448,448,rgb_repeat_v1,False,False
miic_partial_normal_test_normal_00420__x00000_y00000_s00448,miic_partial_normal_test_normal_00420,miic_partial,default,,SEM,validation,good,data/dataverse_files_recovered/miic_partial_clean/normal/test_normal_00420.jpg,,0,0,448,448,rgb_repeat_v1,False,False
miic_partial_normal_test_normal_00421__x00000_y00000_s00448,miic_partial_normal_test_normal_00421,miic_partial,default,,SEM,test,good,data/dataverse_files_recovered/miic_partial_clean/normal/test_normal_00421.jpg,,0,0,448,448,rgb_repeat_v1,False,False
miic_partial_normal_test_normal_00422__x00000_y00000_s00448,miic_partial_normal_test_normal_00422,miic_partial,default,,SEM,test,good,data/dataverse_files_recovered/miic_partial_clean/normal/test_normal_00422.jpg,,0,0,448,448,rgb_repeat_v1,False,False
miic_partial_normal_test_normal_00423__x00000_y00000_s00448,miic_partial_normal_test_normal_00423,miic_partial,default,,SEM,train,good,data/dataverse_files_recovered/miic_partial_clean/normal/test_normal_00423.jpg,,0,0,448,448,rgb_repeat_v1,True,False
miic_partial_normal_test_normal_00424__x00000_y00000_s00448,miic_partial_normal_test_normal_00424,miic_partial,default,,SEM,validation,good,data/dataverse_files_recovered/miic_partial_clean/normal/test_normal_00424.jpg,,0,0,448,448,rgb_repeat_v1,False,False
miic_partial_normal_test_normal_00425__x00000_y00000_s00448,miic_partial_normal_test_normal_00425,miic_partial,default,,SEM,train,good,data/dataverse_files_recovered/miic_partial_clean/normal/test_normal_00425.jpg,,0,0,448,448,rgb_repeat_v1,True,False
miic_partial_normal_test_normal_00426__x00000_y00000_s00448,miic_partial_normal_test_normal_00426,miic_partial,default,,SEM,test,good,data/dataverse_files_recovered/miic_partial_clean/normal/test_normal_00426.jpg,,0,0,448,448,rgb_repeat_v1,False,False
miic_partial_normal_test_normal_00427__x00000_y00000_s00448,miic_partial_normal_test_normal_00427,miic_partial,default,,SEM,train,good,data/dataverse_files_recovered/miic_partial_clean/normal/test_normal_00427.jpg,,0,0,448,448,rgb_repeat_v1,True,False
miic_partial_normal_test_normal_00428__x00000_y00000_s00448,miic_partial_normal_test_normal_00428,miic_partial,default,,SEM,train,good,data/dataverse_files_recovered/miic_partial_clean/normal/test_normal_00428.jpg,,0,0,448,448,rgb_repeat_v1,True,False
miic_partial_normal_test_normal_00429__x00000_y00000_s00448,miic_partial_normal_test_normal_00429,miic_partial,default,,SEM,validation,good,data/dataverse_files_recovered/miic_partial_clean/normal/test_normal_00429.jpg,,0,0,448,448,rgb_repeat_v1,False,False
miic_partial_normal_test_normal_00430__x00000_y00000_s00448,miic_partial_normal_test_normal_00430,miic_partial,default,,SEM,train,good,data/dataverse_files_recovered/miic_partial_clean/normal/test_normal_00430.jpg,,0,0,448,448,rgb_repeat_v1,True,False
miic_partial_normal_test_normal_00431__x00000_y00000_s00448,miic_partial_normal_test_normal_00431,miic_partial,default,,SEM,test,good,data/dataverse_files_recovered/miic_partial_clean/normal/test_normal_00431.jpg,,0,0,448,448,rgb_repeat_v1,False,False
miic_partial_normal_test_normal_00432__x00000_y00000_s00448,miic_partial_normal_test_normal_00432,miic_partial,default,,SEM,train,good,data/dataverse_files_recovered/miic_partial_clean/normal/test_normal_00432.jpg,,0,0,448,448,rgb_repeat_v1,True,False
miic_partial_normal_test_normal_00433__x00000_y00000_s00448,miic_partial_normal_test_normal_00433,miic_partial,default,,SEM,validation,good,data/dataverse_files_recovered/miic_partial_clean/normal/test_normal_00433.jpg,,0,0,448,448,rgb_repeat_v1,False,False
miic_partial_normal_test_normal_00434__x00000_y00000_s00448,miic_partial_normal_test_normal_00434,miic_partial,default,,SEM,train,good,data/dataverse_files_recovered/miic_partial_clean/normal/test_normal_00434.jpg,,0,0,448,448,rgb_repeat_v1,True,False
miic_partial_normal_test_normal_00435__x00000_y00000_s00448,miic_partial_normal_test_normal_00435,miic_partial,default,,SEM,train,good,data/dataverse_files_recovered/miic_partial_clean/normal/test_normal_00435.jpg,,0,0,448,448,rgb_repeat_v1,True,False
miic_partial_normal_test_normal_00436__x00000_y00000_s00448,miic_partial_normal_test_normal_00436,miic_partial,default,,SEM,train,good,data/dataverse_files_recovered/miic_partial_clean/normal/test_normal_00436.jpg,,0,0,448,448,rgb_repeat_v1,True,False
miic_partial_normal_test_normal_00437__x00000_y00000_s00448,miic_partial_normal_test_normal_00437,miic_partial,default,,SEM,train,good,data/dataverse_files_recovered/miic_partial_clean/normal/test_normal_00437.jpg,,0,0,448,448,rgb_repeat_v1,True,False
miic_partial_normal_test_normal_00438__x00000_y00000_s00448,miic_partial_normal_test_normal_00438,miic_partial,default,,SEM,test,good,data/dataverse_files_recovered/miic_partial_clean/normal/test_normal_00438.jpg,,0,0,448,448,rgb_repeat_v1,False,False
miic_partial_normal_test_normal_00439__x00000_y00000_s00448,miic_partial_normal_test_normal_00439,miic_partial,default,,SEM,train,good,data/dataverse_files_recovered/miic_partial_clean/normal/test_normal_00439.jpg,,0,0,448,448,rgb_repeat_v1,True,False
miic_partial_normal_test_normal_00440__x00000_y00000_s00448,miic_partial_normal_test_normal_00440,miic_partial,default,,SEM,train,good,data/dataverse_files_recovered/miic_partial_clean/normal/test_normal_00440.jpg,,0,0,448,448,rgb_repeat_v1,True,False
miic_partial_normal_test_normal_00441__x00000_y00000_s00448,miic_partial_normal_test_normal_00441,miic_partial,default,,SEM,validation,good,data/dataverse_files_recovered/miic_partial_clean/normal/test_normal_00441.jpg,,0,0,448,448,rgb_repeat_v1,False,False
miic_partial_normal_test_normal_00442__x00000_y00000_s00448,miic_partial_normal_test_normal_00442,miic_partial,default,,SEM,test,good,data/dataverse_files_recovered/miic_partial_clean/normal/test_normal_00442.jpg,,0,0,448,448,rgb_repeat_v1,False,False
miic_partial_normal_test_normal_00443__x00000_y00000_s00448,miic_partial_normal_test_normal_00443,miic_partial,default,,SEM,train,good,data/dataverse_files_recovered/miic_partial_clean/normal/test_normal_00443.jpg,,0,0,448,448,rgb_repeat_v1,True,False
miic_partial_normal_test_normal_00444__x00000_y00000_s00448,miic_partial_normal_test_normal_00444,miic_partial,default,,SEM,train,good,data/dataverse_files_recovered/miic_partial_clean/normal/test_normal_00444.jpg,,0,0,448,448,rgb_repeat_v1,True,False
miic_partial_normal_test_normal_00445__x00000_y00000_s00448,miic_partial_normal_test_normal_00445,miic_partial,default,,SEM,train,good,data/dataverse_files_recovered/miic_partial_clean/normal/test_normal_00445.jpg,,0,0,448,448,rgb_repeat_v1,True,False
miic_partial_normal_test_normal_00446__x00000_y00000_s00448,miic_partial_normal_test_normal_00446,miic_partial,default,,SEM,validation,good,data/dataverse_files_recovered/miic_partial_clean/normal/test_normal_00446.jpg,,0,0,448,448,rgb_repeat_v1,False,False
miic_partial_normal_test_normal_00447__x00000_y00000_s00448,miic_partial_normal_test_normal_00447,miic_partial,default,,SEM,validation,good,data/dataverse_files_recovered/miic_partial_clean/normal/test_normal_00447.jpg,,0,0,448,448,rgb_repeat_v1,False,False
miic_partial_normal_test_normal_00448__x00000_y00000_s00448,miic_partial_normal_test_normal_00448,miic_partial,default,,SEM,test,good,data/dataverse_files_recovered/miic_partial_clean/normal/test_normal_00448.jpg,,0,0,448,448,rgb_repeat_v1,False,False
miic_partial_normal_test_normal_00449__x00000_y00000_s00448,miic_partial_normal_test_normal_00449,miic_partial,default,,SEM,train,good,data/dataverse_files_recovered/miic_partial_clean/normal/test_normal_00449.jpg,,0,0,448,448,rgb_repeat_v1,True,False
miic_partial_normal_test_normal_00450__x00000_y00000_s00448,miic_partial_normal_test_normal_00450,miic_partial,default,,SEM,validation,good,data/dataverse_files_recovered/miic_partial_clean/normal/test_normal_00450.jpg,,0,0,448,448,rgb_repeat_v1,False,False
miic_partial_normal_test_normal_00451__x00000_y00000_s00448,miic_partial_normal_test_normal_00451,miic_partial,default,,SEM,train,good,data/dataverse_files_recovered/miic_partial_clean/normal/test_normal_00451.jpg,,0,0,448,448,rgb_repeat_v1,True,False
miic_partial_normal_test_normal_00452__x00000_y00000_s00448,miic_partial_normal_test_normal_00452,miic_partial,default,,SEM,train,good,data/dataverse_files_recovered/miic_partial_clean/normal/test_normal_00452.jpg,,0,0,448,448,rgb_repeat_v1,True,False
miic_partial_normal_test_normal_00453__x00000_y00000_s00448,miic_partial_normal_test_normal_00453,miic_partial,default,,SEM,validation,good,data/dataverse_files_recovered/miic_partial_clean/normal/test_normal_00453.jpg,,0,0,448,448,rgb_repeat_v1,False,False
miic_partial_normal_test_normal_00454__x00000_y00000_s00448,miic_partial_normal_test_normal_00454,miic_partial,default,,SEM,train,good,data/dataverse_files_recovered/miic_partial_clean/normal/test_normal_00454.jpg,,0,0,448,448,rgb_repeat_v1,True,False
miic_partial_normal_test_normal_00455__x00000_y00000_s00448,miic_partial_normal_test_normal_00455,miic_partial,default,,SEM,train,good,data/dataverse_files_recovered/miic_partial_clean/normal/test_normal_00455.jpg,,0,0,448,448,rgb_repeat_v1,True,False
miic_partial_normal_test_normal_00456__x00000_y00000_s00448,miic_partial_normal_test_normal_00456,miic_partial,default,,SEM,test,good,data/dataverse_files_recovered/miic_partial_clean/normal/test_normal_00456.jpg,,0,0,448,448,rgb_repeat_v1,False,False
miic_partial_normal_test_normal_00457__x00000_y00000_s00448,miic_partial_normal_test_normal_00457,miic_partial,default,,SEM,test,good,data/dataverse_files_recovered/miic_partial_clean/normal/test_normal_00457.jpg,,0,0,448,448,rgb_repeat_v1,False,False
miic_partial_normal_test_normal_00458__x00000_y00000_s00448,miic_partial_normal_test_normal_00458,miic_partial,default,,SEM,train,good,data/dataverse_files_recovered/miic_partial_clean/normal/test_normal_00458.jpg,,0,0,448,448,rgb_repeat_v1,True,False
miic_partial_normal_test_normal_00459__x00000_y00000_s00448,miic_partial_normal_test_normal_00459,miic_partial,default,,SEM,train,good,data/dataverse_files_recovered/miic_partial_clean/normal/test_normal_00459.jpg,,0,0,448,448,rgb_repeat_v1,True,False
miic_partial_normal_test_normal_00460__x00000_y00000_s00448,miic_partial_normal_test_normal_00460,miic_partial,default,,SEM,train,good,data/dataverse_files_recovered/miic_partial_clean/normal/test_normal_00460.jpg,,0,0,448,448,rgb_repeat_v1,True,False
miic_partial_normal_test_normal_00461__x00000_y00000_s00448,miic_partial_normal_test_normal_00461,miic_partial,default,,SEM,train,good,data/dataverse_files_recovered/miic_partial_clean/normal/test_normal_00461.jpg,,0,0,448,448,rgb_repeat_v1,True,False
miic_partial_normal_test_normal_00462__x00000_y00000_s00448,miic_partial_normal_test_normal_00462,miic_partial,default,,SEM,validation,good,data/dataverse_files_recovered/miic_partial_clean/normal/test_normal_00462.jpg,,0,0,448,448,rgb_repeat_v1,False,False
miic_partial_normal_test_normal_00463__x00000_y00000_s00448,miic_partial_normal_test_normal_00463,miic_partial,default,,SEM,validation,good,data/dataverse_files_recovered/miic_partial_clean/normal/test_normal_00463.jpg,,0,0,448,448,rgb_repeat_v1,False,False
miic_partial_normal_test_normal_00464__x00000_y00000_s00448,miic_partial_normal_test_normal_00464,miic_partial,default,,SEM,validation,good,data/dataverse_files_recovered/miic_partial_clean/normal/test_normal_00464.jpg,,0,0,448,448,rgb_repeat_v1,False,False
miic_partial_normal_test_normal_00465__x00000_y00000_s00448,miic_partial_normal_test_normal_00465,miic_partial,default,,SEM,train,good,data/dataverse_files_recovered/miic_partial_clean/normal/test_normal_00465.jpg,,0,0,448,448,rgb_repeat_v1,True,False
miic_partial_normal_test_normal_00466__x00000_y00000_s00448,miic_partial_normal_test_normal_00466,miic_partial,default,,SEM,train,good,data/dataverse_files_recovered/miic_partial_clean/normal/test_normal_00466.jpg,,0,0,448,448,rgb_repeat_v1,True,False
miic_partial_normal_test_normal_00467__x00000_y00000_s00448,miic_partial_normal_test_normal_00467,miic_partial,default,,SEM,train,good,data/dataverse_files_recovered/miic_partial_clean/normal/test_normal_00467.jpg,,0,0,448,448,rgb_repeat_v1,True,False
miic_partial_normal_test_normal_00468__x00000_y00000_s00448,miic_partial_normal_test_normal_00468,miic_partial,default,,SEM,train,good,data/dataverse_files_recovered/miic_partial_clean/normal/test_normal_00468.jpg,,0,0,448,448,rgb_repeat_v1,True,False
miic_partial_normal_test_normal_00469__x00000_y00000_s00448,miic_partial_normal_test_normal_00469,miic_partial,default,,SEM,train,good,data/dataverse_files_recovered/miic_partial_clean/normal/test_normal_00469.jpg,,0,0,448,448,rgb_repeat_v1,True,False
miic_partial_normal_test_normal_00470__x00000_y00000_s00448,miic_partial_normal_test_normal_00470,miic_partial,default,,SEM,validation,good,data/dataverse_files_recovered/miic_partial_clean/normal/test_normal_00470.jpg,,0,0,448,448,rgb_repeat_v1,False,False
miic_partial_normal_test_normal_00471__x00000_y00000_s00448,miic_partial_normal_test_normal_00471,miic_partial,default,,SEM,validation,good,data/dataverse_files_recovered/miic_partial_clean/normal/test_normal_00471.jpg,,0,0,448,448,rgb_repeat_v1,False,False
miic_partial_normal_test_normal_00472__x00000_y00000_s00448,miic_partial_normal_test_normal_00472,miic_partial,default,,SEM,test,good,data/dataverse_files_recovered/miic_partial_clean/normal/test_normal_00472.jpg,,0,0,448,448,rgb_repeat_v1,False,False
miic_partial_normal_test_normal_00473__x00000_y00000_s00448,miic_partial_normal_test_normal_00473,miic_partial,default,,SEM,train,good,data/dataverse_files_recovered/miic_partial_clean/normal/test_normal_00473.jpg,,0,0,448,448,rgb_repeat_v1,True,False
miic_partial_normal_test_normal_00474__x00000_y00000_s00448,miic_partial_normal_test_normal_00474,miic_partial,default,,SEM,test,good,data/dataverse_files_recovered/miic_partial_clean/normal/test_normal_00474.jpg,,0,0,448,448,rgb_repeat_v1,False,False
miic_partial_normal_test_normal_00475__x00000_y00000_s00448,miic_partial_normal_test_normal_00475,miic_partial,default,,SEM,validation,good,data/dataverse_files_recovered/miic_partial_clean/normal/test_normal_00475.jpg,,0,0,448,448,rgb_repeat_v1,False,False
miic_partial_normal_test_normal_00476__x00000_y00000_s00448,miic_partial_normal_test_normal_00476,miic_partial,default,,SEM,train,good,data/dataverse_files_recovered/miic_partial_clean/normal/test_normal_00476.jpg,,0,0,448,448,rgb_repeat_v1,True,False
miic_partial_normal_test_normal_00477__x00000_y00000_s00448,miic_partial_normal_test_normal_00477,miic_partial,default,,SEM,test,good,data/dataverse_files_recovered/miic_partial_clean/normal/test_normal_00477.jpg,,0,0,448,448,rgb_repeat_v1,False,False
miic_partial_normal_test_normal_00478__x00000_y00000_s00448,miic_partial_normal_test_normal_00478,miic_partial,default,,SEM,validation,good,data/dataverse_files_recovered/miic_partial_clean/normal/test_normal_00478.jpg,,0,0,448,448,rgb_repeat_v1,False,False
miic_partial_normal_test_normal_00479__x00000_y00000_s00448,miic_partial_normal_test_normal_00479,miic_partial,default,,SEM,train,good,data/dataverse_files_recovered/miic_partial_clean/normal/test_normal_00479.jpg,,0,0,448,448,rgb_repeat_v1,True,False
miic_partial_normal_test_normal_00480__x00000_y00000_s00448,miic_partial_normal_test_normal_00480,miic_partial,default,,SEM,test,good,data/dataverse_files_recovered/miic_partial_clean/normal/test_normal_00480.jpg,,0,0,448,448,rgb_repeat_v1,False,False
miic_partial_normal_test_normal_00481__x00000_y00000_s00448,miic_partial_normal_test_normal_00481,miic_partial,default,,SEM,test,good,data/dataverse_files_recovered/miic_partial_clean/normal/test_normal_00481.jpg,,0,0,448,448,rgb_repeat_v1,False,False
miic_partial_normal_test_normal_00482__x00000_y00000_s00448,miic_partial_normal_test_normal_00482,miic_partial,default,,SEM,train,good,data/dataverse_files_recovered/miic_partial_clean/normal/test_normal_00482.jpg,,0,0,448,448,rgb_repeat_v1,True,False
miic_partial_normal_test_normal_00483__x00000_y00000_s00448,miic_partial_normal_test_normal_00483,miic_partial,default,,SEM,train,good,data/dataverse_files_recovered/miic_partial_clean/normal/test_normal_00483.jpg,,0,0,448,448,rgb_repeat_v1,True,False
miic_partial_normal_test_normal_00484__x00000_y00000_s00448,miic_partial_normal_test_normal_00484,miic_partial,default,,SEM,test,good,data/dataverse_files_recovered/miic_partial_clean/normal/test_normal_00484.jpg,,0,0,448,448,rgb_repeat_v1,False,False
miic_partial_normal_test_normal_00485__x00000_y00000_s00448,miic_partial_normal_test_normal_00485,miic_partial,default,,SEM,train,good,data/dataverse_files_recovered/miic_partial_clean/normal/test_normal_00485.jpg,,0,0,448,448,rgb_repeat_v1,True,False
miic_partial_normal_test_normal_00486__x00000_y00000_s00448,miic_partial_normal_test_normal_00486,miic_partial,default,,SEM,validation,good,data/dataverse_files_recovered/miic_partial_clean/normal/test_normal_00486.jpg,,0,0,448,448,rgb_repeat_v1,False,False
miic_partial_normal_test_normal_00487__x00000_y00000_s00448,miic_partial_normal_test_normal_00487,miic_partial,default,,SEM,train,good,data/dataverse_files_recovered/miic_partial_clean/normal/test_normal_00487.jpg,,0,0,448,448,rgb_repeat_v1,True,False
miic_partial_normal_test_normal_00488__x00000_y00000_s00448,miic_partial_normal_test_normal_00488,miic_partial,default,,SEM,train,good,data/dataverse_files_recovered/miic_partial_clean/normal/test_normal_00488.jpg,,0,0,448,448,rgb_repeat_v1,True,False
miic_partial_normal_test_normal_00489__x00000_y00000_s00448,miic_partial_normal_test_normal_00489,miic_partial,default,,SEM,train,good,data/dataverse_files_recovered/miic_partial_clean/normal/test_normal_00489.jpg,,0,0,448,448,rgb_repeat_v1,True,False
miic_partial_normal_test_normal_00490__x00000_y00000_s00448,miic_partial_normal_test_normal_00490,miic_partial,default,,SEM,test,good,data/dataverse_files_recovered/miic_partial_clean/normal/test_normal_00490.jpg,,0,0,448,448,rgb_repeat_v1,False,False
miic_partial_normal_test_normal_00491__x00000_y00000_s00448,miic_partial_normal_test_normal_00491,miic_partial,default,,SEM,train,good,data/dataverse_files_recovered/miic_partial_clean/normal/test_normal_00491.jpg,,0,0,448,448,rgb_repeat_v1,True,False
miic_partial_normal_test_normal_00492__x00000_y00000_s00448,miic_partial_normal_test_normal_00492,miic_partial,default,,SEM,train,good,data/dataverse_files_recovered/miic_partial_clean/normal/test_normal_00492.jpg,,0,0,448,448,rgb_repeat_v1,True,False
miic_partial_normal_test_normal_00493__x00000_y00000_s00448,miic_partial_normal_test_normal_00493,miic_partial,default,,SEM,validation,good,data/dataverse_files_recovered/miic_partial_clean/normal/test_normal_00493.jpg,,0,0,448,448,rgb_repeat_v1,False,False
miic_partial_normal_test_normal_00494__x00000_y00000_s00448,miic_partial_normal_test_normal_00494,miic_partial,default,,SEM,test,good,data/dataverse_files_recovered/miic_partial_clean/normal/test_normal_00494.jpg,,0,0,448,448,rgb_repeat_v1,False,False
miic_partial_normal_test_normal_00495__x00000_y00000_s00448,miic_partial_normal_test_normal_00495,miic_partial,default,,SEM,train,good,data/dataverse_files_recovered/miic_partial_clean/normal/test_normal_00495.jpg,,0,0,448,448,rgb_repeat_v1,True,False
miic_partial_normal_test_normal_00496__x00000_y00000_s00448,miic_partial_normal_test_normal_00496,miic_partial,default,,SEM,validation,good,data/dataverse_files_recovered/miic_partial_clean/normal/test_normal_00496.jpg,,0,0,448,448,rgb_repeat_v1,False,False
miic_partial_normal_test_normal_00497__x00000_y00000_s00448,miic_partial_normal_test_normal_00497,miic_partial,default,,SEM,validation,good,data/dataverse_files_recovered/miic_partial_clean/normal/test_normal_00497.jpg,,0,0,448,448,rgb_repeat_v1,False,False
miic_partial_normal_test_normal_00498__x00000_y00000_s00448,miic_partial_normal_test_normal_00498,miic_partial,default,,SEM,train,good,data/dataverse_files_recovered/miic_partial_clean/normal/test_normal_00498.jpg,,0,0,448,448,rgb_repeat_v1,True,False
miic_partial_normal_test_normal_00499__x00000_y00000_s00448,miic_partial_normal_test_normal_00499,miic_partial,default,,SEM,test,good,data/dataverse_files_recovered/miic_partial_clean/normal/test_normal_00499.jpg,,0,0,448,448,rgb_repeat_v1,False,False
miic_partial_normal_test_normal_00500__x00000_y00000_s00448,miic_partial_normal_test_normal_00500,miic_partial,default,,SEM,test,good,data/dataverse_files_recovered/miic_partial_clean/normal/test_normal_00500.jpg,,0,0,448,448,rgb_repeat_v1,False,False
miic_partial_normal_test_normal_00501__x00000_y00000_s00448,miic_partial_normal_test_normal_00501,miic_partial,default,,SEM,test,good,data/dataverse_files_recovered/miic_partial_clean/normal/test_normal_00501.jpg,,0,0,448,448,rgb_repeat_v1,False,False
miic_partial_normal_test_normal_00502__x00000_y00000_s00448,miic_partial_normal_test_normal_00502,miic_partial,default,,SEM,test,good,data/dataverse_files_recovered/miic_partial_clean/normal/test_normal_00502.jpg,,0,0,448,448,rgb_repeat_v1,False,False
miic_partial_normal_test_normal_00503__x00000_y00000_s00448,miic_partial_normal_test_normal_00503,miic_partial,default,,SEM,train,good,data/dataverse_files_recovered/miic_partial_clean/normal/test_normal_00503.jpg,,0,0,448,448,rgb_repeat_v1,True,False
miic_partial_normal_test_normal_00504__x00000_y00000_s00448,miic_partial_normal_test_normal_00504,miic_partial,default,,SEM,validation,good,data/dataverse_files_recovered/miic_partial_clean/normal/test_normal_00504.jpg,,0,0,448,448,rgb_repeat_v1,False,False
miic_partial_normal_test_normal_00505__x00000_y00000_s00448,miic_partial_normal_test_normal_00505,miic_partial,default,,SEM,train,good,data/dataverse_files_recovered/miic_partial_clean/normal/test_normal_00505.jpg,,0,0,448,448,rgb_repeat_v1,True,False
miic_partial_normal_test_normal_00506__x00000_y00000_s00448,miic_partial_normal_test_normal_00506,miic_partial,default,,SEM,validation,good,data/dataverse_files_recovered/miic_partial_clean/normal/test_normal_00506.jpg,,0,0,448,448,rgb_repeat_v1,False,False
miic_partial_normal_test_normal_00507__x00000_y00000_s00448,miic_partial_normal_test_normal_00507,miic_partial,default,,SEM,train,good,data/dataverse_files_recovered/miic_partial_clean/normal/test_normal_00507.jpg,,0,0,448,448,rgb_repeat_v1,True,False
miic_partial_normal_test_normal_00508__x00000_y00000_s00448,miic_partial_normal_test_normal_00508,miic_partial,default,,SEM,test,good,data/dataverse_files_recovered/miic_partial_clean/normal/test_normal_00508.jpg,,0,0,448,448,rgb_repeat_v1,False,False
miic_partial_normal_test_normal_00509__x00000_y00000_s00448,miic_partial_normal_test_normal_00509,miic_partial,default,,SEM,train,good,data/dataverse_files_recovered/miic_partial_clean/normal/test_normal_00509.jpg,,0,0,448,448,rgb_repeat_v1,True,False
miic_partial_normal_test_normal_00510__x00000_y00000_s00448,miic_partial_normal_test_normal_00510,miic_partial,default,,SEM,train,good,data/dataverse_files_recovered/miic_partial_clean/normal/test_normal_00510.jpg,,0,0,448,448,rgb_repeat_v1,True,False
miic_partial_normal_test_normal_00511__x00000_y00000_s00448,miic_partial_normal_test_normal_00511,miic_partial,default,,SEM,test,good,data/dataverse_files_recovered/miic_partial_clean/normal/test_normal_00511.jpg,,0,0,448,448,rgb_repeat_v1,False,False
miic_partial_normal_test_normal_00512__x00000_y00000_s00448,miic_partial_normal_test_normal_00512,miic_partial,default,,SEM,test,good,data/dataverse_files_recovered/miic_partial_clean/normal/test_normal_00512.jpg,,0,0,448,448,rgb_repeat_v1,False,False
miic_partial_normal_test_normal_00513__x00000_y00000_s00448,miic_partial_normal_test_normal_00513,miic_partial,default,,SEM,train,good,data/dataverse_files_recovered/miic_partial_clean/normal/test_normal_00513.jpg,,0,0,448,448,rgb_repeat_v1,True,False
miic_partial_normal_test_normal_00514__x00000_y00000_s00448,miic_partial_normal_test_normal_00514,miic_partial,default,,SEM,train,good,data/dataverse_files_recovered/miic_partial_clean/normal/test_normal_00514.jpg,,0,0,448,448,rgb_repeat_v1,True,False
miic_partial_normal_test_normal_00515__x00000_y00000_s00448,miic_partial_normal_test_normal_00515,miic_partial,default,,SEM,train,good,data/dataverse_files_recovered/miic_partial_clean/normal/test_normal_00515.jpg,,0,0,448,448,rgb_repeat_v1,True,False
miic_partial_normal_test_normal_00516__x00000_y00000_s00448,miic_partial_normal_test_normal_00516,miic_partial,default,,SEM,validation,good,data/dataverse_files_recovered/miic_partial_clean/normal/test_normal_00516.jpg,,0,0,448,448,rgb_repeat_v1,False,False
miic_partial_normal_test_normal_00517__x00000_y00000_s00448,miic_partial_normal_test_normal_00517,miic_partial,default,,SEM,train,good,data/dataverse_files_recovered/miic_partial_clean/normal/test_normal_00517.jpg,,0,0,448,448,rgb_repeat_v1,True,False
miic_partial_normal_test_normal_00518__x00000_y00000_s00448,miic_partial_normal_test_normal_00518,miic_partial,default,,SEM,test,good,data/dataverse_files_recovered/miic_partial_clean/normal/test_normal_00518.jpg,,0,0,448,448,rgb_repeat_v1,False,False
miic_partial_normal_test_normal_00519__x00000_y00000_s00448,miic_partial_normal_test_normal_00519,miic_partial,default,,SEM,train,good,data/dataverse_files_recovered/miic_partial_clean/normal/test_normal_00519.jpg,,0,0,448,448,rgb_repeat_v1,True,False
miic_partial_normal_test_normal_00520__x00000_y00000_s00448,miic_partial_normal_test_normal_00520,miic_partial,default,,SEM,train,good,data/dataverse_files_recovered/miic_partial_clean/normal/test_normal_00520.jpg,,0,0,448,448,rgb_repeat_v1,True,False
miic_partial_normal_test_normal_00521__x00000_y00000_s00448,miic_partial_normal_test_normal_00521,miic_partial,default,,SEM,train,good,data/dataverse_files_recovered/miic_partial_clean/normal/test_normal_00521.jpg,,0,0,448,448,rgb_repeat_v1,True,False
miic_partial_normal_test_normal_00522__x00000_y00000_s00448,miic_partial_normal_test_normal_00522,miic_partial,default,,SEM,train,good,data/dataverse_files_recovered/miic_partial_clean/normal/test_normal_00522.jpg,,0,0,448,448,rgb_repeat_v1,True,False
miic_partial_normal_test_normal_00523__x00000_y00000_s00448,miic_partial_normal_test_normal_00523,miic_partial,default,,SEM,train,good,data/dataverse_files_recovered/miic_partial_clean/normal/test_normal_00523.jpg,,0,0,448,448,rgb_repeat_v1,True,False
miic_partial_normal_test_normal_00524__x00000_y00000_s00448,miic_partial_normal_test_normal_00524,miic_partial,default,,SEM,train,good,data/dataverse_files_recovered/miic_partial_clean/normal/test_normal_00524.jpg,,0,0,448,448,rgb_repeat_v1,True,False
miic_partial_normal_test_normal_00525__x00000_y00000_s00448,miic_partial_normal_test_normal_00525,miic_partial,default,,SEM,train,good,data/dataverse_files_recovered/miic_partial_clean/normal/test_normal_00525.jpg,,0,0,448,448,rgb_repeat_v1,True,False
miic_partial_normal_test_normal_00526__x00000_y00000_s00448,miic_partial_normal_test_normal_00526,miic_partial,default,,SEM,train,good,data/dataverse_files_recovered/miic_partial_clean/normal/test_normal_00526.jpg,,0,0,448,448,rgb_repeat_v1,True,False
miic_partial_normal_test_normal_00527__x00000_y00000_s00448,miic_partial_normal_test_normal_00527,miic_partial,default,,SEM,train,good,data/dataverse_files_recovered/miic_partial_clean/normal/test_normal_00527.jpg,,0,0,448,448,rgb_repeat_v1,True,False
miic_partial_normal_test_normal_00528__x00000_y00000_s00448,miic_partial_normal_test_normal_00528,miic_partial,default,,SEM,train,good,data/dataverse_files_recovered/miic_partial_clean/normal/test_normal_00528.jpg,,0,0,448,448,rgb_repeat_v1,True,False
miic_partial_normal_test_normal_00529__x00000_y00000_s00448,miic_partial_normal_test_normal_00529,miic_partial,default,,SEM,test,good,data/dataverse_files_recovered/miic_partial_clean/normal/test_normal_00529.jpg,,0,0,448,448,rgb_repeat_v1,False,False
miic_partial_normal_test_normal_00530__x00000_y00000_s00448,miic_partial_normal_test_normal_00530,miic_partial,default,,SEM,train,good,data/dataverse_files_recovered/miic_partial_clean/normal/test_normal_00530.jpg,,0,0,448,448,rgb_repeat_v1,True,False
miic_partial_normal_test_normal_00531__x00000_y00000_s00448,miic_partial_normal_test_normal_00531,miic_partial,default,,SEM,validation,good,data/dataverse_files_recovered/miic_partial_clean/normal/test_normal_00531.jpg,,0,0,448,448,rgb_repeat_v1,False,False
miic_partial_normal_test_normal_00532__x00000_y00000_s00448,miic_partial_normal_test_normal_00532,miic_partial,default,,SEM,train,good,data/dataverse_files_recovered/miic_partial_clean/normal/test_normal_00532.jpg,,0,0,448,448,rgb_repeat_v1,True,False
miic_partial_normal_test_normal_00533__x00000_y00000_s00448,miic_partial_normal_test_normal_00533,miic_partial,default,,SEM,test,good,data/dataverse_files_recovered/miic_partial_clean/normal/test_normal_00533.jpg,,0,0,448,448,rgb_repeat_v1,False,False
miic_partial_normal_test_normal_00534__x00000_y00000_s00448,miic_partial_normal_test_normal_00534,miic_partial,default,,SEM,validation,good,data/dataverse_files_recovered/miic_partial_clean/normal/test_normal_00534.jpg,,0,0,448,448,rgb_repeat_v1,False,False
miic_partial_normal_test_normal_00535__x00000_y00000_s00448,miic_partial_normal_test_normal_00535,miic_partial,default,,SEM,test,good,data/dataverse_files_recovered/miic_partial_clean/normal/test_normal_00535.jpg,,0,0,448,448,rgb_repeat_v1,False,False
miic_partial_normal_test_normal_00536__x00000_y00000_s00448,miic_partial_normal_test_normal_00536,miic_partial,default,,SEM,train,good,data/dataverse_files_recovered/miic_partial_clean/normal/test_normal_00536.jpg,,0,0,448,448,rgb_repeat_v1,True,False
miic_partial_normal_test_normal_00537__x00000_y00000_s00448,miic_partial_normal_test_normal_00537,miic_partial,default,,SEM,validation,good,data/dataverse_files_recovered/miic_partial_clean/normal/test_normal_00537.jpg,,0,0,448,448,rgb_repeat_v1,False,False
miic_partial_normal_test_normal_00538__x00000_y00000_s00448,miic_partial_normal_test_normal_00538,miic_partial,default,,SEM,validation,good,data/dataverse_files_recovered/miic_partial_clean/normal/test_normal_00538.jpg,,0,0,448,448,rgb_repeat_v1,False,False
miic_partial_normal_test_normal_00539__x00000_y00000_s00448,miic_partial_normal_test_normal_00539,miic_partial,default,,SEM,train,good,data/dataverse_files_recovered/miic_partial_clean/normal/test_normal_00539.jpg,,0,0,448,448,rgb_repeat_v1,True,False
miic_partial_normal_test_normal_00540__x00000_y00000_s00448,miic_partial_normal_test_normal_00540,miic_partial,default,,SEM,train,good,data/dataverse_files_recovered/miic_partial_clean/normal/test_normal_00540.jpg,,0,0,448,448,rgb_repeat_v1,True,False
miic_partial_normal_test_normal_00541__x00000_y00000_s00448,miic_partial_normal_test_normal_00541,miic_partial,default,,SEM,train,good,data/dataverse_files_recovered/miic_partial_clean/normal/test_normal_00541.jpg,,0,0,448,448,rgb_repeat_v1,True,False
miic_partial_normal_test_normal_00542__x00000_y00000_s00448,miic_partial_normal_test_normal_00542,miic_partial,default,,SEM,train,good,data/dataverse_files_recovered/miic_partial_clean/normal/test_normal_00542.jpg,,0,0,448,448,rgb_repeat_v1,True,False
miic_partial_normal_test_normal_00543__x00000_y00000_s00448,miic_partial_normal_test_normal_00543,miic_partial,default,,SEM,train,good,data/dataverse_files_recovered/miic_partial_clean/normal/test_normal_00543.jpg,,0,0,448,448,rgb_repeat_v1,True,False
miic_partial_normal_test_normal_00544__x00000_y00000_s00448,miic_partial_normal_test_normal_00544,miic_partial,default,,SEM,train,good,data/dataverse_files_recovered/miic_partial_clean/normal/test_normal_00544.jpg,,0,0,448,448,rgb_repeat_v1,True,False
miic_partial_normal_test_normal_00545__x00000_y00000_s00448,miic_partial_normal_test_normal_00545,miic_partial,default,,SEM,validation,good,data/dataverse_files_recovered/miic_partial_clean/normal/test_normal_00545.jpg,,0,0,448,448,rgb_repeat_v1,False,False
miic_partial_normal_test_normal_00546__x00000_y00000_s00448,miic_partial_normal_test_normal_00546,miic_partial,default,,SEM,train,good,data/dataverse_files_recovered/miic_partial_clean/normal/test_normal_00546.jpg,,0,0,448,448,rgb_repeat_v1,True,False
miic_partial_normal_test_normal_00547__x00000_y00000_s00448,miic_partial_normal_test_normal_00547,miic_partial,default,,SEM,train,good,data/dataverse_files_recovered/miic_partial_clean/normal/test_normal_00547.jpg,,0,0,448,448,rgb_repeat_v1,True,False
miic_partial_normal_test_normal_00548__x00000_y00000_s00448,miic_partial_normal_test_normal_00548,miic_partial,default,,SEM,train,good,data/dataverse_files_recovered/miic_partial_clean/normal/test_normal_00548.jpg,,0,0,448,448,rgb_repeat_v1,True,False
miic_partial_normal_test_normal_00549__x00000_y00000_s00448,miic_partial_normal_test_normal_00549,miic_partial,default,,SEM,test,good,data/dataverse_files_recovered/miic_partial_clean/normal/test_normal_00549.jpg,,0,0,448,448,rgb_repeat_v1,False,False
miic_partial_normal_test_normal_00550__x00000_y00000_s00448,miic_partial_normal_test_normal_00550,miic_partial,default,,SEM,validation,good,data/dataverse_files_recovered/miic_partial_clean/normal/test_normal_00550.jpg,,0,0,448,448,rgb_repeat_v1,False,False
miic_partial_normal_test_normal_00551__x00000_y00000_s00448,miic_partial_normal_test_normal_00551,miic_partial,default,,SEM,train,good,data/dataverse_files_recovered/miic_partial_clean/normal/test_normal_00551.jpg,,0,0,448,448,rgb_repeat_v1,True,False
miic_partial_normal_test_normal_00552__x00000_y00000_s00448,miic_partial_normal_test_normal_00552,miic_partial,default,,SEM,train,good,data/dataverse_files_recovered/miic_partial_clean/normal/test_normal_00552.jpg,,0,0,448,448,rgb_repeat_v1,True,False
miic_partial_normal_test_normal_00553__x00000_y00000_s00448,miic_partial_normal_test_normal_00553,miic_partial,default,,SEM,test,good,data/dataverse_files_recovered/miic_partial_clean/normal/test_normal_00553.jpg,,0,0,448,448,rgb_repeat_v1,False,False
miic_partial_normal_test_normal_00554__x00000_y00000_s00448,miic_partial_normal_test_normal_00554,miic_partial,default,,SEM,validation,good,data/dataverse_files_recovered/miic_partial_clean/normal/test_normal_00554.jpg,,0,0,448,448,rgb_repeat_v1,False,False
miic_partial_normal_test_normal_00555__x00000_y00000_s00448,miic_partial_normal_test_normal_00555,miic_partial,default,,SEM,test,good,data/dataverse_files_recovered/miic_partial_clean/normal/test_normal_00555.jpg,,0,0,448,448,rgb_repeat_v1,False,False
miic_partial_normal_test_normal_00556__x00000_y00000_s00448,miic_partial_normal_test_normal_00556,miic_partial,default,,SEM,train,good,data/dataverse_files_recovered/miic_partial_clean/normal/test_normal_00556.jpg,,0,0,448,448,rgb_repeat_v1,True,False
miic_partial_normal_test_normal_00557__x00000_y00000_s00448,miic_partial_normal_test_normal_00557,miic_partial,default,,SEM,train,good,data/dataverse_files_recovered/miic_partial_clean/normal/test_normal_00557.jpg,,0,0,448,448,rgb_repeat_v1,True,False
miic_partial_normal_test_normal_00558__x00000_y00000_s00448,miic_partial_normal_test_normal_00558,miic_partial,default,,SEM,train,good,data/dataverse_files_recovered/miic_partial_clean/normal/test_normal_00558.jpg,,0,0,448,448,rgb_repeat_v1,True,False
miic_partial_normal_test_normal_00559__x00000_y00000_s00448,miic_partial_normal_test_normal_00559,miic_partial,default,,SEM,validation,good,data/dataverse_files_recovered/miic_partial_clean/normal/test_normal_00559.jpg,,0,0,448,448,rgb_repeat_v1,False,False
miic_partial_normal_test_normal_00560__x00000_y00000_s00448,miic_partial_normal_test_normal_00560,miic_partial,default,,SEM,test,good,data/dataverse_files_recovered/miic_partial_clean/normal/test_normal_00560.jpg,,0,0,448,448,rgb_repeat_v1,False,False
miic_partial_normal_test_normal_00561__x00000_y00000_s00448,miic_partial_normal_test_normal_00561,miic_partial,default,,SEM,validation,good,data/dataverse_files_recovered/miic_partial_clean/normal/test_normal_00561.jpg,,0,0,448,448,rgb_repeat_v1,False,False
miic_partial_normal_test_normal_00562__x00000_y00000_s00448,miic_partial_normal_test_normal_00562,miic_partial,default,,SEM,test,good,data/dataverse_files_recovered/miic_partial_clean/normal/test_normal_00562.jpg,,0,0,448,448,rgb_repeat_v1,False,False
miic_partial_normal_test_normal_00563__x00000_y00000_s00448,miic_partial_normal_test_normal_00563,miic_partial,default,,SEM,train,good,data/dataverse_files_recovered/miic_partial_clean/normal/test_normal_00563.jpg,,0,0,448,448,rgb_repeat_v1,True,False
miic_partial_normal_test_normal_00564__x00000_y00000_s00448,miic_partial_normal_test_normal_00564,miic_partial,default,,SEM,train,good,data/dataverse_files_recovered/miic_partial_clean/normal/test_normal_00564.jpg,,0,0,448,448,rgb_repeat_v1,True,False
miic_partial_normal_test_normal_00565__x00000_y00000_s00448,miic_partial_normal_test_normal_00565,miic_partial,default,,SEM,test,good,data/dataverse_files_recovered/miic_partial_clean/normal/test_normal_00565.jpg,,0,0,448,448,rgb_repeat_v1,False,False
miic_partial_normal_test_normal_00566__x00000_y00000_s00448,miic_partial_normal_test_normal_00566,miic_partial,default,,SEM,validation,good,data/dataverse_files_recovered/miic_partial_clean/normal/test_normal_00566.jpg,,0,0,448,448,rgb_repeat_v1,False,False
miic_partial_normal_test_normal_00567__x00000_y00000_s00448,miic_partial_normal_test_normal_00567,miic_partial,default,,SEM,train,good,data/dataverse_files_recovered/miic_partial_clean/normal/test_normal_00567.jpg,,0,0,448,448,rgb_repeat_v1,True,False
miic_partial_normal_test_normal_00568__x00000_y00000_s00448,miic_partial_normal_test_normal_00568,miic_partial,default,,SEM,validation,good,data/dataverse_files_recovered/miic_partial_clean/normal/test_normal_00568.jpg,,0,0,448,448,rgb_repeat_v1,False,False
miic_partial_normal_test_normal_00569__x00000_y00000_s00448,miic_partial_normal_test_normal_00569,miic_partial,default,,SEM,train,good,data/dataverse_files_recovered/miic_partial_clean/normal/test_normal_00569.jpg,,0,0,448,448,rgb_repeat_v1,True,False
miic_partial_normal_test_normal_00570__x00000_y00000_s00448,miic_partial_normal_test_normal_00570,miic_partial,default,,SEM,train,good,data/dataverse_files_recovered/miic_partial_clean/normal/test_normal_00570.jpg,,0,0,448,448,rgb_repeat_v1,True,False
miic_partial_normal_test_normal_00571__x00000_y00000_s00448,miic_partial_normal_test_normal_00571,miic_partial,default,,SEM,validation,good,data/dataverse_files_recovered/miic_partial_clean/normal/test_normal_00571.jpg,,0,0,448,448,rgb_repeat_v1,False,False
miic_partial_normal_test_normal_00572__x00000_y00000_s00448,miic_partial_normal_test_normal_00572,miic_partial,default,,SEM,train,good,data/dataverse_files_recovered/miic_partial_clean/normal/test_normal_00572.jpg,,0,0,448,448,rgb_repeat_v1,True,False
miic_partial_normal_test_normal_00573__x00000_y00000_s00448,miic_partial_normal_test_normal_00573,miic_partial,default,,SEM,validation,good,data/dataverse_files_recovered/miic_partial_clean/normal/test_normal_00573.jpg,,0,0,448,448,rgb_repeat_v1,False,False
miic_partial_normal_test_normal_00574__x00000_y00000_s00448,miic_partial_normal_test_normal_00574,miic_partial,default,,SEM,train,good,data/dataverse_files_recovered/miic_partial_clean/normal/test_normal_00574.jpg,,0,0,448,448,rgb_repeat_v1,True,False
miic_partial_normal_test_normal_00575__x00000_y00000_s00448,miic_partial_normal_test_normal_00575,miic_partial,default,,SEM,train,good,data/dataverse_files_recovered/miic_partial_clean/normal/test_normal_00575.jpg,,0,0,448,448,rgb_repeat_v1,True,False
miic_partial_normal_test_normal_00576__x00000_y00000_s00448,miic_partial_normal_test_normal_00576,miic_partial,default,,SEM,test,good,data/dataverse_files_recovered/miic_partial_clean/normal/test_normal_00576.jpg,,0,0,448,448,rgb_repeat_v1,False,False
miic_partial_normal_test_normal_00577__x00000_y00000_s00448,miic_partial_normal_test_normal_00577,miic_partial,default,,SEM,train,good,data/dataverse_files_recovered/miic_partial_clean/normal/test_normal_00577.jpg,,0,0,448,448,rgb_repeat_v1,True,False
miic_partial_normal_test_normal_00578__x00000_y00000_s00448,miic_partial_normal_test_normal_00578,miic_partial,default,,SEM,test,good,data/dataverse_files_recovered/miic_partial_clean/normal/test_normal_00578.jpg,,0,0,448,448,rgb_repeat_v1,False,False
miic_partial_normal_test_normal_00579__x00000_y00000_s00448,miic_partial_normal_test_normal_00579,miic_partial,default,,SEM,train,good,data/dataverse_files_recovered/miic_partial_clean/normal/test_normal_00579.jpg,,0,0,448,448,rgb_repeat_v1,True,False
miic_partial_normal_test_normal_00580__x00000_y00000_s00448,miic_partial_normal_test_normal_00580,miic_partial,default,,SEM,train,good,data/dataverse_files_recovered/miic_partial_clean/normal/test_normal_00580.jpg,,0,0,448,448,rgb_repeat_v1,True,False
miic_partial_normal_test_normal_00581__x00000_y00000_s00448,miic_partial_normal_test_normal_00581,miic_partial,default,,SEM,train,good,data/dataverse_files_recovered/miic_partial_clean/normal/test_normal_00581.jpg,,0,0,448,448,rgb_repeat_v1,True,False
miic_partial_normal_test_normal_00582__x00000_y00000_s00448,miic_partial_normal_test_normal_00582,miic_partial,default,,SEM,test,good,data/dataverse_files_recovered/miic_partial_clean/normal/test_normal_00582.jpg,,0,0,448,448,rgb_repeat_v1,False,False
miic_partial_normal_test_normal_00583__x00000_y00000_s00448,miic_partial_normal_test_normal_00583,miic_partial,default,,SEM,validation,good,data/dataverse_files_recovered/miic_partial_clean/normal/test_normal_00583.jpg,,0,0,448,448,rgb_repeat_v1,False,False
miic_partial_normal_test_normal_00584__x00000_y00000_s00448,miic_partial_normal_test_normal_00584,miic_partial,default,,SEM,train,good,data/dataverse_files_recovered/miic_partial_clean/normal/test_normal_00584.jpg,,0,0,448,448,rgb_repeat_v1,True,False
miic_partial_normal_test_normal_00585__x00000_y00000_s00448,miic_partial_normal_test_normal_00585,miic_partial,default,,SEM,train,good,data/dataverse_files_recovered/miic_partial_clean/normal/test_normal_00585.jpg,,0,0,448,448,rgb_repeat_v1,True,False
miic_partial_normal_test_normal_00586__x00000_y00000_s00448,miic_partial_normal_test_normal_00586,miic_partial,default,,SEM,validation,good,data/dataverse_files_recovered/miic_partial_clean/normal/test_normal_00586.jpg,,0,0,448,448,rgb_repeat_v1,False,False
miic_partial_normal_test_normal_00587__x00000_y00000_s00448,miic_partial_normal_test_normal_00587,miic_partial,default,,SEM,validation,good,data/dataverse_files_recovered/miic_partial_clean/normal/test_normal_00587.jpg,,0,0,448,448,rgb_repeat_v1,False,False
miic_partial_normal_test_normal_00588__x00000_y00000_s00448,miic_partial_normal_test_normal_00588,miic_partial,default,,SEM,validation,good,data/dataverse_files_recovered/miic_partial_clean/normal/test_normal_00588.jpg,,0,0,448,448,rgb_repeat_v1,False,False
miic_partial_normal_test_normal_00589__x00000_y00000_s00448,miic_partial_normal_test_normal_00589,miic_partial,default,,SEM,train,good,data/dataverse_files_recovered/miic_partial_clean/normal/test_normal_00589.jpg,,0,0,448,448,rgb_repeat_v1,True,False
miic_partial_normal_test_normal_00590__x00000_y00000_s00448,miic_partial_normal_test_normal_00590,miic_partial,default,,SEM,test,good,data/dataverse_files_recovered/miic_partial_clean/normal/test_normal_00590.jpg,,0,0,448,448,rgb_repeat_v1,False,False
miic_partial_normal_test_normal_00591__x00000_y00000_s00448,miic_partial_normal_test_normal_00591,miic_partial,default,,SEM,train,good,data/dataverse_files_recovered/miic_partial_clean/normal/test_normal_00591.jpg,,0,0,448,448,rgb_repeat_v1,True,False
miic_partial_normal_test_normal_00592__x00000_y00000_s00448,miic_partial_normal_test_normal_00592,miic_partial,default,,SEM,train,good,data/dataverse_files_recovered/miic_partial_clean/normal/test_normal_00592.jpg,,0,0,448,448,rgb_repeat_v1,True,False
miic_partial_normal_test_normal_00593__x00000_y00000_s00448,miic_partial_normal_test_normal_00593,miic_partial,default,,SEM,train,good,data/dataverse_files_recovered/miic_partial_clean/normal/test_normal_00593.jpg,,0,0,448,448,rgb_repeat_v1,True,False
miic_partial_normal_test_normal_00594__x00000_y00000_s00448,miic_partial_normal_test_normal_00594,miic_partial,default,,SEM,validation,good,data/dataverse_files_recovered/miic_partial_clean/normal/test_normal_00594.jpg,,0,0,448,448,rgb_repeat_v1,False,False
miic_partial_normal_test_normal_00595__x00000_y00000_s00448,miic_partial_normal_test_normal_00595,miic_partial,default,,SEM,train,good,data/dataverse_files_recovered/miic_partial_clean/normal/test_normal_00595.jpg,,0,0,448,448,rgb_repeat_v1,True,False
miic_partial_normal_test_normal_00596__x00000_y00000_s00448,miic_partial_normal_test_normal_00596,miic_partial,default,,SEM,test,good,data/dataverse_files_recovered/miic_partial_clean/normal/test_normal_00596.jpg,,0,0,448,448,rgb_repeat_v1,False,False
miic_partial_normal_test_normal_00597__x00000_y00000_s00448,miic_partial_normal_test_normal_00597,miic_partial,default,,SEM,validation,good,data/dataverse_files_recovered/miic_partial_clean/normal/test_normal_00597.jpg,,0,0,448,448,rgb_repeat_v1,False,False
miic_partial_normal_test_normal_00598__x00000_y00000_s00448,miic_partial_normal_test_normal_00598,miic_partial,default,,SEM,validation,good,data/dataverse_files_recovered/miic_partial_clean/normal/test_normal_00598.jpg,,0,0,448,448,rgb_repeat_v1,False,False
miic_partial_normal_test_normal_00599__x00000_y00000_s00448,miic_partial_normal_test_normal_00599,miic_partial,default,,SEM,train,good,data/dataverse_files_recovered/miic_partial_clean/normal/test_normal_00599.jpg,,0,0,448,448,rgb_repeat_v1,True,False
miic_partial_normal_test_normal_00600__x00000_y00000_s00448,miic_partial_normal_test_normal_00600,miic_partial,default,,SEM,train,good,data/dataverse_files_recovered/miic_partial_clean/normal/test_normal_00600.jpg,,0,0,448,448,rgb_repeat_v1,True,False
miic_partial_normal_test_normal_00601__x00000_y00000_s00448,miic_partial_normal_test_normal_00601,miic_partial,default,,SEM,train,good,data/dataverse_files_recovered/miic_partial_clean/normal/test_normal_00601.jpg,,0,0,448,448,rgb_repeat_v1,True,False
miic_partial_normal_test_normal_00602__x00000_y00000_s00448,miic_partial_normal_test_normal_00602,miic_partial,default,,SEM,train,good,data/dataverse_files_recovered/miic_partial_clean/normal/test_normal_00602.jpg,,0,0,448,448,rgb_repeat_v1,True,False
miic_partial_normal_test_normal_00603__x00000_y00000_s00448,miic_partial_normal_test_normal_00603,miic_partial,default,,SEM,train,good,data/dataverse_files_recovered/miic_partial_clean/normal/test_normal_00603.jpg,,0,0,448,448,rgb_repeat_v1,True,False
miic_partial_normal_test_normal_00604__x00000_y00000_s00448,miic_partial_normal_test_normal_00604,miic_partial,default,,SEM,test,good,data/dataverse_files_recovered/miic_partial_clean/normal/test_normal_00604.jpg,,0,0,448,448,rgb_repeat_v1,False,False
miic_partial_normal_test_normal_00605__x00000_y00000_s00448,miic_partial_normal_test_normal_00605,miic_partial,default,,SEM,validation,good,data/dataverse_files_recovered/miic_partial_clean/normal/test_normal_00605.jpg,,0,0,448,448,rgb_repeat_v1,False,False
miic_partial_normal_test_normal_00606__x00000_y00000_s00448,miic_partial_normal_test_normal_00606,miic_partial,default,,SEM,validation,good,data/dataverse_files_recovered/miic_partial_clean/normal/test_normal_00606.jpg,,0,0,448,448,rgb_repeat_v1,False,False
miic_partial_normal_test_normal_00607__x00000_y00000_s00448,miic_partial_normal_test_normal_00607,miic_partial,default,,SEM,train,good,data/dataverse_files_recovered/miic_partial_clean/normal/test_normal_00607.jpg,,0,0,448,448,rgb_repeat_v1,True,False
miic_partial_normal_test_normal_00608__x00000_y00000_s00448,miic_partial_normal_test_normal_00608,miic_partial,default,,SEM,train,good,data/dataverse_files_recovered/miic_partial_clean/normal/test_normal_00608.jpg,,0,0,448,448,rgb_repeat_v1,True,False
miic_partial_normal_test_normal_00609__x00000_y00000_s00448,miic_partial_normal_test_normal_00609,miic_partial,default,,SEM,train,good,data/dataverse_files_recovered/miic_partial_clean/normal/test_normal_00609.jpg,,0,0,448,448,rgb_repeat_v1,True,False
miic_partial_normal_test_normal_00610__x00000_y00000_s00448,miic_partial_normal_test_normal_00610,miic_partial,default,,SEM,train,good,data/dataverse_files_recovered/miic_partial_clean/normal/test_normal_00610.jpg,,0,0,448,448,rgb_repeat_v1,True,False
miic_partial_normal_test_normal_00611__x00000_y00000_s00448,miic_partial_normal_test_normal_00611,miic_partial,default,,SEM,validation,good,data/dataverse_files_recovered/miic_partial_clean/normal/test_normal_00611.jpg,,0,0,448,448,rgb_repeat_v1,False,False
miic_partial_normal_test_normal_00612__x00000_y00000_s00448,miic_partial_normal_test_normal_00612,miic_partial,default,,SEM,validation,good,data/dataverse_files_recovered/miic_partial_clean/normal/test_normal_00612.jpg,,0,0,448,448,rgb_repeat_v1,False,False
miic_partial_normal_test_normal_00613__x00000_y00000_s00448,miic_partial_normal_test_normal_00613,miic_partial,default,,SEM,test,good,data/dataverse_files_recovered/miic_partial_clean/normal/test_normal_00613.jpg,,0,0,448,448,rgb_repeat_v1,False,False
miic_partial_normal_test_normal_00614__x00000_y00000_s00448,miic_partial_normal_test_normal_00614,miic_partial,default,,SEM,train,good,data/dataverse_files_recovered/miic_partial_clean/normal/test_normal_00614.jpg,,0,0,448,448,rgb_repeat_v1,True,False
miic_partial_normal_test_normal_00615__x00000_y00000_s00448,miic_partial_normal_test_normal_00615,miic_partial,default,,SEM,test,good,data/dataverse_files_recovered/miic_partial_clean/normal/test_normal_00615.jpg,,0,0,448,448,rgb_repeat_v1,False,False
miic_partial_normal_test_normal_00616__x00000_y00000_s00448,miic_partial_normal_test_normal_00616,miic_partial,default,,SEM,test,good,data/dataverse_files_recovered/miic_partial_clean/normal/test_normal_00616.jpg,,0,0,448,448,rgb_repeat_v1,False,False
miic_partial_normal_test_normal_00617__x00000_y00000_s00448,miic_partial_normal_test_normal_00617,miic_partial,default,,SEM,test,good,data/dataverse_files_recovered/miic_partial_clean/normal/test_normal_00617.jpg,,0,0,448,448,rgb_repeat_v1,False,False
miic_partial_normal_test_normal_00618__x00000_y00000_s00448,miic_partial_normal_test_normal_00618,miic_partial,default,,SEM,validation,good,data/dataverse_files_recovered/miic_partial_clean/normal/test_normal_00618.jpg,,0,0,448,448,rgb_repeat_v1,False,False
miic_partial_normal_test_normal_00619__x00000_y00000_s00448,miic_partial_normal_test_normal_00619,miic_partial,default,,SEM,validation,good,data/dataverse_files_recovered/miic_partial_clean/normal/test_normal_00619.jpg,,0,0,448,448,rgb_repeat_v1,False,False
miic_partial_normal_test_normal_00620__x00000_y00000_s00448,miic_partial_normal_test_normal_00620,miic_partial,default,,SEM,train,good,data/dataverse_files_recovered/miic_partial_clean/normal/test_normal_00620.jpg,,0,0,448,448,rgb_repeat_v1,True,False
miic_partial_normal_test_normal_00621__x00000_y00000_s00448,miic_partial_normal_test_normal_00621,miic_partial,default,,SEM,validation,good,data/dataverse_files_recovered/miic_partial_clean/normal/test_normal_00621.jpg,,0,0,448,448,rgb_repeat_v1,False,False
miic_partial_normal_test_normal_00622__x00000_y00000_s00448,miic_partial_normal_test_normal_00622,miic_partial,default,,SEM,train,good,data/dataverse_files_recovered/miic_partial_clean/normal/test_normal_00622.jpg,,0,0,448,448,rgb_repeat_v1,True,False
miic_partial_normal_test_normal_00623__x00000_y00000_s00448,miic_partial_normal_test_normal_00623,miic_partial,default,,SEM,validation,good,data/dataverse_files_recovered/miic_partial_clean/normal/test_normal_00623.jpg,,0,0,448,448,rgb_repeat_v1,False,False
miic_partial_normal_test_normal_00624__x00000_y00000_s00448,miic_partial_normal_test_normal_00624,miic_partial,default,,SEM,train,good,data/dataverse_files_recovered/miic_partial_clean/normal/test_normal_00624.jpg,,0,0,448,448,rgb_repeat_v1,True,False
miic_partial_normal_test_normal_00625__x00000_y00000_s00448,miic_partial_normal_test_normal_00625,miic_partial,default,,SEM,train,good,data/dataverse_files_recovered/miic_partial_clean/normal/test_normal_00625.jpg,,0,0,448,448,rgb_repeat_v1,True,False
miic_partial_normal_test_normal_00626__x00000_y00000_s00448,miic_partial_normal_test_normal_00626,miic_partial,default,,SEM,train,good,data/dataverse_files_recovered/miic_partial_clean/normal/test_normal_00626.jpg,,0,0,448,448,rgb_repeat_v1,True,False
miic_partial_normal_test_normal_00627__x00000_y00000_s00448,miic_partial_normal_test_normal_00627,miic_partial,default,,SEM,train,good,data/dataverse_files_recovered/miic_partial_clean/normal/test_normal_00627.jpg,,0,0,448,448,rgb_repeat_v1,True,False
miic_partial_normal_test_normal_00628__x00000_y00000_s00448,miic_partial_normal_test_normal_00628,miic_partial,default,,SEM,train,good,data/dataverse_files_recovered/miic_partial_clean/normal/test_normal_00628.jpg,,0,0,448,448,rgb_repeat_v1,True,False
miic_partial_normal_test_normal_00629__x00000_y00000_s00448,miic_partial_normal_test_normal_00629,miic_partial,default,,SEM,train,good,data/dataverse_files_recovered/miic_partial_clean/normal/test_normal_00629.jpg,,0,0,448,448,rgb_repeat_v1,True,False
miic_partial_normal_test_normal_00630__x00000_y00000_s00448,miic_partial_normal_test_normal_00630,miic_partial,default,,SEM,train,good,data/dataverse_files_recovered/miic_partial_clean/normal/test_normal_00630.jpg,,0,0,448,448,rgb_repeat_v1,True,False
miic_partial_normal_test_normal_00631__x00000_y00000_s00448,miic_partial_normal_test_normal_00631,miic_partial,default,,SEM,validation,good,data/dataverse_files_recovered/miic_partial_clean/normal/test_normal_00631.jpg,,0,0,448,448,rgb_repeat_v1,False,False
miic_partial_normal_test_normal_00632__x00000_y00000_s00448,miic_partial_normal_test_normal_00632,miic_partial,default,,SEM,validation,good,data/dataverse_files_recovered/miic_partial_clean/normal/test_normal_00632.jpg,,0,0,448,448,rgb_repeat_v1,False,False
miic_partial_normal_test_normal_00633__x00000_y00000_s00448,miic_partial_normal_test_normal_00633,miic_partial,default,,SEM,validation,good,data/dataverse_files_recovered/miic_partial_clean/normal/test_normal_00633.jpg,,0,0,448,448,rgb_repeat_v1,False,False
miic_partial_normal_test_normal_00634__x00000_y00000_s00448,miic_partial_normal_test_normal_00634,miic_partial,default,,SEM,train,good,data/dataverse_files_recovered/miic_partial_clean/normal/test_normal_00634.jpg,,0,0,448,448,rgb_repeat_v1,True,False
miic_partial_normal_test_normal_00635__x00000_y00000_s00448,miic_partial_normal_test_normal_00635,miic_partial,default,,SEM,test,good,data/dataverse_files_recovered/miic_partial_clean/normal/test_normal_00635.jpg,,0,0,448,448,rgb_repeat_v1,False,False
miic_partial_normal_test_normal_00636__x00000_y00000_s00448,miic_partial_normal_test_normal_00636,miic_partial,default,,SEM,test,good,data/dataverse_files_recovered/miic_partial_clean/normal/test_normal_00636.jpg,,0,0,448,448,rgb_repeat_v1,False,False
miic_partial_normal_test_normal_00637__x00000_y00000_s00448,miic_partial_normal_test_normal_00637,miic_partial,default,,SEM,train,good,data/dataverse_files_recovered/miic_partial_clean/normal/test_normal_00637.jpg,,0,0,448,448,rgb_repeat_v1,True,False
miic_partial_normal_test_normal_00638__x00000_y00000_s00448,miic_partial_normal_test_normal_00638,miic_partial,default,,SEM,train,good,data/dataverse_files_recovered/miic_partial_clean/normal/test_normal_00638.jpg,,0,0,448,448,rgb_repeat_v1,True,False
miic_partial_normal_test_normal_00639__x00000_y00000_s00448,miic_partial_normal_test_normal_00639,miic_partial,default,,SEM,validation,good,data/dataverse_files_recovered/miic_partial_clean/normal/test_normal_00639.jpg,,0,0,448,448,rgb_repeat_v1,False,False
miic_partial_normal_test_normal_00640__x00000_y00000_s00448,miic_partial_normal_test_normal_00640,miic_partial,default,,SEM,train,good,data/dataverse_files_recovered/miic_partial_clean/normal/test_normal_00640.jpg,,0,0,448,448,rgb_repeat_v1,True,False
miic_partial_normal_test_normal_00641__x00000_y00000_s00448,miic_partial_normal_test_normal_00641,miic_partial,default,,SEM,train,good,data/dataverse_files_recovered/miic_partial_clean/normal/test_normal_00641.jpg,,0,0,448,448,rgb_repeat_v1,True,False
miic_partial_normal_test_normal_00642__x00000_y00000_s00448,miic_partial_normal_test_normal_00642,miic_partial,default,,SEM,validation,good,data/dataverse_files_recovered/miic_partial_clean/normal/test_normal_00642.jpg,,0,0,448,448,rgb_repeat_v1,False,False
miic_partial_normal_test_normal_00643__x00000_y00000_s00448,miic_partial_normal_test_normal_00643,miic_partial,default,,SEM,train,good,data/dataverse_files_recovered/miic_partial_clean/normal/test_normal_00643.jpg,,0,0,448,448,rgb_repeat_v1,True,False
miic_partial_normal_test_normal_00644__x00000_y00000_s00448,miic_partial_normal_test_normal_00644,miic_partial,default,,SEM,train,good,data/dataverse_files_recovered/miic_partial_clean/normal/test_normal_00644.jpg,,0,0,448,448,rgb_repeat_v1,True,False
miic_partial_normal_test_normal_00645__x00000_y00000_s00448,miic_partial_normal_test_normal_00645,miic_partial,default,,SEM,validation,good,data/dataverse_files_recovered/miic_partial_clean/normal/test_normal_00645.jpg,,0,0,448,448,rgb_repeat_v1,False,False
miic_partial_normal_test_normal_00646__x00000_y00000_s00448,miic_partial_normal_test_normal_00646,miic_partial,default,,SEM,test,good,data/dataverse_files_recovered/miic_partial_clean/normal/test_normal_00646.jpg,,0,0,448,448,rgb_repeat_v1,False,False
miic_partial_normal_test_normal_00647__x00000_y00000_s00448,miic_partial_normal_test_normal_00647,miic_partial,default,,SEM,validation,good,data/dataverse_files_recovered/miic_partial_clean/normal/test_normal_00647.jpg,,0,0,448,448,rgb_repeat_v1,False,False
miic_partial_normal_test_normal_00648__x00000_y00000_s00448,miic_partial_normal_test_normal_00648,miic_partial,default,,SEM,validation,good,data/dataverse_files_recovered/miic_partial_clean/normal/test_normal_00648.jpg,,0,0,448,448,rgb_repeat_v1,False,False
miic_partial_normal_test_normal_00649__x00000_y00000_s00448,miic_partial_normal_test_normal_00649,miic_partial,default,,SEM,train,good,data/dataverse_files_recovered/miic_partial_clean/normal/test_normal_00649.jpg,,0,0,448,448,rgb_repeat_v1,True,False
miic_partial_normal_test_normal_00650__x00000_y00000_s00448,miic_partial_normal_test_normal_00650,miic_partial,default,,SEM,validation,good,data/dataverse_files_recovered/miic_partial_clean/normal/test_normal_00650.jpg,,0,0,448,448,rgb_repeat_v1,False,False
miic_partial_normal_test_normal_00651__x00000_y00000_s00448,miic_partial_normal_test_normal_00651,miic_partial,default,,SEM,train,good,data/dataverse_files_recovered/miic_partial_clean/normal/test_normal_00651.jpg,,0,0,448,448,rgb_repeat_v1,True,False
miic_partial_normal_test_normal_00652__x00000_y00000_s00448,miic_partial_normal_test_normal_00652,miic_partial,default,,SEM,train,good,data/dataverse_files_recovered/miic_partial_clean/normal/test_normal_00652.jpg,,0,0,448,448,rgb_repeat_v1,True,False
miic_partial_normal_test_normal_00653__x00000_y00000_s00448,miic_partial_normal_test_normal_00653,miic_partial,default,,SEM,train,good,data/dataverse_files_recovered/miic_partial_clean/normal/test_normal_00653.jpg,,0,0,448,448,rgb_repeat_v1,True,False
miic_partial_normal_test_normal_00654__x00000_y00000_s00448,miic_partial_normal_test_normal_00654,miic_partial,default,,SEM,validation,good,data/dataverse_files_recovered/miic_partial_clean/normal/test_normal_00654.jpg,,0,0,448,448,rgb_repeat_v1,False,False
miic_partial_normal_test_normal_00655__x00000_y00000_s00448,miic_partial_normal_test_normal_00655,miic_partial,default,,SEM,validation,good,data/dataverse_files_recovered/miic_partial_clean/normal/test_normal_00655.jpg,,0,0,448,448,rgb_repeat_v1,False,False
miic_partial_normal_test_normal_00656__x00000_y00000_s00448,miic_partial_normal_test_normal_00656,miic_partial,default,,SEM,test,good,data/dataverse_files_recovered/miic_partial_clean/normal/test_normal_00656.jpg,,0,0,448,448,rgb_repeat_v1,False,False
miic_partial_normal_test_normal_00657__x00000_y00000_s00448,miic_partial_normal_test_normal_00657,miic_partial,default,,SEM,test,good,data/dataverse_files_recovered/miic_partial_clean/normal/test_normal_00657.jpg,,0,0,448,448,rgb_repeat_v1,False,False
miic_partial_normal_test_normal_00658__x00000_y00000_s00448,miic_partial_normal_test_normal_00658,miic_partial,default,,SEM,test,good,data/dataverse_files_recovered/miic_partial_clean/normal/test_normal_00658.jpg,,0,0,448,448,rgb_repeat_v1,False,False
miic_partial_normal_test_normal_00659__x00000_y00000_s00448,miic_partial_normal_test_normal_00659,miic_partial,default,,SEM,train,good,data/dataverse_files_recovered/miic_partial_clean/normal/test_normal_00659.jpg,,0,0,448,448,rgb_repeat_v1,True,False
miic_partial_normal_test_normal_00660__x00000_y00000_s00448,miic_partial_normal_test_normal_00660,miic_partial,default,,SEM,train,good,data/dataverse_files_recovered/miic_partial_clean/normal/test_normal_00660.jpg,,0,0,448,448,rgb_repeat_v1,True,False
miic_partial_normal_test_normal_00661__x00000_y00000_s00448,miic_partial_normal_test_normal_00661,miic_partial,default,,SEM,train,good,data/dataverse_files_recovered/miic_partial_clean/normal/test_normal_00661.jpg,,0,0,448,448,rgb_repeat_v1,True,False
miic_partial_normal_test_normal_00662__x00000_y00000_s00448,miic_partial_normal_test_normal_00662,miic_partial,default,,SEM,train,good,data/dataverse_files_recovered/miic_partial_clean/normal/test_normal_00662.jpg,,0,0,448,448,rgb_repeat_v1,True,False
miic_partial_normal_test_normal_00663__x00000_y00000_s00448,miic_partial_normal_test_normal_00663,miic_partial,default,,SEM,train,good,data/dataverse_files_recovered/miic_partial_clean/normal/test_normal_00663.jpg,,0,0,448,448,rgb_repeat_v1,True,False
miic_partial_normal_test_normal_00664__x00000_y00000_s00448,miic_partial_normal_test_normal_00664,miic_partial,default,,SEM,test,good,data/dataverse_files_recovered/miic_partial_clean/normal/test_normal_00664.jpg,,0,0,448,448,rgb_repeat_v1,False,False
miic_partial_normal_test_normal_00665__x00000_y00000_s00448,miic_partial_normal_test_normal_00665,miic_partial,default,,SEM,validation,good,data/dataverse_files_recovered/miic_partial_clean/normal/test_normal_00665.jpg,,0,0,448,448,rgb_repeat_v1,False,False
miic_partial_normal_test_normal_00666__x00000_y00000_s00448,miic_partial_normal_test_normal_00666,miic_partial,default,,SEM,test,good,data/dataverse_files_recovered/miic_partial_clean/normal/test_normal_00666.jpg,,0,0,448,448,rgb_repeat_v1,False,False
miic_partial_normal_test_normal_00667__x00000_y00000_s00448,miic_partial_normal_test_normal_00667,miic_partial,default,,SEM,train,good,data/dataverse_files_recovered/miic_partial_clean/normal/test_normal_00667.jpg,,0,0,448,448,rgb_repeat_v1,True,False
miic_partial_normal_test_normal_00668__x00000_y00000_s00448,miic_partial_normal_test_normal_00668,miic_partial,default,,SEM,train,good,data/dataverse_files_recovered/miic_partial_clean/normal/test_normal_00668.jpg,,0,0,448,448,rgb_repeat_v1,True,False
miic_partial_normal_test_normal_00669__x00000_y00000_s00448,miic_partial_normal_test_normal_00669,miic_partial,default,,SEM,test,good,data/dataverse_files_recovered/miic_partial_clean/normal/test_normal_00669.jpg,,0,0,448,448,rgb_repeat_v1,False,False
miic_partial_normal_test_normal_00670__x00000_y00000_s00448,miic_partial_normal_test_normal_00670,miic_partial,default,,SEM,validation,good,data/dataverse_files_recovered/miic_partial_clean/normal/test_normal_00670.jpg,,0,0,448,448,rgb_repeat_v1,False,False
miic_partial_normal_test_normal_00671__x00000_y00000_s00448,miic_partial_normal_test_normal_00671,miic_partial,default,,SEM,test,good,data/dataverse_files_recovered/miic_partial_clean/normal/test_normal_00671.jpg,,0,0,448,448,rgb_repeat_v1,False,False
miic_partial_normal_test_normal_00672__x00000_y00000_s00448,miic_partial_normal_test_normal_00672,miic_partial,default,,SEM,test,good,data/dataverse_files_recovered/miic_partial_clean/normal/test_normal_00672.jpg,,0,0,448,448,rgb_repeat_v1,False,False
miic_partial_normal_test_normal_00673__x00000_y00000_s00448,miic_partial_normal_test_normal_00673,miic_partial,default,,SEM,train,good,data/dataverse_files_recovered/miic_partial_clean/normal/test_normal_00673.jpg,,0,0,448,448,rgb_repeat_v1,True,False
miic_partial_normal_test_normal_00674__x00000_y00000_s00448,miic_partial_normal_test_normal_00674,miic_partial,default,,SEM,train,good,data/dataverse_files_recovered/miic_partial_clean/normal/test_normal_00674.jpg,,0,0,448,448,rgb_repeat_v1,True,False
miic_partial_normal_test_normal_00675__x00000_y00000_s00448,miic_partial_normal_test_normal_00675,miic_partial,default,,SEM,train,good,data/dataverse_files_recovered/miic_partial_clean/normal/test_normal_00675.jpg,,0,0,448,448,rgb_repeat_v1,True,False
miic_partial_normal_test_normal_00676__x00000_y00000_s00448,miic_partial_normal_test_normal_00676,miic_partial,default,,SEM,train,good,data/dataverse_files_recovered/miic_partial_clean/normal/test_normal_00676.jpg,,0,0,448,448,rgb_repeat_v1,True,False
miic_partial_normal_test_normal_00677__x00000_y00000_s00448,miic_partial_normal_test_normal_00677,miic_partial,default,,SEM,validation,good,data/dataverse_files_recovered/miic_partial_clean/normal/test_normal_00677.jpg,,0,0,448,448,rgb_repeat_v1,False,False
miic_partial_normal_test_normal_00678__x00000_y00000_s00448,miic_partial_normal_test_normal_00678,miic_partial,default,,SEM,validation,good,data/dataverse_files_recovered/miic_partial_clean/normal/test_normal_00678.jpg,,0,0,448,448,rgb_repeat_v1,False,False
miic_partial_normal_test_normal_00679__x00000_y00000_s00448,miic_partial_normal_test_normal_00679,miic_partial,default,,SEM,test,good,data/dataverse_files_recovered/miic_partial_clean/normal/test_normal_00679.jpg,,0,0,448,448,rgb_repeat_v1,False,False
miic_partial_normal_test_normal_00680__x00000_y00000_s00448,miic_partial_normal_test_normal_00680,miic_partial,default,,SEM,train,good,data/dataverse_files_recovered/miic_partial_clean/normal/test_normal_00680.jpg,,0,0,448,448,rgb_repeat_v1,True,False
miic_partial_normal_test_normal_00681__x00000_y00000_s00448,miic_partial_normal_test_normal_00681,miic_partial,default,,SEM,train,good,data/dataverse_files_recovered/miic_partial_clean/normal/test_normal_00681.jpg,,0,0,448,448,rgb_repeat_v1,True,False
miic_partial_normal_test_normal_00682__x00000_y00000_s00448,miic_partial_normal_test_normal_00682,miic_partial,default,,SEM,test,good,data/dataverse_files_recovered/miic_partial_clean/normal/test_normal_00682.jpg,,0,0,448,448,rgb_repeat_v1,False,False
miic_partial_normal_test_normal_00683__x00000_y00000_s00448,miic_partial_normal_test_normal_00683,miic_partial,default,,SEM,train,good,data/dataverse_files_recovered/miic_partial_clean/normal/test_normal_00683.jpg,,0,0,448,448,rgb_repeat_v1,True,False
miic_partial_normal_test_normal_00684__x00000_y00000_s00448,miic_partial_normal_test_normal_00684,miic_partial,default,,SEM,train,good,data/dataverse_files_recovered/miic_partial_clean/normal/test_normal_00684.jpg,,0,0,448,448,rgb_repeat_v1,True,False
miic_partial_normal_test_normal_00685__x00000_y00000_s00448,miic_partial_normal_test_normal_00685,miic_partial,default,,SEM,test,good,data/dataverse_files_recovered/miic_partial_clean/normal/test_normal_00685.jpg,,0,0,448,448,rgb_repeat_v1,False,False
miic_partial_normal_test_normal_00686__x00000_y00000_s00448,miic_partial_normal_test_normal_00686,miic_partial,default,,SEM,test,good,data/dataverse_files_recovered/miic_partial_clean/normal/test_normal_00686.jpg,,0,0,448,448,rgb_repeat_v1,False,False
miic_partial_normal_test_normal_00687__x00000_y00000_s00448,miic_partial_normal_test_normal_00687,miic_partial,default,,SEM,train,good,data/dataverse_files_recovered/miic_partial_clean/normal/test_normal_00687.jpg,,0,0,448,448,rgb_repeat_v1,True,False
miic_partial_normal_test_normal_00688__x00000_y00000_s00448,miic_partial_normal_test_normal_00688,miic_partial,default,,SEM,test,good,data/dataverse_files_recovered/miic_partial_clean/normal/test_normal_00688.jpg,,0,0,448,448,rgb_repeat_v1,False,False
miic_partial_normal_test_normal_00689__x00000_y00000_s00448,miic_partial_normal_test_normal_00689,miic_partial,default,,SEM,validation,good,data/dataverse_files_recovered/miic_partial_clean/normal/test_normal_00689.jpg,,0,0,448,448,rgb_repeat_v1,False,False
miic_partial_normal_test_normal_00690__x00000_y00000_s00448,miic_partial_normal_test_normal_00690,miic_partial,default,,SEM,train,good,data/dataverse_files_recovered/miic_partial_clean/normal/test_normal_00690.jpg,,0,0,448,448,rgb_repeat_v1,True,False
miic_partial_normal_test_normal_00691__x00000_y00000_s00448,miic_partial_normal_test_normal_00691,miic_partial,default,,SEM,train,good,data/dataverse_files_recovered/miic_partial_clean/normal/test_normal_00691.jpg,,0,0,448,448,rgb_repeat_v1,True,False
miic_partial_normal_test_normal_00692__x00000_y00000_s00448,miic_partial_normal_test_normal_00692,miic_partial,default,,SEM,train,good,data/dataverse_files_recovered/miic_partial_clean/normal/test_normal_00692.jpg,,0,0,448,448,rgb_repeat_v1,True,False
miic_partial_normal_test_normal_00693__x00000_y00000_s00448,miic_partial_normal_test_normal_00693,miic_partial,default,,SEM,test,good,data/dataverse_files_recovered/miic_partial_clean/normal/test_normal_00693.jpg,,0,0,448,448,rgb_repeat_v1,False,False
miic_partial_normal_test_normal_00694__x00000_y00000_s00448,miic_partial_normal_test_normal_00694,miic_partial,default,,SEM,validation,good,data/dataverse_files_recovered/miic_partial_clean/normal/test_normal_00694.jpg,,0,0,448,448,rgb_repeat_v1,False,False
miic_partial_normal_test_normal_00695__x00000_y00000_s00448,miic_partial_normal_test_normal_00695,miic_partial,default,,SEM,test,good,data/dataverse_files_recovered/miic_partial_clean/normal/test_normal_00695.jpg,,0,0,448,448,rgb_repeat_v1,False,False
miic_partial_normal_test_normal_00696__x00000_y00000_s00448,miic_partial_normal_test_normal_00696,miic_partial,default,,SEM,train,good,data/dataverse_files_recovered/miic_partial_clean/normal/test_normal_00696.jpg,,0,0,448,448,rgb_repeat_v1,True,False
miic_partial_normal_test_normal_00697__x00000_y00000_s00448,miic_partial_normal_test_normal_00697,miic_partial,default,,SEM,test,good,data/dataverse_files_recovered/miic_partial_clean/normal/test_normal_00697.jpg,,0,0,448,448,rgb_repeat_v1,False,False
miic_partial_normal_test_normal_00698__x00000_y00000_s00448,miic_partial_normal_test_normal_00698,miic_partial,default,,SEM,train,good,data/dataverse_files_recovered/miic_partial_clean/normal/test_normal_00698.jpg,,0,0,448,448,rgb_repeat_v1,True,False
miic_partial_normal_test_normal_00699__x00000_y00000_s00448,miic_partial_normal_test_normal_00699,miic_partial,default,,SEM,train,good,data/dataverse_files_recovered/miic_partial_clean/normal/test_normal_00699.jpg,,0,0,448,448,rgb_repeat_v1,True,False
miic_partial_normal_test_normal_00700__x00000_y00000_s00448,miic_partial_normal_test_normal_00700,miic_partial,default,,SEM,train,good,data/dataverse_files_recovered/miic_partial_clean/normal/test_normal_00700.jpg,,0,0,448,448,rgb_repeat_v1,True,False
miic_partial_normal_test_normal_00701__x00000_y00000_s00448,miic_partial_normal_test_normal_00701,miic_partial,default,,SEM,train,good,data/dataverse_files_recovered/miic_partial_clean/normal/test_normal_00701.jpg,,0,0,448,448,rgb_repeat_v1,True,False
miic_partial_normal_test_normal_00702__x00000_y00000_s00448,miic_partial_normal_test_normal_00702,miic_partial,default,,SEM,validation,good,data/dataverse_files_recovered/miic_partial_clean/normal/test_normal_00702.jpg,,0,0,448,448,rgb_repeat_v1,False,False
miic_partial_normal_test_normal_00703__x00000_y00000_s00448,miic_partial_normal_test_normal_00703,miic_partial,default,,SEM,train,good,data/dataverse_files_recovered/miic_partial_clean/normal/test_normal_00703.jpg,,0,0,448,448,rgb_repeat_v1,True,False
miic_partial_normal_test_normal_00704__x00000_y00000_s00448,miic_partial_normal_test_normal_00704,miic_partial,default,,SEM,train,good,data/dataverse_files_recovered/miic_partial_clean/normal/test_normal_00704.jpg,,0,0,448,448,rgb_repeat_v1,True,False
miic_partial_normal_test_normal_00705__x00000_y00000_s00448,miic_partial_normal_test_normal_00705,miic_partial,default,,SEM,validation,good,data/dataverse_files_recovered/miic_partial_clean/normal/test_normal_00705.jpg,,0,0,448,448,rgb_repeat_v1,False,False
miic_partial_normal_test_normal_00706__x00000_y00000_s00448,miic_partial_normal_test_normal_00706,miic_partial,default,,SEM,test,good,data/dataverse_files_recovered/miic_partial_clean/normal/test_normal_00706.jpg,,0,0,448,448,rgb_repeat_v1,False,False
miic_partial_normal_test_normal_00707__x00000_y00000_s00448,miic_partial_normal_test_normal_00707,miic_partial,default,,SEM,validation,good,data/dataverse_files_recovered/miic_partial_clean/normal/test_normal_00707.jpg,,0,0,448,448,rgb_repeat_v1,False,False
miic_partial_normal_test_normal_00708__x00000_y00000_s00448,miic_partial_normal_test_normal_00708,miic_partial,default,,SEM,validation,good,data/dataverse_files_recovered/miic_partial_clean/normal/test_normal_00708.jpg,,0,0,448,448,rgb_repeat_v1,False,False
miic_partial_normal_test_normal_00709__x00000_y00000_s00448,miic_partial_normal_test_normal_00709,miic_partial,default,,SEM,test,good,data/dataverse_files_recovered/miic_partial_clean/normal/test_normal_00709.jpg,,0,0,448,448,rgb_repeat_v1,False,False
miic_partial_normal_test_normal_00710__x00000_y00000_s00448,miic_partial_normal_test_normal_00710,miic_partial,default,,SEM,train,good,data/dataverse_files_recovered/miic_partial_clean/normal/test_normal_00710.jpg,,0,0,448,448,rgb_repeat_v1,True,False
miic_partial_normal_test_normal_00711__x00000_y00000_s00448,miic_partial_normal_test_normal_00711,miic_partial,default,,SEM,test,good,data/dataverse_files_recovered/miic_partial_clean/normal/test_normal_00711.jpg,,0,0,448,448,rgb_repeat_v1,False,False
miic_partial_normal_test_normal_00712__x00000_y00000_s00448,miic_partial_normal_test_normal_00712,miic_partial,default,,SEM,train,good,data/dataverse_files_recovered/miic_partial_clean/normal/test_normal_00712.jpg,,0,0,448,448,rgb_repeat_v1,True,False
miic_partial_normal_test_normal_00713__x00000_y00000_s00448,miic_partial_normal_test_normal_00713,miic_partial,default,,SEM,validation,good,data/dataverse_files_recovered/miic_partial_clean/normal/test_normal_00713.jpg,,0,0,448,448,rgb_repeat_v1,False,False
miic_partial_normal_test_normal_00714__x00000_y00000_s00448,miic_partial_normal_test_normal_00714,miic_partial,default,,SEM,train,good,data/dataverse_files_recovered/miic_partial_clean/normal/test_normal_00714.jpg,,0,0,448,448,rgb_repeat_v1,True,False
miic_partial_normal_test_normal_00715__x00000_y00000_s00448,miic_partial_normal_test_normal_00715,miic_partial,default,,SEM,validation,good,data/dataverse_files_recovered/miic_partial_clean/normal/test_normal_00715.jpg,,0,0,448,448,rgb_repeat_v1,False,False
miic_partial_normal_test_normal_00716__x00000_y00000_s00448,miic_partial_normal_test_normal_00716,miic_partial,default,,SEM,validation,good,data/dataverse_files_recovered/miic_partial_clean/normal/test_normal_00716.jpg,,0,0,448,448,rgb_repeat_v1,False,False
miic_partial_normal_test_normal_00717__x00000_y00000_s00448,miic_partial_normal_test_normal_00717,miic_partial,default,,SEM,test,good,data/dataverse_files_recovered/miic_partial_clean/normal/test_normal_00717.jpg,,0,0,448,448,rgb_repeat_v1,False,False
miic_partial_normal_test_normal_00718__x00000_y00000_s00448,miic_partial_normal_test_normal_00718,miic_partial,default,,SEM,train,good,data/dataverse_files_recovered/miic_partial_clean/normal/test_normal_00718.jpg,,0,0,448,448,rgb_repeat_v1,True,False
miic_partial_normal_test_normal_00719__x00000_y00000_s00448,miic_partial_normal_test_normal_00719,miic_partial,default,,SEM,test,good,data/dataverse_files_recovered/miic_partial_clean/normal/test_normal_00719.jpg,,0,0,448,448,rgb_repeat_v1,False,False
miic_partial_normal_test_normal_00720__x00000_y00000_s00448,miic_partial_normal_test_normal_00720,miic_partial,default,,SEM,train,good,data/dataverse_files_recovered/miic_partial_clean/normal/test_normal_00720.jpg,,0,0,448,448,rgb_repeat_v1,True,False
miic_partial_normal_test_normal_00721__x00000_y00000_s00448,miic_partial_normal_test_normal_00721,miic_partial,default,,SEM,validation,good,data/dataverse_files_recovered/miic_partial_clean/normal/test_normal_00721.jpg,,0,0,448,448,rgb_repeat_v1,False,False
miic_partial_normal_test_normal_00722__x00000_y00000_s00448,miic_partial_normal_test_normal_00722,miic_partial,default,,SEM,validation,good,data/dataverse_files_recovered/miic_partial_clean/normal/test_normal_00722.jpg,,0,0,448,448,rgb_repeat_v1,False,False
miic_partial_normal_test_normal_00723__x00000_y00000_s00448,miic_partial_normal_test_normal_00723,miic_partial,default,,SEM,train,good,data/dataverse_files_recovered/miic_partial_clean/normal/test_normal_00723.jpg,,0,0,448,448,rgb_repeat_v1,True,False
miic_partial_normal_test_normal_00724__x00000_y00000_s00448,miic_partial_normal_test_normal_00724,miic_partial,default,,SEM,validation,good,data/dataverse_files_recovered/miic_partial_clean/normal/test_normal_00724.jpg,,0,0,448,448,rgb_repeat_v1,False,False
miic_partial_normal_test_normal_00725__x00000_y00000_s00448,miic_partial_normal_test_normal_00725,miic_partial,default,,SEM,train,good,data/dataverse_files_recovered/miic_partial_clean/normal/test_normal_00725.jpg,,0,0,448,448,rgb_repeat_v1,True,False
miic_partial_normal_test_normal_00726__x00000_y00000_s00448,miic_partial_normal_test_normal_00726,miic_partial,default,,SEM,test,good,data/dataverse_files_recovered/miic_partial_clean/normal/test_normal_00726.jpg,,0,0,448,448,rgb_repeat_v1,False,False
miic_partial_normal_test_normal_00727__x00000_y00000_s00448,miic_partial_normal_test_normal_00727,miic_partial,default,,SEM,train,good,data/dataverse_files_recovered/miic_partial_clean/normal/test_normal_00727.jpg,,0,0,448,448,rgb_repeat_v1,True,False
miic_partial_normal_test_normal_00728__x00000_y00000_s00448,miic_partial_normal_test_normal_00728,miic_partial,default,,SEM,validation,good,data/dataverse_files_recovered/miic_partial_clean/normal/test_normal_00728.jpg,,0,0,448,448,rgb_repeat_v1,False,False
miic_partial_normal_test_normal_00729__x00000_y00000_s00448,miic_partial_normal_test_normal_00729,miic_partial,default,,SEM,train,good,data/dataverse_files_recovered/miic_partial_clean/normal/test_normal_00729.jpg,,0,0,448,448,rgb_repeat_v1,True,False
miic_partial_normal_test_normal_00730__x00000_y00000_s00448,miic_partial_normal_test_normal_00730,miic_partial,default,,SEM,test,good,data/dataverse_files_recovered/miic_partial_clean/normal/test_normal_00730.jpg,,0,0,448,448,rgb_repeat_v1,False,False
miic_partial_normal_test_normal_00731__x00000_y00000_s00448,miic_partial_normal_test_normal_00731,miic_partial,default,,SEM,test,good,data/dataverse_files_recovered/miic_partial_clean/normal/test_normal_00731.jpg,,0,0,448,448,rgb_repeat_v1,False,False
miic_partial_normal_test_normal_00732__x00000_y00000_s00448,miic_partial_normal_test_normal_00732,miic_partial,default,,SEM,validation,good,data/dataverse_files_recovered/miic_partial_clean/normal/test_normal_00732.jpg,,0,0,448,448,rgb_repeat_v1,False,False
miic_partial_normal_test_normal_00733__x00000_y00000_s00448,miic_partial_normal_test_normal_00733,miic_partial,default,,SEM,train,good,data/dataverse_files_recovered/miic_partial_clean/normal/test_normal_00733.jpg,,0,0,448,448,rgb_repeat_v1,True,False
miic_partial_normal_test_normal_00734__x00000_y00000_s00448,miic_partial_normal_test_normal_00734,miic_partial,default,,SEM,test,good,data/dataverse_files_recovered/miic_partial_clean/normal/test_normal_00734.jpg,,0,0,448,448,rgb_repeat_v1,False,False
miic_partial_normal_test_normal_00735__x00000_y00000_s00448,miic_partial_normal_test_normal_00735,miic_partial,default,,SEM,validation,good,data/dataverse_files_recovered/miic_partial_clean/normal/test_normal_00735.jpg,,0,0,448,448,rgb_repeat_v1,False,False
miic_partial_normal_test_normal_00736__x00000_y00000_s00448,miic_partial_normal_test_normal_00736,miic_partial,default,,SEM,train,good,data/dataverse_files_recovered/miic_partial_clean/normal/test_normal_00736.jpg,,0,0,448,448,rgb_repeat_v1,True,False
miic_partial_normal_test_normal_00737__x00000_y00000_s00448,miic_partial_normal_test_normal_00737,miic_partial,default,,SEM,train,good,data/dataverse_files_recovered/miic_partial_clean/normal/test_normal_00737.jpg,,0,0,448,448,rgb_repeat_v1,True,False
miic_partial_normal_test_normal_00738__x00000_y00000_s00448,miic_partial_normal_test_normal_00738,miic_partial,default,,SEM,train,good,data/dataverse_files_recovered/miic_partial_clean/normal/test_normal_00738.jpg,,0,0,448,448,rgb_repeat_v1,True,False
miic_partial_normal_test_normal_00739__x00000_y00000_s00448,miic_partial_normal_test_normal_00739,miic_partial,default,,SEM,train,good,data/dataverse_files_recovered/miic_partial_clean/normal/test_normal_00739.jpg,,0,0,448,448,rgb_repeat_v1,True,False
miic_partial_normal_test_normal_00740__x00000_y00000_s00448,miic_partial_normal_test_normal_00740,miic_partial,default,,SEM,test,good,data/dataverse_files_recovered/miic_partial_clean/normal/test_normal_00740.jpg,,0,0,448,448,rgb_repeat_v1,False,False
miic_partial_normal_test_normal_00741__x00000_y00000_s00448,miic_partial_normal_test_normal_00741,miic_partial,default,,SEM,train,good,data/dataverse_files_recovered/miic_partial_clean/normal/test_normal_00741.jpg,,0,0,448,448,rgb_repeat_v1,True,False
miic_partial_normal_test_normal_00742__x00000_y00000_s00448,miic_partial_normal_test_normal_00742,miic_partial,default,,SEM,train,good,data/dataverse_files_recovered/miic_partial_clean/normal/test_normal_00742.jpg,,0,0,448,448,rgb_repeat_v1,True,False
miic_partial_normal_test_normal_00743__x00000_y00000_s00448,miic_partial_normal_test_normal_00743,miic_partial,default,,SEM,test,good,data/dataverse_files_recovered/miic_partial_clean/normal/test_normal_00743.jpg,,0,0,448,448,rgb_repeat_v1,False,False
miic_partial_normal_test_normal_00744__x00000_y00000_s00448,miic_partial_normal_test_normal_00744,miic_partial,default,,SEM,train,good,data/dataverse_files_recovered/miic_partial_clean/normal/test_normal_00744.jpg,,0,0,448,448,rgb_repeat_v1,True,False
miic_partial_normal_test_normal_00745__x00000_y00000_s00448,miic_partial_normal_test_normal_00745,miic_partial,default,,SEM,train,good,data/dataverse_files_recovered/miic_partial_clean/normal/test_normal_00745.jpg,,0,0,448,448,rgb_repeat_v1,True,False
miic_partial_normal_test_normal_00746__x00000_y00000_s00448,miic_partial_normal_test_normal_00746,miic_partial,default,,SEM,test,good,data/dataverse_files_recovered/miic_partial_clean/normal/test_normal_00746.jpg,,0,0,448,448,rgb_repeat_v1,False,False
miic_partial_normal_test_normal_00747__x00000_y00000_s00448,miic_partial_normal_test_normal_00747,miic_partial,default,,SEM,validation,good,data/dataverse_files_recovered/miic_partial_clean/normal/test_normal_00747.jpg,,0,0,448,448,rgb_repeat_v1,False,False
miic_partial_normal_test_normal_00748__x00000_y00000_s00448,miic_partial_normal_test_normal_00748,miic_partial,default,,SEM,test,good,data/dataverse_files_recovered/miic_partial_clean/normal/test_normal_00748.jpg,,0,0,448,448,rgb_repeat_v1,False,False
miic_partial_normal_test_normal_00749__x00000_y00000_s00448,miic_partial_normal_test_normal_00749,miic_partial,default,,SEM,train,good,data/dataverse_files_recovered/miic_partial_clean/normal/test_normal_00749.jpg,,0,0,448,448,rgb_repeat_v1,True,False
miic_partial_normal_test_normal_00750__x00000_y00000_s00448,miic_partial_normal_test_normal_00750,miic_partial,default,,SEM,test,good,data/dataverse_files_recovered/miic_partial_clean/normal/test_normal_00750.jpg,,0,0,448,448,rgb_repeat_v1,False,False
miic_partial_normal_test_normal_00751__x00000_y00000_s00448,miic_partial_normal_test_normal_00751,miic_partial,default,,SEM,validation,good,data/dataverse_files_recovered/miic_partial_clean/normal/test_normal_00751.jpg,,0,0,448,448,rgb_repeat_v1,False,False
miic_partial_normal_test_normal_00752__x00000_y00000_s00448,miic_partial_normal_test_normal_00752,miic_partial,default,,SEM,train,good,data/dataverse_files_recovered/miic_partial_clean/normal/test_normal_00752.jpg,,0,0,448,448,rgb_repeat_v1,True,False
miic_partial_normal_test_normal_00753__x00000_y00000_s00448,miic_partial_normal_test_normal_00753,miic_partial,default,,SEM,train,good,data/dataverse_files_recovered/miic_partial_clean/normal/test_normal_00753.jpg,,0,0,448,448,rgb_repeat_v1,True,False
miic_partial_normal_test_normal_00754__x00000_y00000_s00448,miic_partial_normal_test_normal_00754,miic_partial,default,,SEM,train,good,data/dataverse_files_recovered/miic_partial_clean/normal/test_normal_00754.jpg,,0,0,448,448,rgb_repeat_v1,True,False
miic_partial_normal_test_normal_00755__x00000_y00000_s00448,miic_partial_normal_test_normal_00755,miic_partial,default,,SEM,validation,good,data/dataverse_files_recovered/miic_partial_clean/normal/test_normal_00755.jpg,,0,0,448,448,rgb_repeat_v1,False,False
miic_partial_normal_test_normal_00756__x00000_y00000_s00448,miic_partial_normal_test_normal_00756,miic_partial,default,,SEM,train,good,data/dataverse_files_recovered/miic_partial_clean/normal/test_normal_00756.jpg,,0,0,448,448,rgb_repeat_v1,True,False
miic_partial_normal_test_normal_00757__x00000_y00000_s00448,miic_partial_normal_test_normal_00757,miic_partial,default,,SEM,test,good,data/dataverse_files_recovered/miic_partial_clean/normal/test_normal_00757.jpg,,0,0,448,448,rgb_repeat_v1,False,False
miic_partial_normal_test_normal_00758__x00000_y00000_s00448,miic_partial_normal_test_normal_00758,miic_partial,default,,SEM,train,good,data/dataverse_files_recovered/miic_partial_clean/normal/test_normal_00758.jpg,,0,0,448,448,rgb_repeat_v1,True,False
miic_partial_normal_test_normal_00759__x00000_y00000_s00448,miic_partial_normal_test_normal_00759,miic_partial,default,,SEM,train,good,data/dataverse_files_recovered/miic_partial_clean/normal/test_normal_00759.jpg,,0,0,448,448,rgb_repeat_v1,True,False
miic_partial_normal_test_normal_00760__x00000_y00000_s00448,miic_partial_normal_test_normal_00760,miic_partial,default,,SEM,validation,good,data/dataverse_files_recovered/miic_partial_clean/normal/test_normal_00760.jpg,,0,0,448,448,rgb_repeat_v1,False,False
miic_partial_normal_test_normal_00761__x00000_y00000_s00448,miic_partial_normal_test_normal_00761,miic_partial,default,,SEM,train,good,data/dataverse_files_recovered/miic_partial_clean/normal/test_normal_00761.jpg,,0,0,448,448,rgb_repeat_v1,True,False
miic_partial_normal_test_normal_00762__x00000_y00000_s00448,miic_partial_normal_test_normal_00762,miic_partial,default,,SEM,train,good,data/dataverse_files_recovered/miic_partial_clean/normal/test_normal_00762.jpg,,0,0,448,448,rgb_repeat_v1,True,False
miic_partial_normal_test_normal_00763__x00000_y00000_s00448,miic_partial_normal_test_normal_00763,miic_partial,default,,SEM,train,good,data/dataverse_files_recovered/miic_partial_clean/normal/test_normal_00763.jpg,,0,0,448,448,rgb_repeat_v1,True,False
miic_partial_normal_test_normal_00764__x00000_y00000_s00448,miic_partial_normal_test_normal_00764,miic_partial,default,,SEM,train,good,data/dataverse_files_recovered/miic_partial_clean/normal/test_normal_00764.jpg,,0,0,448,448,rgb_repeat_v1,True,False
miic_partial_normal_test_normal_00765__x00000_y00000_s00448,miic_partial_normal_test_normal_00765,miic_partial,default,,SEM,test,good,data/dataverse_files_recovered/miic_partial_clean/normal/test_normal_00765.jpg,,0,0,448,448,rgb_repeat_v1,False,False
miic_partial_normal_test_normal_00766__x00000_y00000_s00448,miic_partial_normal_test_normal_00766,miic_partial,default,,SEM,validation,good,data/dataverse_files_recovered/miic_partial_clean/normal/test_normal_00766.jpg,,0,0,448,448,rgb_repeat_v1,False,False
miic_partial_normal_test_normal_00767__x00000_y00000_s00448,miic_partial_normal_test_normal_00767,miic_partial,default,,SEM,train,good,data/dataverse_files_recovered/miic_partial_clean/normal/test_normal_00767.jpg,,0,0,448,448,rgb_repeat_v1,True,False
miic_partial_normal_test_normal_00768__x00000_y00000_s00448,miic_partial_normal_test_normal_00768,miic_partial,default,,SEM,validation,good,data/dataverse_files_recovered/miic_partial_clean/normal/test_normal_00768.jpg,,0,0,448,448,rgb_repeat_v1,False,False
miic_partial_normal_test_normal_00769__x00000_y00000_s00448,miic_partial_normal_test_normal_00769,miic_partial,default,,SEM,train,good,data/dataverse_files_recovered/miic_partial_clean/normal/test_normal_00769.jpg,,0,0,448,448,rgb_repeat_v1,True,False
miic_partial_normal_test_normal_00770__x00000_y00000_s00448,miic_partial_normal_test_normal_00770,miic_partial,default,,SEM,validation,good,data/dataverse_files_recovered/miic_partial_clean/normal/test_normal_00770.jpg,,0,0,448,448,rgb_repeat_v1,False,False
miic_partial_normal_test_normal_00771__x00000_y00000_s00448,miic_partial_normal_test_normal_00771,miic_partial,default,,SEM,validation,good,data/dataverse_files_recovered/miic_partial_clean/normal/test_normal_00771.jpg,,0,0,448,448,rgb_repeat_v1,False,False
miic_partial_normal_test_normal_00772__x00000_y00000_s00448,miic_partial_normal_test_normal_00772,miic_partial,default,,SEM,train,good,data/dataverse_files_recovered/miic_partial_clean/normal/test_normal_00772.jpg,,0,0,448,448,rgb_repeat_v1,True,False
miic_partial_normal_test_normal_00773__x00000_y00000_s00448,miic_partial_normal_test_normal_00773,miic_partial,default,,SEM,train,good,data/dataverse_files_recovered/miic_partial_clean/normal/test_normal_00773.jpg,,0,0,448,448,rgb_repeat_v1,True,False
miic_partial_normal_test_normal_00774__x00000_y00000_s00448,miic_partial_normal_test_normal_00774,miic_partial,default,,SEM,train,good,data/dataverse_files_recovered/miic_partial_clean/normal/test_normal_00774.jpg,,0,0,448,448,rgb_repeat_v1,True,False
miic_partial_normal_test_normal_00775__x00000_y00000_s00448,miic_partial_normal_test_normal_00775,miic_partial,default,,SEM,validation,good,data/dataverse_files_recovered/miic_partial_clean/normal/test_normal_00775.jpg,,0,0,448,448,rgb_repeat_v1,False,False
miic_partial_normal_test_normal_00776__x00000_y00000_s00448,miic_partial_normal_test_normal_00776,miic_partial,default,,SEM,train,good,data/dataverse_files_recovered/miic_partial_clean/normal/test_normal_00776.jpg,,0,0,448,448,rgb_repeat_v1,True,False
miic_partial_normal_test_normal_00777__x00000_y00000_s00448,miic_partial_normal_test_normal_00777,miic_partial,default,,SEM,train,good,data/dataverse_files_recovered/miic_partial_clean/normal/test_normal_00777.jpg,,0,0,448,448,rgb_repeat_v1,True,False
miic_partial_normal_test_normal_00778__x00000_y00000_s00448,miic_partial_normal_test_normal_00778,miic_partial,default,,SEM,train,good,data/dataverse_files_recovered/miic_partial_clean/normal/test_normal_00778.jpg,,0,0,448,448,rgb_repeat_v1,True,False
miic_partial_normal_test_normal_00779__x00000_y00000_s00448,miic_partial_normal_test_normal_00779,miic_partial,default,,SEM,train,good,data/dataverse_files_recovered/miic_partial_clean/normal/test_normal_00779.jpg,,0,0,448,448,rgb_repeat_v1,True,False
miic_partial_normal_test_normal_00780__x00000_y00000_s00448,miic_partial_normal_test_normal_00780,miic_partial,default,,SEM,test,good,data/dataverse_files_recovered/miic_partial_clean/normal/test_normal_00780.jpg,,0,0,448,448,rgb_repeat_v1,False,False
miic_partial_normal_test_normal_00781__x00000_y00000_s00448,miic_partial_normal_test_normal_00781,miic_partial,default,,SEM,validation,good,data/dataverse_files_recovered/miic_partial_clean/normal/test_normal_00781.jpg,,0,0,448,448,rgb_repeat_v1,False,False
miic_partial_normal_test_normal_00782__x00000_y00000_s00448,miic_partial_normal_test_normal_00782,miic_partial,default,,SEM,test,good,data/dataverse_files_recovered/miic_partial_clean/normal/test_normal_00782.jpg,,0,0,448,448,rgb_repeat_v1,False,False
miic_partial_normal_test_normal_00783__x00000_y00000_s00448,miic_partial_normal_test_normal_00783,miic_partial,default,,SEM,test,good,data/dataverse_files_recovered/miic_partial_clean/normal/test_normal_00783.jpg,,0,0,448,448,rgb_repeat_v1,False,False
miic_partial_normal_test_normal_00784__x00000_y00000_s00448,miic_partial_normal_test_normal_00784,miic_partial,default,,SEM,train,good,data/dataverse_files_recovered/miic_partial_clean/normal/test_normal_00784.jpg,,0,0,448,448,rgb_repeat_v1,True,False
miic_partial_normal_test_normal_00785__x00000_y00000_s00448,miic_partial_normal_test_normal_00785,miic_partial,default,,SEM,test,good,data/dataverse_files_recovered/miic_partial_clean/normal/test_normal_00785.jpg,,0,0,448,448,rgb_repeat_v1,False,False
miic_partial_normal_test_normal_00786__x00000_y00000_s00448,miic_partial_normal_test_normal_00786,miic_partial,default,,SEM,train,good,data/dataverse_files_recovered/miic_partial_clean/normal/test_normal_00786.jpg,,0,0,448,448,rgb_repeat_v1,True,False
miic_partial_normal_test_normal_00787__x00000_y00000_s00448,miic_partial_normal_test_normal_00787,miic_partial,default,,SEM,validation,good,data/dataverse_files_recovered/miic_partial_clean/normal/test_normal_00787.jpg,,0,0,448,448,rgb_repeat_v1,False,False
miic_partial_normal_test_normal_00788__x00000_y00000_s00448,miic_partial_normal_test_normal_00788,miic_partial,default,,SEM,validation,good,data/dataverse_files_recovered/miic_partial_clean/normal/test_normal_00788.jpg,,0,0,448,448,rgb_repeat_v1,False,False
miic_partial_normal_test_normal_00789__x00000_y00000_s00448,miic_partial_normal_test_normal_00789,miic_partial,default,,SEM,validation,good,data/dataverse_files_recovered/miic_partial_clean/normal/test_normal_00789.jpg,,0,0,448,448,rgb_repeat_v1,False,False
miic_partial_normal_test_normal_00790__x00000_y00000_s00448,miic_partial_normal_test_normal_00790,miic_partial,default,,SEM,train,good,data/dataverse_files_recovered/miic_partial_clean/normal/test_normal_00790.jpg,,0,0,448,448,rgb_repeat_v1,True,False
miic_partial_normal_test_normal_00791__x00000_y00000_s00448,miic_partial_normal_test_normal_00791,miic_partial,default,,SEM,train,good,data/dataverse_files_recovered/miic_partial_clean/normal/test_normal_00791.jpg,,0,0,448,448,rgb_repeat_v1,True,False
miic_partial_normal_test_normal_00792__x00000_y00000_s00448,miic_partial_normal_test_normal_00792,miic_partial,default,,SEM,train,good,data/dataverse_files_recovered/miic_partial_clean/normal/test_normal_00792.jpg,,0,0,448,448,rgb_repeat_v1,True,False
miic_partial_normal_test_normal_00793__x00000_y00000_s00448,miic_partial_normal_test_normal_00793,miic_partial,default,,SEM,train,good,data/dataverse_files_recovered/miic_partial_clean/normal/test_normal_00793.jpg,,0,0,448,448,rgb_repeat_v1,True,False
miic_partial_normal_test_normal_00794__x00000_y00000_s00448,miic_partial_normal_test_normal_00794,miic_partial,default,,SEM,train,good,data/dataverse_files_recovered/miic_partial_clean/normal/test_normal_00794.jpg,,0,0,448,448,rgb_repeat_v1,True,False
miic_partial_normal_test_normal_00795__x00000_y00000_s00448,miic_partial_normal_test_normal_00795,miic_partial,default,,SEM,train,good,data/dataverse_files_recovered/miic_partial_clean/normal/test_normal_00795.jpg,,0,0,448,448,rgb_repeat_v1,True,False
miic_partial_normal_test_normal_00796__x00000_y00000_s00448,miic_partial_normal_test_normal_00796,miic_partial,default,,SEM,train,good,data/dataverse_files_recovered/miic_partial_clean/normal/test_normal_00796.jpg,,0,0,448,448,rgb_repeat_v1,True,False
miic_partial_normal_test_normal_00797__x00000_y00000_s00448,miic_partial_normal_test_normal_00797,miic_partial,default,,SEM,train,good,data/dataverse_files_recovered/miic_partial_clean/normal/test_normal_00797.jpg,,0,0,448,448,rgb_repeat_v1,True,False
miic_partial_normal_test_normal_00798__x00000_y00000_s00448,miic_partial_normal_test_normal_00798,miic_partial,default,,SEM,test,good,data/dataverse_files_recovered/miic_partial_clean/normal/test_normal_00798.jpg,,0,0,448,448,rgb_repeat_v1,False,False
miic_partial_normal_test_normal_00799__x00000_y00000_s00448,miic_partial_normal_test_normal_00799,miic_partial,default,,SEM,train,good,data/dataverse_files_recovered/miic_partial_clean/normal/test_normal_00799.jpg,,0,0,448,448,rgb_repeat_v1,True,False
miic_partial_normal_test_normal_00800__x00000_y00000_s00448,miic_partial_normal_test_normal_00800,miic_partial,default,,SEM,train,good,data/dataverse_files_recovered/miic_partial_clean/normal/test_normal_00800.jpg,,0,0,448,448,rgb_repeat_v1,True,False
miic_partial_normal_test_normal_00801__x00000_y00000_s00448,miic_partial_normal_test_normal_00801,miic_partial,default,,SEM,train,good,data/dataverse_files_recovered/miic_partial_clean/normal/test_normal_00801.jpg,,0,0,448,448,rgb_repeat_v1,True,False
miic_partial_normal_test_normal_00802__x00000_y00000_s00448,miic_partial_normal_test_normal_00802,miic_partial,default,,SEM,validation,good,data/dataverse_files_recovered/miic_partial_clean/normal/test_normal_00802.jpg,,0,0,448,448,rgb_repeat_v1,False,False
miic_partial_normal_test_normal_00803__x00000_y00000_s00448,miic_partial_normal_test_normal_00803,miic_partial,default,,SEM,train,good,data/dataverse_files_recovered/miic_partial_clean/normal/test_normal_00803.jpg,,0,0,448,448,rgb_repeat_v1,True,False
miic_partial_normal_test_normal_00804__x00000_y00000_s00448,miic_partial_normal_test_normal_00804,miic_partial,default,,SEM,validation,good,data/dataverse_files_recovered/miic_partial_clean/normal/test_normal_00804.jpg,,0,0,448,448,rgb_repeat_v1,False,False
miic_partial_normal_test_normal_00805__x00000_y00000_s00448,miic_partial_normal_test_normal_00805,miic_partial,default,,SEM,validation,good,data/dataverse_files_recovered/miic_partial_clean/normal/test_normal_00805.jpg,,0,0,448,448,rgb_repeat_v1,False,False
miic_partial_normal_test_normal_00806__x00000_y00000_s00448,miic_partial_normal_test_normal_00806,miic_partial,default,,SEM,test,good,data/dataverse_files_recovered/miic_partial_clean/normal/test_normal_00806.jpg,,0,0,448,448,rgb_repeat_v1,False,False
miic_partial_normal_test_normal_00807__x00000_y00000_s00448,miic_partial_normal_test_normal_00807,miic_partial,default,,SEM,test,good,data/dataverse_files_recovered/miic_partial_clean/normal/test_normal_00807.jpg,,0,0,448,448,rgb_repeat_v1,False,False
miic_partial_normal_test_normal_00808__x00000_y00000_s00448,miic_partial_normal_test_normal_00808,miic_partial,default,,SEM,train,good,data/dataverse_files_recovered/miic_partial_clean/normal/test_normal_00808.jpg,,0,0,448,448,rgb_repeat_v1,True,False
miic_partial_normal_test_normal_00809__x00000_y00000_s00448,miic_partial_normal_test_normal_00809,miic_partial,default,,SEM,validation,good,data/dataverse_files_recovered/miic_partial_clean/normal/test_normal_00809.jpg,,0,0,448,448,rgb_repeat_v1,False,False
miic_partial_normal_test_normal_00810__x00000_y00000_s00448,miic_partial_normal_test_normal_00810,miic_partial,default,,SEM,test,good,data/dataverse_files_recovered/miic_partial_clean/normal/test_normal_00810.jpg,,0,0,448,448,rgb_repeat_v1,False,False
miic_partial_normal_test_normal_00811__x00000_y00000_s00448,miic_partial_normal_test_normal_00811,miic_partial,default,,SEM,test,good,data/dataverse_files_recovered/miic_partial_clean/normal/test_normal_00811.jpg,,0,0,448,448,rgb_repeat_v1,False,False
miic_partial_normal_test_normal_00812__x00000_y00000_s00448,miic_partial_normal_test_normal_00812,miic_partial,default,,SEM,validation,good,data/dataverse_files_recovered/miic_partial_clean/normal/test_normal_00812.jpg,,0,0,448,448,rgb_repeat_v1,False,False
miic_partial_normal_test_normal_00813__x00000_y00000_s00448,miic_partial_normal_test_normal_00813,miic_partial,default,,SEM,train,good,data/dataverse_files_recovered/miic_partial_clean/normal/test_normal_00813.jpg,,0,0,448,448,rgb_repeat_v1,True,False
miic_partial_normal_test_normal_00814__x00000_y00000_s00448,miic_partial_normal_test_normal_00814,miic_partial,default,,SEM,train,good,data/dataverse_files_recovered/miic_partial_clean/normal/test_normal_00814.jpg,,0,0,448,448,rgb_repeat_v1,True,False
miic_partial_normal_test_normal_00815__x00000_y00000_s00448,miic_partial_normal_test_normal_00815,miic_partial,default,,SEM,test,good,data/dataverse_files_recovered/miic_partial_clean/normal/test_normal_00815.jpg,,0,0,448,448,rgb_repeat_v1,False,False
miic_partial_normal_test_normal_00816__x00000_y00000_s00448,miic_partial_normal_test_normal_00816,miic_partial,default,,SEM,validation,good,data/dataverse_files_recovered/miic_partial_clean/normal/test_normal_00816.jpg,,0,0,448,448,rgb_repeat_v1,False,False
miic_partial_normal_test_normal_00817__x00000_y00000_s00448,miic_partial_normal_test_normal_00817,miic_partial,default,,SEM,train,good,data/dataverse_files_recovered/miic_partial_clean/normal/test_normal_00817.jpg,,0,0,448,448,rgb_repeat_v1,True,False
miic_partial_normal_test_normal_00818__x00000_y00000_s00448,miic_partial_normal_test_normal_00818,miic_partial,default,,SEM,train,good,data/dataverse_files_recovered/miic_partial_clean/normal/test_normal_00818.jpg,,0,0,448,448,rgb_repeat_v1,True,False
miic_partial_normal_test_normal_00819__x00000_y00000_s00448,miic_partial_normal_test_normal_00819,miic_partial,default,,SEM,test,good,data/dataverse_files_recovered/miic_partial_clean/normal/test_normal_00819.jpg,,0,0,448,448,rgb_repeat_v1,False,False
miic_partial_normal_test_normal_00820__x00000_y00000_s00448,miic_partial_normal_test_normal_00820,miic_partial,default,,SEM,test,good,data/dataverse_files_recovered/miic_partial_clean/normal/test_normal_00820.jpg,,0,0,448,448,rgb_repeat_v1,False,False
miic_partial_normal_test_normal_00821__x00000_y00000_s00448,miic_partial_normal_test_normal_00821,miic_partial,default,,SEM,train,good,data/dataverse_files_recovered/miic_partial_clean/normal/test_normal_00821.jpg,,0,0,448,448,rgb_repeat_v1,True,False
miic_partial_normal_test_normal_00822__x00000_y00000_s00448,miic_partial_normal_test_normal_00822,miic_partial,default,,SEM,train,good,data/dataverse_files_recovered/miic_partial_clean/normal/test_normal_00822.jpg,,0,0,448,448,rgb_repeat_v1,True,False
miic_partial_normal_test_normal_00823__x00000_y00000_s00448,miic_partial_normal_test_normal_00823,miic_partial,default,,SEM,train,good,data/dataverse_files_recovered/miic_partial_clean/normal/test_normal_00823.jpg,,0,0,448,448,rgb_repeat_v1,True,False
miic_partial_normal_test_normal_00824__x00000_y00000_s00448,miic_partial_normal_test_normal_00824,miic_partial,default,,SEM,test,good,data/dataverse_files_recovered/miic_partial_clean/normal/test_normal_00824.jpg,,0,0,448,448,rgb_repeat_v1,False,False
miic_partial_normal_test_normal_00825__x00000_y00000_s00448,miic_partial_normal_test_normal_00825,miic_partial,default,,SEM,train,good,data/dataverse_files_recovered/miic_partial_clean/normal/test_normal_00825.jpg,,0,0,448,448,rgb_repeat_v1,True,False
miic_partial_normal_test_normal_00826__x00000_y00000_s00448,miic_partial_normal_test_normal_00826,miic_partial,default,,SEM,validation,good,data/dataverse_files_recovered/miic_partial_clean/normal/test_normal_00826.jpg,,0,0,448,448,rgb_repeat_v1,False,False
miic_partial_normal_test_normal_00827__x00000_y00000_s00448,miic_partial_normal_test_normal_00827,miic_partial,default,,SEM,test,good,data/dataverse_files_recovered/miic_partial_clean/normal/test_normal_00827.jpg,,0,0,448,448,rgb_repeat_v1,False,False
miic_partial_normal_test_normal_00828__x00000_y00000_s00448,miic_partial_normal_test_normal_00828,miic_partial,default,,SEM,test,good,data/dataverse_files_recovered/miic_partial_clean/normal/test_normal_00828.jpg,,0,0,448,448,rgb_repeat_v1,False,False
miic_partial_normal_test_normal_00829__x00000_y00000_s00448,miic_partial_normal_test_normal_00829,miic_partial,default,,SEM,test,good,data/dataverse_files_recovered/miic_partial_clean/normal/test_normal_00829.jpg,,0,0,448,448,rgb_repeat_v1,False,False
miic_partial_normal_test_normal_00830__x00000_y00000_s00448,miic_partial_normal_test_normal_00830,miic_partial,default,,SEM,train,good,data/dataverse_files_recovered/miic_partial_clean/normal/test_normal_00830.jpg,,0,0,448,448,rgb_repeat_v1,True,False
miic_partial_normal_test_normal_00831__x00000_y00000_s00448,miic_partial_normal_test_normal_00831,miic_partial,default,,SEM,train,good,data/dataverse_files_recovered/miic_partial_clean/normal/test_normal_00831.jpg,,0,0,448,448,rgb_repeat_v1,True,False
miic_partial_normal_test_normal_00832__x00000_y00000_s00448,miic_partial_normal_test_normal_00832,miic_partial,default,,SEM,train,good,data/dataverse_files_recovered/miic_partial_clean/normal/test_normal_00832.jpg,,0,0,448,448,rgb_repeat_v1,True,False
miic_partial_normal_test_normal_00833__x00000_y00000_s00448,miic_partial_normal_test_normal_00833,miic_partial,default,,SEM,train,good,data/dataverse_files_recovered/miic_partial_clean/normal/test_normal_00833.jpg,,0,0,448,448,rgb_repeat_v1,True,False
miic_partial_normal_test_normal_00834__x00000_y00000_s00448,miic_partial_normal_test_normal_00834,miic_partial,default,,SEM,test,good,data/dataverse_files_recovered/miic_partial_clean/normal/test_normal_00834.jpg,,0,0,448,448,rgb_repeat_v1,False,False
miic_partial_normal_test_normal_00835__x00000_y00000_s00448,miic_partial_normal_test_normal_00835,miic_partial,default,,SEM,test,good,data/dataverse_files_recovered/miic_partial_clean/normal/test_normal_00835.jpg,,0,0,448,448,rgb_repeat_v1,False,False
miic_partial_normal_test_normal_00836__x00000_y00000_s00448,miic_partial_normal_test_normal_00836,miic_partial,default,,SEM,train,good,data/dataverse_files_recovered/miic_partial_clean/normal/test_normal_00836.jpg,,0,0,448,448,rgb_repeat_v1,True,False
miic_partial_normal_test_normal_00837__x00000_y00000_s00448,miic_partial_normal_test_normal_00837,miic_partial,default,,SEM,train,good,data/dataverse_files_recovered/miic_partial_clean/normal/test_normal_00837.jpg,,0,0,448,448,rgb_repeat_v1,True,False
miic_partial_normal_test_normal_00838__x00000_y00000_s00448,miic_partial_normal_test_normal_00838,miic_partial,default,,SEM,train,good,data/dataverse_files_recovered/miic_partial_clean/normal/test_normal_00838.jpg,,0,0,448,448,rgb_repeat_v1,True,False
miic_partial_normal_test_normal_00839__x00000_y00000_s00448,miic_partial_normal_test_normal_00839,miic_partial,default,,SEM,validation,good,data/dataverse_files_recovered/miic_partial_clean/normal/test_normal_00839.jpg,,0,0,448,448,rgb_repeat_v1,False,False
miic_partial_normal_test_normal_00840__x00000_y00000_s00448,miic_partial_normal_test_normal_00840,miic_partial,default,,SEM,train,good,data/dataverse_files_recovered/miic_partial_clean/normal/test_normal_00840.jpg,,0,0,448,448,rgb_repeat_v1,True,False
miic_partial_normal_test_normal_00841__x00000_y00000_s00448,miic_partial_normal_test_normal_00841,miic_partial,default,,SEM,validation,good,data/dataverse_files_recovered/miic_partial_clean/normal/test_normal_00841.jpg,,0,0,448,448,rgb_repeat_v1,False,False
miic_partial_normal_test_normal_00842__x00000_y00000_s00448,miic_partial_normal_test_normal_00842,miic_partial,default,,SEM,train,good,data/dataverse_files_recovered/miic_partial_clean/normal/test_normal_00842.jpg,,0,0,448,448,rgb_repeat_v1,True,False
miic_partial_normal_test_normal_00843__x00000_y00000_s00448,miic_partial_normal_test_normal_00843,miic_partial,default,,SEM,test,good,data/dataverse_files_recovered/miic_partial_clean/normal/test_normal_00843.jpg,,0,0,448,448,rgb_repeat_v1,False,False
miic_partial_normal_test_normal_00844__x00000_y00000_s00448,miic_partial_normal_test_normal_00844,miic_partial,default,,SEM,validation,good,data/dataverse_files_recovered/miic_partial_clean/normal/test_normal_00844.jpg,,0,0,448,448,rgb_repeat_v1,False,False
miic_partial_normal_test_normal_00845__x00000_y00000_s00448,miic_partial_normal_test_normal_00845,miic_partial,default,,SEM,test,good,data/dataverse_files_recovered/miic_partial_clean/normal/test_normal_00845.jpg,,0,0,448,448,rgb_repeat_v1,False,False
miic_partial_normal_test_normal_00846__x00000_y00000_s00448,miic_partial_normal_test_normal_00846,miic_partial,default,,SEM,test,good,data/dataverse_files_recovered/miic_partial_clean/normal/test_normal_00846.jpg,,0,0,448,448,rgb_repeat_v1,False,False
miic_partial_normal_test_normal_00847__x00000_y00000_s00448,miic_partial_normal_test_normal_00847,miic_partial,default,,SEM,train,good,data/dataverse_files_recovered/miic_partial_clean/normal/test_normal_00847.jpg,,0,0,448,448,rgb_repeat_v1,True,False
miic_partial_normal_test_normal_00848__x00000_y00000_s00448,miic_partial_normal_test_normal_00848,miic_partial,default,,SEM,validation,good,data/dataverse_files_recovered/miic_partial_clean/normal/test_normal_00848.jpg,,0,0,448,448,rgb_repeat_v1,False,False
miic_partial_normal_test_normal_00849__x00000_y00000_s00448,miic_partial_normal_test_normal_00849,miic_partial,default,,SEM,train,good,data/dataverse_files_recovered/miic_partial_clean/normal/test_normal_00849.jpg,,0,0,448,448,rgb_repeat_v1,True,False
miic_partial_normal_test_normal_00850__x00000_y00000_s00448,miic_partial_normal_test_normal_00850,miic_partial,default,,SEM,validation,good,data/dataverse_files_recovered/miic_partial_clean/normal/test_normal_00850.jpg,,0,0,448,448,rgb_repeat_v1,False,False
miic_partial_normal_test_normal_00851__x00000_y00000_s00448,miic_partial_normal_test_normal_00851,miic_partial,default,,SEM,test,good,data/dataverse_files_recovered/miic_partial_clean/normal/test_normal_00851.jpg,,0,0,448,448,rgb_repeat_v1,False,False
miic_partial_normal_test_normal_00852__x00000_y00000_s00448,miic_partial_normal_test_normal_00852,miic_partial,default,,SEM,validation,good,data/dataverse_files_recovered/miic_partial_clean/normal/test_normal_00852.jpg,,0,0,448,448,rgb_repeat_v1,False,False
miic_partial_normal_test_normal_00853__x00000_y00000_s00448,miic_partial_normal_test_normal_00853,miic_partial,default,,SEM,test,good,data/dataverse_files_recovered/miic_partial_clean/normal/test_normal_00853.jpg,,0,0,448,448,rgb_repeat_v1,False,False
miic_partial_normal_test_normal_00854__x00000_y00000_s00448,miic_partial_normal_test_normal_00854,miic_partial,default,,SEM,train,good,data/dataverse_files_recovered/miic_partial_clean/normal/test_normal_00854.jpg,,0,0,448,448,rgb_repeat_v1,True,False
miic_partial_normal_test_normal_00855__x00000_y00000_s00448,miic_partial_normal_test_normal_00855,miic_partial,default,,SEM,train,good,data/dataverse_files_recovered/miic_partial_clean/normal/test_normal_00855.jpg,,0,0,448,448,rgb_repeat_v1,True,False
miic_partial_normal_test_normal_00856__x00000_y00000_s00448,miic_partial_normal_test_normal_00856,miic_partial,default,,SEM,train,good,data/dataverse_files_recovered/miic_partial_clean/normal/test_normal_00856.jpg,,0,0,448,448,rgb_repeat_v1,True,False
miic_partial_normal_test_normal_00857__x00000_y00000_s00448,miic_partial_normal_test_normal_00857,miic_partial,default,,SEM,test,good,data/dataverse_files_recovered/miic_partial_clean/normal/test_normal_00857.jpg,,0,0,448,448,rgb_repeat_v1,False,False
miic_partial_normal_test_normal_00858__x00000_y00000_s00448,miic_partial_normal_test_normal_00858,miic_partial,default,,SEM,validation,good,data/dataverse_files_recovered/miic_partial_clean/normal/test_normal_00858.jpg,,0,0,448,448,rgb_repeat_v1,False,False
miic_partial_normal_test_normal_00859__x00000_y00000_s00448,miic_partial_normal_test_normal_00859,miic_partial,default,,SEM,train,good,data/dataverse_files_recovered/miic_partial_clean/normal/test_normal_00859.jpg,,0,0,448,448,rgb_repeat_v1,True,False
miic_partial_normal_test_normal_00860__x00000_y00000_s00448,miic_partial_normal_test_normal_00860,miic_partial,default,,SEM,train,good,data/dataverse_files_recovered/miic_partial_clean/normal/test_normal_00860.jpg,,0,0,448,448,rgb_repeat_v1,True,False
miic_partial_normal_test_normal_00861__x00000_y00000_s00448,miic_partial_normal_test_normal_00861,miic_partial,default,,SEM,validation,good,data/dataverse_files_recovered/miic_partial_clean/normal/test_normal_00861.jpg,,0,0,448,448,rgb_repeat_v1,False,False
miic_partial_normal_test_normal_00862__x00000_y00000_s00448,miic_partial_normal_test_normal_00862,miic_partial,default,,SEM,train,good,data/dataverse_files_recovered/miic_partial_clean/normal/test_normal_00862.jpg,,0,0,448,448,rgb_repeat_v1,True,False
miic_partial_normal_test_normal_00863__x00000_y00000_s00448,miic_partial_normal_test_normal_00863,miic_partial,default,,SEM,train,good,data/dataverse_files_recovered/miic_partial_clean/normal/test_normal_00863.jpg,,0,0,448,448,rgb_repeat_v1,True,False
miic_partial_normal_test_normal_00864__x00000_y00000_s00448,miic_partial_normal_test_normal_00864,miic_partial,default,,SEM,validation,good,data/dataverse_files_recovered/miic_partial_clean/normal/test_normal_00864.jpg,,0,0,448,448,rgb_repeat_v1,False,False
miic_partial_normal_test_normal_00865__x00000_y00000_s00448,miic_partial_normal_test_normal_00865,miic_partial,default,,SEM,validation,good,data/dataverse_files_recovered/miic_partial_clean/normal/test_normal_00865.jpg,,0,0,448,448,rgb_repeat_v1,False,False
miic_partial_normal_test_normal_00866__x00000_y00000_s00448,miic_partial_normal_test_normal_00866,miic_partial,default,,SEM,train,good,data/dataverse_files_recovered/miic_partial_clean/normal/test_normal_00866.jpg,,0,0,448,448,rgb_repeat_v1,True,False
miic_partial_normal_test_normal_00867__x00000_y00000_s00448,miic_partial_normal_test_normal_00867,miic_partial,default,,SEM,train,good,data/dataverse_files_recovered/miic_partial_clean/normal/test_normal_00867.jpg,,0,0,448,448,rgb_repeat_v1,True,False
miic_partial_normal_test_normal_00868__x00000_y00000_s00448,miic_partial_normal_test_normal_00868,miic_partial,default,,SEM,validation,good,data/dataverse_files_recovered/miic_partial_clean/normal/test_normal_00868.jpg,,0,0,448,448,rgb_repeat_v1,False,False
miic_partial_normal_test_normal_00869__x00000_y00000_s00448,miic_partial_normal_test_normal_00869,miic_partial,default,,SEM,test,good,data/dataverse_files_recovered/miic_partial_clean/normal/test_normal_00869.jpg,,0,0,448,448,rgb_repeat_v1,False,False
miic_partial_normal_test_normal_00870__x00000_y00000_s00448,miic_partial_normal_test_normal_00870,miic_partial,default,,SEM,train,good,data/dataverse_files_recovered/miic_partial_clean/normal/test_normal_00870.jpg,,0,0,448,448,rgb_repeat_v1,True,False
miic_partial_normal_test_normal_00871__x00000_y00000_s00448,miic_partial_normal_test_normal_00871,miic_partial,default,,SEM,train,good,data/dataverse_files_recovered/miic_partial_clean/normal/test_normal_00871.jpg,,0,0,448,448,rgb_repeat_v1,True,False
miic_partial_normal_test_normal_00872__x00000_y00000_s00448,miic_partial_normal_test_normal_00872,miic_partial,default,,SEM,train,good,data/dataverse_files_recovered/miic_partial_clean/normal/test_normal_00872.jpg,,0,0,448,448,rgb_repeat_v1,True,False
miic_partial_normal_test_normal_00873__x00000_y00000_s00448,miic_partial_normal_test_normal_00873,miic_partial,default,,SEM,train,good,data/dataverse_files_recovered/miic_partial_clean/normal/test_normal_00873.jpg,,0,0,448,448,rgb_repeat_v1,True,False
miic_partial_normal_test_normal_00874__x00000_y00000_s00448,miic_partial_normal_test_normal_00874,miic_partial,default,,SEM,train,good,data/dataverse_files_recovered/miic_partial_clean/normal/test_normal_00874.jpg,,0,0,448,448,rgb_repeat_v1,True,False
miic_partial_normal_test_normal_00875__x00000_y00000_s00448,miic_partial_normal_test_normal_00875,miic_partial,default,,SEM,validation,good,data/dataverse_files_recovered/miic_partial_clean/normal/test_normal_00875.jpg,,0,0,448,448,rgb_repeat_v1,False,False
miic_partial_normal_test_normal_00876__x00000_y00000_s00448,miic_partial_normal_test_normal_00876,miic_partial,default,,SEM,test,good,data/dataverse_files_recovered/miic_partial_clean/normal/test_normal_00876.jpg,,0,0,448,448,rgb_repeat_v1,False,False
miic_partial_normal_test_normal_00877__x00000_y00000_s00448,miic_partial_normal_test_normal_00877,miic_partial,default,,SEM,train,good,data/dataverse_files_recovered/miic_partial_clean/normal/test_normal_00877.jpg,,0,0,448,448,rgb_repeat_v1,True,False
miic_partial_normal_test_normal_00878__x00000_y00000_s00448,miic_partial_normal_test_normal_00878,miic_partial,default,,SEM,validation,good,data/dataverse_files_recovered/miic_partial_clean/normal/test_normal_00878.jpg,,0,0,448,448,rgb_repeat_v1,False,False
miic_partial_normal_test_normal_00879__x00000_y00000_s00448,miic_partial_normal_test_normal_00879,miic_partial,default,,SEM,train,good,data/dataverse_files_recovered/miic_partial_clean/normal/test_normal_00879.jpg,,0,0,448,448,rgb_repeat_v1,True,False
miic_partial_normal_test_normal_00880__x00000_y00000_s00448,miic_partial_normal_test_normal_00880,miic_partial,default,,SEM,test,good,data/dataverse_files_recovered/miic_partial_clean/normal/test_normal_00880.jpg,,0,0,448,448,rgb_repeat_v1,False,False
miic_partial_normal_test_normal_00881__x00000_y00000_s00448,miic_partial_normal_test_normal_00881,miic_partial,default,,SEM,train,good,data/dataverse_files_recovered/miic_partial_clean/normal/test_normal_00881.jpg,,0,0,448,448,rgb_repeat_v1,True,False
miic_partial_normal_test_normal_00882__x00000_y00000_s00448,miic_partial_normal_test_normal_00882,miic_partial,default,,SEM,train,good,data/dataverse_files_recovered/miic_partial_clean/normal/test_normal_00882.jpg,,0,0,448,448,rgb_repeat_v1,True,False
miic_partial_normal_test_normal_00883__x00000_y00000_s00448,miic_partial_normal_test_normal_00883,miic_partial,default,,SEM,test,good,data/dataverse_files_recovered/miic_partial_clean/normal/test_normal_00883.jpg,,0,0,448,448,rgb_repeat_v1,False,False
miic_partial_normal_test_normal_00884__x00000_y00000_s00448,miic_partial_normal_test_normal_00884,miic_partial,default,,SEM,validation,good,data/dataverse_files_recovered/miic_partial_clean/normal/test_normal_00884.jpg,,0,0,448,448,rgb_repeat_v1,False,False
miic_partial_normal_test_normal_00885__x00000_y00000_s00448,miic_partial_normal_test_normal_00885,miic_partial,default,,SEM,train,good,data/dataverse_files_recovered/miic_partial_clean/normal/test_normal_00885.jpg,,0,0,448,448,rgb_repeat_v1,True,False
miic_partial_normal_test_normal_00886__x00000_y00000_s00448,miic_partial_normal_test_normal_00886,miic_partial,default,,SEM,train,good,data/dataverse_files_recovered/miic_partial_clean/normal/test_normal_00886.jpg,,0,0,448,448,rgb_repeat_v1,True,False
miic_partial_normal_test_normal_00887__x00000_y00000_s00448,miic_partial_normal_test_normal_00887,miic_partial,default,,SEM,validation,good,data/dataverse_files_recovered/miic_partial_clean/normal/test_normal_00887.jpg,,0,0,448,448,rgb_repeat_v1,False,False
miic_partial_normal_test_normal_00888__x00000_y00000_s00448,miic_partial_normal_test_normal_00888,miic_partial,default,,SEM,train,good,data/dataverse_files_recovered/miic_partial_clean/normal/test_normal_00888.jpg,,0,0,448,448,rgb_repeat_v1,True,False
miic_partial_normal_test_normal_00889__x00000_y00000_s00448,miic_partial_normal_test_normal_00889,miic_partial,default,,SEM,train,good,data/dataverse_files_recovered/miic_partial_clean/normal/test_normal_00889.jpg,,0,0,448,448,rgb_repeat_v1,True,False
miic_partial_normal_test_normal_00890__x00000_y00000_s00448,miic_partial_normal_test_normal_00890,miic_partial,default,,SEM,validation,good,data/dataverse_files_recovered/miic_partial_clean/normal/test_normal_00890.jpg,,0,0,448,448,rgb_repeat_v1,False,False
miic_partial_normal_test_normal_00891__x00000_y00000_s00448,miic_partial_normal_test_normal_00891,miic_partial,default,,SEM,train,good,data/dataverse_files_recovered/miic_partial_clean/normal/test_normal_00891.jpg,,0,0,448,448,rgb_repeat_v1,True,False
miic_partial_normal_test_normal_00892__x00000_y00000_s00448,miic_partial_normal_test_normal_00892,miic_partial,default,,SEM,test,good,data/dataverse_files_recovered/miic_partial_clean/normal/test_normal_00892.jpg,,0,0,448,448,rgb_repeat_v1,False,False
miic_partial_normal_test_normal_00893__x00000_y00000_s00448,miic_partial_normal_test_normal_00893,miic_partial,default,,SEM,test,good,data/dataverse_files_recovered/miic_partial_clean/normal/test_normal_00893.jpg,,0,0,448,448,rgb_repeat_v1,False,False
miic_partial_normal_test_normal_00894__x00000_y00000_s00448,miic_partial_normal_test_normal_00894,miic_partial,default,,SEM,train,good,data/dataverse_files_recovered/miic_partial_clean/normal/test_normal_00894.jpg,,0,0,448,448,rgb_repeat_v1,True,False
miic_partial_normal_test_normal_00895__x00000_y00000_s00448,miic_partial_normal_test_normal_00895,miic_partial,default,,SEM,train,good,data/dataverse_files_recovered/miic_partial_clean/normal/test_normal_00895.jpg,,0,0,448,448,rgb_repeat_v1,True,False
miic_partial_normal_test_normal_00896__x00000_y00000_s00448,miic_partial_normal_test_normal_00896,miic_partial,default,,SEM,train,good,data/dataverse_files_recovered/miic_partial_clean/normal/test_normal_00896.jpg,,0,0,448,448,rgb_repeat_v1,True,False
miic_partial_normal_test_normal_00897__x00000_y00000_s00448,miic_partial_normal_test_normal_00897,miic_partial,default,,SEM,train,good,data/dataverse_files_recovered/miic_partial_clean/normal/test_normal_00897.jpg,,0,0,448,448,rgb_repeat_v1,True,False
miic_partial_normal_test_normal_00898__x00000_y00000_s00448,miic_partial_normal_test_normal_00898,miic_partial,default,,SEM,train,good,data/dataverse_files_recovered/miic_partial_clean/normal/test_normal_00898.jpg,,0,0,448,448,rgb_repeat_v1,True,False
miic_partial_normal_test_normal_00899__x00000_y00000_s00448,miic_partial_normal_test_normal_00899,miic_partial,default,,SEM,train,good,data/dataverse_files_recovered/miic_partial_clean/normal/test_normal_00899.jpg,,0,0,448,448,rgb_repeat_v1,True,False
miic_partial_normal_test_normal_00900__x00000_y00000_s00448,miic_partial_normal_test_normal_00900,miic_partial,default,,SEM,validation,good,data/dataverse_files_recovered/miic_partial_clean/normal/test_normal_00900.jpg,,0,0,448,448,rgb_repeat_v1,False,False
miic_partial_normal_test_normal_00901__x00000_y00000_s00448,miic_partial_normal_test_normal_00901,miic_partial,default,,SEM,test,good,data/dataverse_files_recovered/miic_partial_clean/normal/test_normal_00901.jpg,,0,0,448,448,rgb_repeat_v1,False,False
miic_partial_normal_test_normal_00902__x00000_y00000_s00448,miic_partial_normal_test_normal_00902,miic_partial,default,,SEM,validation,good,data/dataverse_files_recovered/miic_partial_clean/normal/test_normal_00902.jpg,,0,0,448,448,rgb_repeat_v1,False,False
miic_partial_normal_test_normal_00903__x00000_y00000_s00448,miic_partial_normal_test_normal_00903,miic_partial,default,,SEM,train,good,data/dataverse_files_recovered/miic_partial_clean/normal/test_normal_00903.jpg,,0,0,448,448,rgb_repeat_v1,True,False
miic_partial_normal_test_normal_00904__x00000_y00000_s00448,miic_partial_normal_test_normal_00904,miic_partial,default,,SEM,validation,good,data/dataverse_files_recovered/miic_partial_clean/normal/test_normal_00904.jpg,,0,0,448,448,rgb_repeat_v1,False,False
miic_partial_normal_test_normal_00905__x00000_y00000_s00448,miic_partial_normal_test_normal_00905,miic_partial,default,,SEM,validation,good,data/dataverse_files_recovered/miic_partial_clean/normal/test_normal_00905.jpg,,0,0,448,448,rgb_repeat_v1,False,False
miic_partial_normal_test_normal_00906__x00000_y00000_s00448,miic_partial_normal_test_normal_00906,miic_partial,default,,SEM,validation,good,data/dataverse_files_recovered/miic_partial_clean/normal/test_normal_00906.jpg,,0,0,448,448,rgb_repeat_v1,False,False
miic_partial_normal_test_normal_00907__x00000_y00000_s00448,miic_partial_normal_test_normal_00907,miic_partial,default,,SEM,train,good,data/dataverse_files_recovered/miic_partial_clean/normal/test_normal_00907.jpg,,0,0,448,448,rgb_repeat_v1,True,False
miic_partial_normal_test_normal_00908__x00000_y00000_s00448,miic_partial_normal_test_normal_00908,miic_partial,default,,SEM,validation,good,data/dataverse_files_recovered/miic_partial_clean/normal/test_normal_00908.jpg,,0,0,448,448,rgb_repeat_v1,False,False
miic_partial_normal_test_normal_00909__x00000_y00000_s00448,miic_partial_normal_test_normal_00909,miic_partial,default,,SEM,test,good,data/dataverse_files_recovered/miic_partial_clean/normal/test_normal_00909.jpg,,0,0,448,448,rgb_repeat_v1,False,False
miic_partial_normal_test_normal_00910__x00000_y00000_s00448,miic_partial_normal_test_normal_00910,miic_partial,default,,SEM,test,good,data/dataverse_files_recovered/miic_partial_clean/normal/test_normal_00910.jpg,,0,0,448,448,rgb_repeat_v1,False,False
miic_partial_normal_test_normal_00911__x00000_y00000_s00448,miic_partial_normal_test_normal_00911,miic_partial,default,,SEM,test,good,data/dataverse_files_recovered/miic_partial_clean/normal/test_normal_00911.jpg,,0,0,448,448,rgb_repeat_v1,False,False
miic_partial_normal_test_normal_00912__x00000_y00000_s00448,miic_partial_normal_test_normal_00912,miic_partial,default,,SEM,train,good,data/dataverse_files_recovered/miic_partial_clean/normal/test_normal_00912.jpg,,0,0,448,448,rgb_repeat_v1,True,False
miic_partial_normal_test_normal_00913__x00000_y00000_s00448,miic_partial_normal_test_normal_00913,miic_partial,default,,SEM,test,good,data/dataverse_files_recovered/miic_partial_clean/normal/test_normal_00913.jpg,,0,0,448,448,rgb_repeat_v1,False,False
miic_partial_normal_test_normal_00914__x00000_y00000_s00448,miic_partial_normal_test_normal_00914,miic_partial,default,,SEM,train,good,data/dataverse_files_recovered/miic_partial_clean/normal/test_normal_00914.jpg,,0,0,448,448,rgb_repeat_v1,True,False
miic_partial_normal_test_normal_00915__x00000_y00000_s00448,miic_partial_normal_test_normal_00915,miic_partial,default,,SEM,validation,good,data/dataverse_files_recovered/miic_partial_clean/normal/test_normal_00915.jpg,,0,0,448,448,rgb_repeat_v1,False,False
miic_partial_normal_test_normal_00916__x00000_y00000_s00448,miic_partial_normal_test_normal_00916,miic_partial,default,,SEM,validation,good,data/dataverse_files_recovered/miic_partial_clean/normal/test_normal_00916.jpg,,0,0,448,448,rgb_repeat_v1,False,False
miic_partial_normal_test_normal_00917__x00000_y00000_s00448,miic_partial_normal_test_normal_00917,miic_partial,default,,SEM,train,good,data/dataverse_files_recovered/miic_partial_clean/normal/test_normal_00917.jpg,,0,0,448,448,rgb_repeat_v1,True,False
miic_partial_normal_test_normal_00918__x00000_y00000_s00448,miic_partial_normal_test_normal_00918,miic_partial,default,,SEM,test,good,data/dataverse_files_recovered/miic_partial_clean/normal/test_normal_00918.jpg,,0,0,448,448,rgb_repeat_v1,False,False
miic_partial_normal_test_normal_00919__x00000_y00000_s00448,miic_partial_normal_test_normal_00919,miic_partial,default,,SEM,train,good,data/dataverse_files_recovered/miic_partial_clean/normal/test_normal_00919.jpg,,0,0,448,448,rgb_repeat_v1,True,False
miic_partial_normal_test_normal_00920__x00000_y00000_s00448,miic_partial_normal_test_normal_00920,miic_partial,default,,SEM,validation,good,data/dataverse_files_recovered/miic_partial_clean/normal/test_normal_00920.jpg,,0,0,448,448,rgb_repeat_v1,False,False
miic_partial_normal_test_normal_00921__x00000_y00000_s00448,miic_partial_normal_test_normal_00921,miic_partial,default,,SEM,validation,good,data/dataverse_files_recovered/miic_partial_clean/normal/test_normal_00921.jpg,,0,0,448,448,rgb_repeat_v1,False,False
miic_partial_normal_test_normal_00922__x00000_y00000_s00448,miic_partial_normal_test_normal_00922,miic_partial,default,,SEM,test,good,data/dataverse_files_recovered/miic_partial_clean/normal/test_normal_00922.jpg,,0,0,448,448,rgb_repeat_v1,False,False
miic_partial_normal_test_normal_00923__x00000_y00000_s00448,miic_partial_normal_test_normal_00923,miic_partial,default,,SEM,validation,good,data/dataverse_files_recovered/miic_partial_clean/normal/test_normal_00923.jpg,,0,0,448,448,rgb_repeat_v1,False,False
miic_partial_normal_test_normal_00924__x00000_y00000_s00448,miic_partial_normal_test_normal_00924,miic_partial,default,,SEM,train,good,data/dataverse_files_recovered/miic_partial_clean/normal/test_normal_00924.jpg,,0,0,448,448,rgb_repeat_v1,True,False
miic_partial_normal_test_normal_00925__x00000_y00000_s00448,miic_partial_normal_test_normal_00925,miic_partial,default,,SEM,test,good,data/dataverse_files_recovered/miic_partial_clean/normal/test_normal_00925.jpg,,0,0,448,448,rgb_repeat_v1,False,False
miic_partial_normal_test_normal_00926__x00000_y00000_s00448,miic_partial_normal_test_normal_00926,miic_partial,default,,SEM,validation,good,data/dataverse_files_recovered/miic_partial_clean/normal/test_normal_00926.jpg,,0,0,448,448,rgb_repeat_v1,False,False
miic_partial_normal_test_normal_00927__x00000_y00000_s00448,miic_partial_normal_test_normal_00927,miic_partial,default,,SEM,validation,good,data/dataverse_files_recovered/miic_partial_clean/normal/test_normal_00927.jpg,,0,0,448,448,rgb_repeat_v1,False,False
miic_partial_normal_test_normal_00928__x00000_y00000_s00448,miic_partial_normal_test_normal_00928,miic_partial,default,,SEM,test,good,data/dataverse_files_recovered/miic_partial_clean/normal/test_normal_00928.jpg,,0,0,448,448,rgb_repeat_v1,False,False
miic_partial_normal_test_normal_00929__x00000_y00000_s00448,miic_partial_normal_test_normal_00929,miic_partial,default,,SEM,test,good,data/dataverse_files_recovered/miic_partial_clean/normal/test_normal_00929.jpg,,0,0,448,448,rgb_repeat_v1,False,False
miic_partial_normal_test_normal_00930__x00000_y00000_s00448,miic_partial_normal_test_normal_00930,miic_partial,default,,SEM,train,good,data/dataverse_files_recovered/miic_partial_clean/normal/test_normal_00930.jpg,,0,0,448,448,rgb_repeat_v1,True,False
miic_partial_normal_test_normal_00931__x00000_y00000_s00448,miic_partial_normal_test_normal_00931,miic_partial,default,,SEM,train,good,data/dataverse_files_recovered/miic_partial_clean/normal/test_normal_00931.jpg,,0,0,448,448,rgb_repeat_v1,True,False
miic_partial_normal_test_normal_00932__x00000_y00000_s00448,miic_partial_normal_test_normal_00932,miic_partial,default,,SEM,train,good,data/dataverse_files_recovered/miic_partial_clean/normal/test_normal_00932.jpg,,0,0,448,448,rgb_repeat_v1,True,False
miic_partial_normal_test_normal_00933__x00000_y00000_s00448,miic_partial_normal_test_normal_00933,miic_partial,default,,SEM,train,good,data/dataverse_files_recovered/miic_partial_clean/normal/test_normal_00933.jpg,,0,0,448,448,rgb_repeat_v1,True,False
miic_partial_normal_test_normal_00934__x00000_y00000_s00448,miic_partial_normal_test_normal_00934,miic_partial,default,,SEM,train,good,data/dataverse_files_recovered/miic_partial_clean/normal/test_normal_00934.jpg,,0,0,448,448,rgb_repeat_v1,True,False
miic_partial_normal_test_normal_00935__x00000_y00000_s00448,miic_partial_normal_test_normal_00935,miic_partial,default,,SEM,train,good,data/dataverse_files_recovered/miic_partial_clean/normal/test_normal_00935.jpg,,0,0,448,448,rgb_repeat_v1,True,False
miic_partial_normal_test_normal_00936__x00000_y00000_s00448,miic_partial_normal_test_normal_00936,miic_partial,default,,SEM,test,good,data/dataverse_files_recovered/miic_partial_clean/normal/test_normal_00936.jpg,,0,0,448,448,rgb_repeat_v1,False,False
miic_partial_normal_test_normal_00937__x00000_y00000_s00448,miic_partial_normal_test_normal_00937,miic_partial,default,,SEM,train,good,data/dataverse_files_recovered/miic_partial_clean/normal/test_normal_00937.jpg,,0,0,448,448,rgb_repeat_v1,True,False
miic_partial_normal_test_normal_00938__x00000_y00000_s00448,miic_partial_normal_test_normal_00938,miic_partial,default,,SEM,train,good,data/dataverse_files_recovered/miic_partial_clean/normal/test_normal_00938.jpg,,0,0,448,448,rgb_repeat_v1,True,False
miic_partial_normal_test_normal_00939__x00000_y00000_s00448,miic_partial_normal_test_normal_00939,miic_partial,default,,SEM,train,good,data/dataverse_files_recovered/miic_partial_clean/normal/test_normal_00939.jpg,,0,0,448,448,rgb_repeat_v1,True,False
miic_partial_normal_test_normal_00940__x00000_y00000_s00448,miic_partial_normal_test_normal_00940,miic_partial,default,,SEM,train,good,data/dataverse_files_recovered/miic_partial_clean/normal/test_normal_00940.jpg,,0,0,448,448,rgb_repeat_v1,True,False
miic_partial_normal_test_normal_00941__x00000_y00000_s00448,miic_partial_normal_test_normal_00941,miic_partial,default,,SEM,test,good,data/dataverse_files_recovered/miic_partial_clean/normal/test_normal_00941.jpg,,0,0,448,448,rgb_repeat_v1,False,False
miic_partial_normal_test_normal_00942__x00000_y00000_s00448,miic_partial_normal_test_normal_00942,miic_partial,default,,SEM,train,good,data/dataverse_files_recovered/miic_partial_clean/normal/test_normal_00942.jpg,,0,0,448,448,rgb_repeat_v1,True,False
miic_partial_normal_test_normal_00943__x00000_y00000_s00448,miic_partial_normal_test_normal_00943,miic_partial,default,,SEM,train,good,data/dataverse_files_recovered/miic_partial_clean/normal/test_normal_00943.jpg,,0,0,448,448,rgb_repeat_v1,True,False
miic_partial_normal_test_normal_00944__x00000_y00000_s00448,miic_partial_normal_test_normal_00944,miic_partial,default,,SEM,validation,good,data/dataverse_files_recovered/miic_partial_clean/normal/test_normal_00944.jpg,,0,0,448,448,rgb_repeat_v1,False,False
miic_partial_normal_test_normal_00945__x00000_y00000_s00448,miic_partial_normal_test_normal_00945,miic_partial,default,,SEM,train,good,data/dataverse_files_recovered/miic_partial_clean/normal/test_normal_00945.jpg,,0,0,448,448,rgb_repeat_v1,True,False
miic_partial_normal_test_normal_00946__x00000_y00000_s00448,miic_partial_normal_test_normal_00946,miic_partial,default,,SEM,test,good,data/dataverse_files_recovered/miic_partial_clean/normal/test_normal_00946.jpg,,0,0,448,448,rgb_repeat_v1,False,False
miic_partial_normal_test_normal_00947__x00000_y00000_s00448,miic_partial_normal_test_normal_00947,miic_partial,default,,SEM,validation,good,data/dataverse_files_recovered/miic_partial_clean/normal/test_normal_00947.jpg,,0,0,448,448,rgb_repeat_v1,False,False
miic_partial_normal_test_normal_00948__x00000_y00000_s00448,miic_partial_normal_test_normal_00948,miic_partial,default,,SEM,test,good,data/dataverse_files_recovered/miic_partial_clean/normal/test_normal_00948.jpg,,0,0,448,448,rgb_repeat_v1,False,False
miic_partial_normal_test_normal_00949__x00000_y00000_s00448,miic_partial_normal_test_normal_00949,miic_partial,default,,SEM,train,good,data/dataverse_files_recovered/miic_partial_clean/normal/test_normal_00949.jpg,,0,0,448,448,rgb_repeat_v1,True,False
miic_partial_normal_test_normal_00950__x00000_y00000_s00448,miic_partial_normal_test_normal_00950,miic_partial,default,,SEM,test,good,data/dataverse_files_recovered/miic_partial_clean/normal/test_normal_00950.jpg,,0,0,448,448,rgb_repeat_v1,False,False
miic_partial_normal_test_normal_00951__x00000_y00000_s00448,miic_partial_normal_test_normal_00951,miic_partial,default,,SEM,train,good,data/dataverse_files_recovered/miic_partial_clean/normal/test_normal_00951.jpg,,0,0,448,448,rgb_repeat_v1,True,False
miic_partial_normal_test_normal_00952__x00000_y00000_s00448,miic_partial_normal_test_normal_00952,miic_partial,default,,SEM,train,good,data/dataverse_files_recovered/miic_partial_clean/normal/test_normal_00952.jpg,,0,0,448,448,rgb_repeat_v1,True,False
miic_partial_normal_test_normal_00953__x00000_y00000_s00448,miic_partial_normal_test_normal_00953,miic_partial,default,,SEM,validation,good,data/dataverse_files_recovered/miic_partial_clean/normal/test_normal_00953.jpg,,0,0,448,448,rgb_repeat_v1,False,False
miic_partial_normal_test_normal_00954__x00000_y00000_s00448,miic_partial_normal_test_normal_00954,miic_partial,default,,SEM,train,good,data/dataverse_files_recovered/miic_partial_clean/normal/test_normal_00954.jpg,,0,0,448,448,rgb_repeat_v1,True,False
miic_partial_normal_test_normal_00955__x00000_y00000_s00448,miic_partial_normal_test_normal_00955,miic_partial,default,,SEM,train,good,data/dataverse_files_recovered/miic_partial_clean/normal/test_normal_00955.jpg,,0,0,448,448,rgb_repeat_v1,True,False
miic_partial_normal_test_normal_00956__x00000_y00000_s00448,miic_partial_normal_test_normal_00956,miic_partial,default,,SEM,train,good,data/dataverse_files_recovered/miic_partial_clean/normal/test_normal_00956.jpg,,0,0,448,448,rgb_repeat_v1,True,False
miic_partial_normal_test_normal_00957__x00000_y00000_s00448,miic_partial_normal_test_normal_00957,miic_partial,default,,SEM,test,good,data/dataverse_files_recovered/miic_partial_clean/normal/test_normal_00957.jpg,,0,0,448,448,rgb_repeat_v1,False,False
miic_partial_normal_test_normal_00958__x00000_y00000_s00448,miic_partial_normal_test_normal_00958,miic_partial,default,,SEM,train,good,data/dataverse_files_recovered/miic_partial_clean/normal/test_normal_00958.jpg,,0,0,448,448,rgb_repeat_v1,True,False
miic_partial_normal_test_normal_00959__x00000_y00000_s00448,miic_partial_normal_test_normal_00959,miic_partial,default,,SEM,validation,good,data/dataverse_files_recovered/miic_partial_clean/normal/test_normal_00959.jpg,,0,0,448,448,rgb_repeat_v1,False,False
miic_partial_normal_test_normal_00960__x00000_y00000_s00448,miic_partial_normal_test_normal_00960,miic_partial,default,,SEM,train,good,data/dataverse_files_recovered/miic_partial_clean/normal/test_normal_00960.jpg,,0,0,448,448,rgb_repeat_v1,True,False
miic_partial_normal_test_normal_00961__x00000_y00000_s00448,miic_partial_normal_test_normal_00961,miic_partial,default,,SEM,train,good,data/dataverse_files_recovered/miic_partial_clean/normal/test_normal_00961.jpg,,0,0,448,448,rgb_repeat_v1,True,False
miic_partial_normal_test_normal_00962__x00000_y00000_s00448,miic_partial_normal_test_normal_00962,miic_partial,default,,SEM,test,good,data/dataverse_files_recovered/miic_partial_clean/normal/test_normal_00962.jpg,,0,0,448,448,rgb_repeat_v1,False,False
miic_partial_normal_test_normal_00963__x00000_y00000_s00448,miic_partial_normal_test_normal_00963,miic_partial,default,,SEM,test,good,data/dataverse_files_recovered/miic_partial_clean/normal/test_normal_00963.jpg,,0,0,448,448,rgb_repeat_v1,False,False
miic_partial_normal_test_normal_00964__x00000_y00000_s00448,miic_partial_normal_test_normal_00964,miic_partial,default,,SEM,test,good,data/dataverse_files_recovered/miic_partial_clean/normal/test_normal_00964.jpg,,0,0,448,448,rgb_repeat_v1,False,False
miic_partial_normal_test_normal_00965__x00000_y00000_s00448,miic_partial_normal_test_normal_00965,miic_partial,default,,SEM,train,good,data/dataverse_files_recovered/miic_partial_clean/normal/test_normal_00965.jpg,,0,0,448,448,rgb_repeat_v1,True,False
miic_partial_normal_test_normal_00966__x00000_y00000_s00448,miic_partial_normal_test_normal_00966,miic_partial,default,,SEM,test,good,data/dataverse_files_recovered/miic_partial_clean/normal/test_normal_00966.jpg,,0,0,448,448,rgb_repeat_v1,False,False
miic_partial_normal_test_normal_00967__x00000_y00000_s00448,miic_partial_normal_test_normal_00967,miic_partial,default,,SEM,validation,good,data/dataverse_files_recovered/miic_partial_clean/normal/test_normal_00967.jpg,,0,0,448,448,rgb_repeat_v1,False,False
miic_partial_normal_test_normal_00968__x00000_y00000_s00448,miic_partial_normal_test_normal_00968,miic_partial,default,,SEM,test,good,data/dataverse_files_recovered/miic_partial_clean/normal/test_normal_00968.jpg,,0,0,448,448,rgb_repeat_v1,False,False
miic_partial_normal_test_normal_00969__x00000_y00000_s00448,miic_partial_normal_test_normal_00969,miic_partial,default,,SEM,test,good,data/dataverse_files_recovered/miic_partial_clean/normal/test_normal_00969.jpg,,0,0,448,448,rgb_repeat_v1,False,False
miic_partial_normal_test_normal_00970__x00000_y00000_s00448,miic_partial_normal_test_normal_00970,miic_partial,default,,SEM,train,good,data/dataverse_files_recovered/miic_partial_clean/normal/test_normal_00970.jpg,,0,0,448,448,rgb_repeat_v1,True,False
miic_partial_normal_test_normal_00971__x00000_y00000_s00448,miic_partial_normal_test_normal_00971,miic_partial,default,,SEM,train,good,data/dataverse_files_recovered/miic_partial_clean/normal/test_normal_00971.jpg,,0,0,448,448,rgb_repeat_v1,True,False
miic_partial_normal_test_normal_00972__x00000_y00000_s00448,miic_partial_normal_test_normal_00972,miic_partial,default,,SEM,validation,good,data/dataverse_files_recovered/miic_partial_clean/normal/test_normal_00972.jpg,,0,0,448,448,rgb_repeat_v1,False,False
miic_partial_normal_test_normal_00973__x00000_y00000_s00448,miic_partial_normal_test_normal_00973,miic_partial,default,,SEM,test,good,data/dataverse_files_recovered/miic_partial_clean/normal/test_normal_00973.jpg,,0,0,448,448,rgb_repeat_v1,False,False
miic_partial_normal_test_normal_00974__x00000_y00000_s00448,miic_partial_normal_test_normal_00974,miic_partial,default,,SEM,train,good,data/dataverse_files_recovered/miic_partial_clean/normal/test_normal_00974.jpg,,0,0,448,448,rgb_repeat_v1,True,False
miic_partial_normal_test_normal_00975__x00000_y00000_s00448,miic_partial_normal_test_normal_00975,miic_partial,default,,SEM,train,good,data/dataverse_files_recovered/miic_partial_clean/normal/test_normal_00975.jpg,,0,0,448,448,rgb_repeat_v1,True,False
miic_partial_normal_test_normal_00976__x00000_y00000_s00448,miic_partial_normal_test_normal_00976,miic_partial,default,,SEM,validation,good,data/dataverse_files_recovered/miic_partial_clean/normal/test_normal_00976.jpg,,0,0,448,448,rgb_repeat_v1,False,False
miic_partial_normal_test_normal_00977__x00000_y00000_s00448,miic_partial_normal_test_normal_00977,miic_partial,default,,SEM,train,good,data/dataverse_files_recovered/miic_partial_clean/normal/test_normal_00977.jpg,,0,0,448,448,rgb_repeat_v1,True,False
miic_partial_normal_test_normal_00978__x00000_y00000_s00448,miic_partial_normal_test_normal_00978,miic_partial,default,,SEM,validation,good,data/dataverse_files_recovered/miic_partial_clean/normal/test_normal_00978.jpg,,0,0,448,448,rgb_repeat_v1,False,False
miic_partial_normal_test_normal_00979__x00000_y00000_s00448,miic_partial_normal_test_normal_00979,miic_partial,default,,SEM,validation,good,data/dataverse_files_recovered/miic_partial_clean/normal/test_normal_00979.jpg,,0,0,448,448,rgb_repeat_v1,False,False
miic_partial_normal_test_normal_00980__x00000_y00000_s00448,miic_partial_normal_test_normal_00980,miic_partial,default,,SEM,test,good,data/dataverse_files_recovered/miic_partial_clean/normal/test_normal_00980.jpg,,0,0,448,448,rgb_repeat_v1,False,False
miic_partial_normal_test_normal_00981__x00000_y00000_s00448,miic_partial_normal_test_normal_00981,miic_partial,default,,SEM,test,good,data/dataverse_files_recovered/miic_partial_clean/normal/test_normal_00981.jpg,,0,0,448,448,rgb_repeat_v1,False,False
miic_partial_normal_test_normal_00982__x00000_y00000_s00448,miic_partial_normal_test_normal_00982,miic_partial,default,,SEM,validation,good,data/dataverse_files_recovered/miic_partial_clean/normal/test_normal_00982.jpg,,0,0,448,448,rgb_repeat_v1,False,False
miic_partial_normal_test_normal_00983__x00000_y00000_s00448,miic_partial_normal_test_normal_00983,miic_partial,default,,SEM,train,good,data/dataverse_files_recovered/miic_partial_clean/normal/test_normal_00983.jpg,,0,0,448,448,rgb_repeat_v1,True,False
miic_partial_normal_test_normal_00984__x00000_y00000_s00448,miic_partial_normal_test_normal_00984,miic_partial,default,,SEM,train,good,data/dataverse_files_recovered/miic_partial_clean/normal/test_normal_00984.jpg,,0,0,448,448,rgb_repeat_v1,True,False
miic_partial_normal_test_normal_00985__x00000_y00000_s00448,miic_partial_normal_test_normal_00985,miic_partial,default,,SEM,train,good,data/dataverse_files_recovered/miic_partial_clean/normal/test_normal_00985.jpg,,0,0,448,448,rgb_repeat_v1,True,False
miic_partial_normal_test_normal_00986__x00000_y00000_s00448,miic_partial_normal_test_normal_00986,miic_partial,default,,SEM,train,good,data/dataverse_files_recovered/miic_partial_clean/normal/test_normal_00986.jpg,,0,0,448,448,rgb_repeat_v1,True,False
miic_partial_normal_test_normal_00987__x00000_y00000_s00448,miic_partial_normal_test_normal_00987,miic_partial,default,,SEM,validation,good,data/dataverse_files_recovered/miic_partial_clean/normal/test_normal_00987.jpg,,0,0,448,448,rgb_repeat_v1,False,False
miic_partial_normal_test_normal_00988__x00000_y00000_s00448,miic_partial_normal_test_normal_00988,miic_partial,default,,SEM,test,good,data/dataverse_files_recovered/miic_partial_clean/normal/test_normal_00988.jpg,,0,0,448,448,rgb_repeat_v1,False,False
miic_partial_normal_test_normal_00989__x00000_y00000_s00448,miic_partial_normal_test_normal_00989,miic_partial,default,,SEM,test,good,data/dataverse_files_recovered/miic_partial_clean/normal/test_normal_00989.jpg,,0,0,448,448,rgb_repeat_v1,False,False
miic_partial_normal_test_normal_00990__x00000_y00000_s00448,miic_partial_normal_test_normal_00990,miic_partial,default,,SEM,train,good,data/dataverse_files_recovered/miic_partial_clean/normal/test_normal_00990.jpg,,0,0,448,448,rgb_repeat_v1,True,False
miic_partial_normal_test_normal_00991__x00000_y00000_s00448,miic_partial_normal_test_normal_00991,miic_partial,default,,SEM,test,good,data/dataverse_files_recovered/miic_partial_clean/normal/test_normal_00991.jpg,,0,0,448,448,rgb_repeat_v1,False,False
miic_partial_normal_test_normal_00992__x00000_y00000_s00448,miic_partial_normal_test_normal_00992,miic_partial,default,,SEM,train,good,data/dataverse_files_recovered/miic_partial_clean/normal/test_normal_00992.jpg,,0,0,448,448,rgb_repeat_v1,True,False
miic_partial_normal_test_normal_00993__x00000_y00000_s00448,miic_partial_normal_test_normal_00993,miic_partial,default,,SEM,test,good,data/dataverse_files_recovered/miic_partial_clean/normal/test_normal_00993.jpg,,0,0,448,448,rgb_repeat_v1,False,False
miic_partial_normal_test_normal_00994__x00000_y00000_s00448,miic_partial_normal_test_normal_00994,miic_partial,default,,SEM,validation,good,data/dataverse_files_recovered/miic_partial_clean/normal/test_normal_00994.jpg,,0,0,448,448,rgb_repeat_v1,False,False
miic_partial_normal_test_normal_00995__x00000_y00000_s00448,miic_partial_normal_test_normal_00995,miic_partial,default,,SEM,test,good,data/dataverse_files_recovered/miic_partial_clean/normal/test_normal_00995.jpg,,0,0,448,448,rgb_repeat_v1,False,False
miic_partial_normal_test_normal_00996__x00000_y00000_s00448,miic_partial_normal_test_normal_00996,miic_partial,default,,SEM,train,good,data/dataverse_files_recovered/miic_partial_clean/normal/test_normal_00996.jpg,,0,0,448,448,rgb_repeat_v1,True,False
miic_partial_normal_test_normal_00997__x00000_y00000_s00448,miic_partial_normal_test_normal_00997,miic_partial,default,,SEM,train,good,data/dataverse_files_recovered/miic_partial_clean/normal/test_normal_00997.jpg,,0,0,448,448,rgb_repeat_v1,True,False
miic_partial_normal_test_normal_00998__x00000_y00000_s00448,miic_partial_normal_test_normal_00998,miic_partial,default,,SEM,train,good,data/dataverse_files_recovered/miic_partial_clean/normal/test_normal_00998.jpg,,0,0,448,448,rgb_repeat_v1,True,False
miic_partial_normal_test_normal_00999__x00000_y00000_s00448,miic_partial_normal_test_normal_00999,miic_partial,default,,SEM,train,good,data/dataverse_files_recovered/miic_partial_clean/normal/test_normal_00999.jpg,,0,0,448,448,rgb_repeat_v1,True,False
miic_partial_normal_test_normal_01000__x00000_y00000_s00448,miic_partial_normal_test_normal_01000,miic_partial,default,,SEM,train,good,data/dataverse_files_recovered/miic_partial_clean/normal/test_normal_01000.jpg,,0,0,448,448,rgb_repeat_v1,True,False
miic_partial_normal_test_normal_01001__x00000_y00000_s00448,miic_partial_normal_test_normal_01001,miic_partial,default,,SEM,train,good,data/dataverse_files_recovered/miic_partial_clean/normal/test_normal_01001.jpg,,0,0,448,448,rgb_repeat_v1,True,False
miic_partial_normal_test_normal_01002__x00000_y00000_s00448,miic_partial_normal_test_normal_01002,miic_partial,default,,SEM,test,good,data/dataverse_files_recovered/miic_partial_clean/normal/test_normal_01002.jpg,,0,0,448,448,rgb_repeat_v1,False,False
miic_partial_normal_test_normal_01003__x00000_y00000_s00448,miic_partial_normal_test_normal_01003,miic_partial,default,,SEM,test,good,data/dataverse_files_recovered/miic_partial_clean/normal/test_normal_01003.jpg,,0,0,448,448,rgb_repeat_v1,False,False
miic_partial_normal_test_normal_01004__x00000_y00000_s00448,miic_partial_normal_test_normal_01004,miic_partial,default,,SEM,test,good,data/dataverse_files_recovered/miic_partial_clean/normal/test_normal_01004.jpg,,0,0,448,448,rgb_repeat_v1,False,False
miic_partial_normal_test_normal_01005__x00000_y00000_s00448,miic_partial_normal_test_normal_01005,miic_partial,default,,SEM,validation,good,data/dataverse_files_recovered/miic_partial_clean/normal/test_normal_01005.jpg,,0,0,448,448,rgb_repeat_v1,False,False
miic_partial_normal_test_normal_01006__x00000_y00000_s00448,miic_partial_normal_test_normal_01006,miic_partial,default,,SEM,train,good,data/dataverse_files_recovered/miic_partial_clean/normal/test_normal_01006.jpg,,0,0,448,448,rgb_repeat_v1,True,False
miic_partial_normal_test_normal_01007__x00000_y00000_s00448,miic_partial_normal_test_normal_01007,miic_partial,default,,SEM,validation,good,data/dataverse_files_recovered/miic_partial_clean/normal/test_normal_01007.jpg,,0,0,448,448,rgb_repeat_v1,False,False
miic_partial_normal_test_normal_01008__x00000_y00000_s00448,miic_partial_normal_test_normal_01008,miic_partial,default,,SEM,validation,good,data/dataverse_files_recovered/miic_partial_clean/normal/test_normal_01008.jpg,,0,0,448,448,rgb_repeat_v1,False,False
miic_partial_normal_test_normal_01009__x00000_y00000_s00448,miic_partial_normal_test_normal_01009,miic_partial,default,,SEM,train,good,data/dataverse_files_recovered/miic_partial_clean/normal/test_normal_01009.jpg,,0,0,448,448,rgb_repeat_v1,True,False
miic_partial_normal_test_normal_01010__x00000_y00000_s00448,miic_partial_normal_test_normal_01010,miic_partial,default,,SEM,test,good,data/dataverse_files_recovered/miic_partial_clean/normal/test_normal_01010.jpg,,0,0,448,448,rgb_repeat_v1,False,False
miic_partial_normal_test_normal_01011__x00000_y00000_s00448,miic_partial_normal_test_normal_01011,miic_partial,default,,SEM,validation,good,data/dataverse_files_recovered/miic_partial_clean/normal/test_normal_01011.jpg,,0,0,448,448,rgb_repeat_v1,False,False
miic_partial_normal_test_normal_01012__x00000_y00000_s00448,miic_partial_normal_test_normal_01012,miic_partial,default,,SEM,test,good,data/dataverse_files_recovered/miic_partial_clean/normal/test_normal_01012.jpg,,0,0,448,448,rgb_repeat_v1,False,False
miic_partial_normal_test_normal_01013__x00000_y00000_s00448,miic_partial_normal_test_normal_01013,miic_partial,default,,SEM,train,good,data/dataverse_files_recovered/miic_partial_clean/normal/test_normal_01013.jpg,,0,0,448,448,rgb_repeat_v1,True,False
miic_partial_normal_test_normal_01014__x00000_y00000_s00448,miic_partial_normal_test_normal_01014,miic_partial,default,,SEM,train,good,data/dataverse_files_recovered/miic_partial_clean/normal/test_normal_01014.jpg,,0,0,448,448,rgb_repeat_v1,True,False
miic_partial_normal_test_normal_01015__x00000_y00000_s00448,miic_partial_normal_test_normal_01015,miic_partial,default,,SEM,train,good,data/dataverse_files_recovered/miic_partial_clean/normal/test_normal_01015.jpg,,0,0,448,448,rgb_repeat_v1,True,False
miic_partial_normal_test_normal_01016__x00000_y00000_s00448,miic_partial_normal_test_normal_01016,miic_partial,default,,SEM,test,good,data/dataverse_files_recovered/miic_partial_clean/normal/test_normal_01016.jpg,,0,0,448,448,rgb_repeat_v1,False,False
miic_partial_normal_test_normal_01017__x00000_y00000_s00448,miic_partial_normal_test_normal_01017,miic_partial,default,,SEM,validation,good,data/dataverse_files_recovered/miic_partial_clean/normal/test_normal_01017.jpg,,0,0,448,448,rgb_repeat_v1,False,False
miic_partial_normal_test_normal_01018__x00000_y00000_s00448,miic_partial_normal_test_normal_01018,miic_partial,default,,SEM,test,good,data/dataverse_files_recovered/miic_partial_clean/normal/test_normal_01018.jpg,,0,0,448,448,rgb_repeat_v1,False,False
miic_partial_normal_test_normal_01019__x00000_y00000_s00448,miic_partial_normal_test_normal_01019,miic_partial,default,,SEM,train,good,data/dataverse_files_recovered/miic_partial_clean/normal/test_normal_01019.jpg,,0,0,448,448,rgb_repeat_v1,True,False
miic_partial_normal_test_normal_01020__x00000_y00000_s00448,miic_partial_normal_test_normal_01020,miic_partial,default,,SEM,train,good,data/dataverse_files_recovered/miic_partial_clean/normal/test_normal_01020.jpg,,0,0,448,448,rgb_repeat_v1,True,False
miic_partial_normal_test_normal_01021__x00000_y00000_s00448,miic_partial_normal_test_normal_01021,miic_partial,default,,SEM,train,good,data/dataverse_files_recovered/miic_partial_clean/normal/test_normal_01021.jpg,,0,0,448,448,rgb_repeat_v1,True,False
miic_partial_normal_test_normal_01022__x00000_y00000_s00448,miic_partial_normal_test_normal_01022,miic_partial,default,,SEM,train,good,data/dataverse_files_recovered/miic_partial_clean/normal/test_normal_01022.jpg,,0,0,448,448,rgb_repeat_v1,True,False
miic_partial_normal_test_normal_01023__x00000_y00000_s00448,miic_partial_normal_test_normal_01023,miic_partial,default,,SEM,test,good,data/dataverse_files_recovered/miic_partial_clean/normal/test_normal_01023.jpg,,0,0,448,448,rgb_repeat_v1,False,False
miic_partial_normal_test_normal_01024__x00000_y00000_s00448,miic_partial_normal_test_normal_01024,miic_partial,default,,SEM,train,good,data/dataverse_files_recovered/miic_partial_clean/normal/test_normal_01024.jpg,,0,0,448,448,rgb_repeat_v1,True,False
miic_partial_normal_test_normal_01025__x00000_y00000_s00448,miic_partial_normal_test_normal_01025,miic_partial,default,,SEM,train,good,data/dataverse_files_recovered/miic_partial_clean/normal/test_normal_01025.jpg,,0,0,448,448,rgb_repeat_v1,True,False
miic_partial_normal_test_normal_01026__x00000_y00000_s00448,miic_partial_normal_test_normal_01026,miic_partial,default,,SEM,train,good,data/dataverse_files_recovered/miic_partial_clean/normal/test_normal_01026.jpg,,0,0,448,448,rgb_repeat_v1,True,False
miic_partial_normal_test_normal_01027__x00000_y00000_s00448,miic_partial_normal_test_normal_01027,miic_partial,default,,SEM,train,good,data/dataverse_files_recovered/miic_partial_clean/normal/test_normal_01027.jpg,,0,0,448,448,rgb_repeat_v1,True,False
miic_partial_normal_test_normal_01028__x00000_y00000_s00448,miic_partial_normal_test_normal_01028,miic_partial,default,,SEM,train,good,data/dataverse_files_recovered/miic_partial_clean/normal/test_normal_01028.jpg,,0,0,448,448,rgb_repeat_v1,True,False
miic_partial_normal_test_normal_01029__x00000_y00000_s00448,miic_partial_normal_test_normal_01029,miic_partial,default,,SEM,validation,good,data/dataverse_files_recovered/miic_partial_clean/normal/test_normal_01029.jpg,,0,0,448,448,rgb_repeat_v1,False,False
miic_partial_normal_test_normal_01030__x00000_y00000_s00448,miic_partial_normal_test_normal_01030,miic_partial,default,,SEM,test,good,data/dataverse_files_recovered/miic_partial_clean/normal/test_normal_01030.jpg,,0,0,448,448,rgb_repeat_v1,False,False
miic_partial_normal_test_normal_01031__x00000_y00000_s00448,miic_partial_normal_test_normal_01031,miic_partial,default,,SEM,validation,good,data/dataverse_files_recovered/miic_partial_clean/normal/test_normal_01031.jpg,,0,0,448,448,rgb_repeat_v1,False,False
miic_partial_normal_test_normal_01032__x00000_y00000_s00448,miic_partial_normal_test_normal_01032,miic_partial,default,,SEM,test,good,data/dataverse_files_recovered/miic_partial_clean/normal/test_normal_01032.jpg,,0,0,448,448,rgb_repeat_v1,False,False
miic_partial_normal_test_normal_01033__x00000_y00000_s00448,miic_partial_normal_test_normal_01033,miic_partial,default,,SEM,train,good,data/dataverse_files_recovered/miic_partial_clean/normal/test_normal_01033.jpg,,0,0,448,448,rgb_repeat_v1,True,False
miic_partial_normal_test_normal_01034__x00000_y00000_s00448,miic_partial_normal_test_normal_01034,miic_partial,default,,SEM,train,good,data/dataverse_files_recovered/miic_partial_clean/normal/test_normal_01034.jpg,,0,0,448,448,rgb_repeat_v1,True,False
miic_partial_normal_test_normal_01035__x00000_y00000_s00448,miic_partial_normal_test_normal_01035,miic_partial,default,,SEM,validation,good,data/dataverse_files_recovered/miic_partial_clean/normal/test_normal_01035.jpg,,0,0,448,448,rgb_repeat_v1,False,False
miic_partial_normal_test_normal_01036__x00000_y00000_s00448,miic_partial_normal_test_normal_01036,miic_partial,default,,SEM,train,good,data/dataverse_files_recovered/miic_partial_clean/normal/test_normal_01036.jpg,,0,0,448,448,rgb_repeat_v1,True,False
miic_partial_normal_test_normal_01037__x00000_y00000_s00448,miic_partial_normal_test_normal_01037,miic_partial,default,,SEM,test,good,data/dataverse_files_recovered/miic_partial_clean/normal/test_normal_01037.jpg,,0,0,448,448,rgb_repeat_v1,False,False
miic_partial_normal_test_normal_01038__x00000_y00000_s00448,miic_partial_normal_test_normal_01038,miic_partial,default,,SEM,train,good,data/dataverse_files_recovered/miic_partial_clean/normal/test_normal_01038.jpg,,0,0,448,448,rgb_repeat_v1,True,False
miic_partial_normal_test_normal_01039__x00000_y00000_s00448,miic_partial_normal_test_normal_01039,miic_partial,default,,SEM,train,good,data/dataverse_files_recovered/miic_partial_clean/normal/test_normal_01039.jpg,,0,0,448,448,rgb_repeat_v1,True,False
miic_partial_normal_test_normal_01040__x00000_y00000_s00448,miic_partial_normal_test_normal_01040,miic_partial,default,,SEM,validation,good,data/dataverse_files_recovered/miic_partial_clean/normal/test_normal_01040.jpg,,0,0,448,448,rgb_repeat_v1,False,False
miic_partial_normal_test_normal_01041__x00000_y00000_s00448,miic_partial_normal_test_normal_01041,miic_partial,default,,SEM,test,good,data/dataverse_files_recovered/miic_partial_clean/normal/test_normal_01041.jpg,,0,0,448,448,rgb_repeat_v1,False,False
miic_partial_normal_test_normal_01042__x00000_y00000_s00448,miic_partial_normal_test_normal_01042,miic_partial,default,,SEM,validation,good,data/dataverse_files_recovered/miic_partial_clean/normal/test_normal_01042.jpg,,0,0,448,448,rgb_repeat_v1,False,False
miic_partial_normal_test_normal_01043__x00000_y00000_s00448,miic_partial_normal_test_normal_01043,miic_partial,default,,SEM,train,good,data/dataverse_files_recovered/miic_partial_clean/normal/test_normal_01043.jpg,,0,0,448,448,rgb_repeat_v1,True,False
miic_partial_normal_test_normal_01044__x00000_y00000_s00448,miic_partial_normal_test_normal_01044,miic_partial,default,,SEM,train,good,data/dataverse_files_recovered/miic_partial_clean/normal/test_normal_01044.jpg,,0,0,448,448,rgb_repeat_v1,True,False
miic_partial_normal_test_normal_01045__x00000_y00000_s00448,miic_partial_normal_test_normal_01045,miic_partial,default,,SEM,train,good,data/dataverse_files_recovered/miic_partial_clean/normal/test_normal_01045.jpg,,0,0,448,448,rgb_repeat_v1,True,False
miic_partial_normal_test_normal_01046__x00000_y00000_s00448,miic_partial_normal_test_normal_01046,miic_partial,default,,SEM,validation,good,data/dataverse_files_recovered/miic_partial_clean/normal/test_normal_01046.jpg,,0,0,448,448,rgb_repeat_v1,False,False
miic_partial_normal_test_normal_01047__x00000_y00000_s00448,miic_partial_normal_test_normal_01047,miic_partial,default,,SEM,train,good,data/dataverse_files_recovered/miic_partial_clean/normal/test_normal_01047.jpg,,0,0,448,448,rgb_repeat_v1,True,False
miic_partial_normal_test_normal_01048__x00000_y00000_s00448,miic_partial_normal_test_normal_01048,miic_partial,default,,SEM,validation,good,data/dataverse_files_recovered/miic_partial_clean/normal/test_normal_01048.jpg,,0,0,448,448,rgb_repeat_v1,False,False
miic_partial_normal_test_normal_01049__x00000_y00000_s00448,miic_partial_normal_test_normal_01049,miic_partial,default,,SEM,test,good,data/dataverse_files_recovered/miic_partial_clean/normal/test_normal_01049.jpg,,0,0,448,448,rgb_repeat_v1,False,False
miic_partial_normal_test_normal_01050__x00000_y00000_s00448,miic_partial_normal_test_normal_01050,miic_partial,default,,SEM,train,good,data/dataverse_files_recovered/miic_partial_clean/normal/test_normal_01050.jpg,,0,0,448,448,rgb_repeat_v1,True,False
miic_partial_normal_test_normal_01051__x00000_y00000_s00448,miic_partial_normal_test_normal_01051,miic_partial,default,,SEM,test,good,data/dataverse_files_recovered/miic_partial_clean/normal/test_normal_01051.jpg,,0,0,448,448,rgb_repeat_v1,False,False
miic_partial_normal_test_normal_01052__x00000_y00000_s00448,miic_partial_normal_test_normal_01052,miic_partial,default,,SEM,validation,good,data/dataverse_files_recovered/miic_partial_clean/normal/test_normal_01052.jpg,,0,0,448,448,rgb_repeat_v1,False,False
miic_partial_normal_test_normal_01053__x00000_y00000_s00448,miic_partial_normal_test_normal_01053,miic_partial,default,,SEM,train,good,data/dataverse_files_recovered/miic_partial_clean/normal/test_normal_01053.jpg,,0,0,448,448,rgb_repeat_v1,True,False
miic_partial_normal_test_normal_01054__x00000_y00000_s00448,miic_partial_normal_test_normal_01054,miic_partial,default,,SEM,test,good,data/dataverse_files_recovered/miic_partial_clean/normal/test_normal_01054.jpg,,0,0,448,448,rgb_repeat_v1,False,False
miic_partial_normal_test_normal_01055__x00000_y00000_s00448,miic_partial_normal_test_normal_01055,miic_partial,default,,SEM,test,good,data/dataverse_files_recovered/miic_partial_clean/normal/test_normal_01055.jpg,,0,0,448,448,rgb_repeat_v1,False,False
miic_partial_normal_test_normal_01056__x00000_y00000_s00448,miic_partial_normal_test_normal_01056,miic_partial,default,,SEM,test,good,data/dataverse_files_recovered/miic_partial_clean/normal/test_normal_01056.jpg,,0,0,448,448,rgb_repeat_v1,False,False
miic_partial_normal_test_normal_01057__x00000_y00000_s00448,miic_partial_normal_test_normal_01057,miic_partial,default,,SEM,train,good,data/dataverse_files_recovered/miic_partial_clean/normal/test_normal_01057.jpg,,0,0,448,448,rgb_repeat_v1,True,False
miic_partial_normal_test_normal_01058__x00000_y00000_s00448,miic_partial_normal_test_normal_01058,miic_partial,default,,SEM,train,good,data/dataverse_files_recovered/miic_partial_clean/normal/test_normal_01058.jpg,,0,0,448,448,rgb_repeat_v1,True,False
miic_partial_normal_test_normal_01059__x00000_y00000_s00448,miic_partial_normal_test_normal_01059,miic_partial,default,,SEM,test,good,data/dataverse_files_recovered/miic_partial_clean/normal/test_normal_01059.jpg,,0,0,448,448,rgb_repeat_v1,False,False
miic_partial_normal_test_normal_01060__x00000_y00000_s00448,miic_partial_normal_test_normal_01060,miic_partial,default,,SEM,train,good,data/dataverse_files_recovered/miic_partial_clean/normal/test_normal_01060.jpg,,0,0,448,448,rgb_repeat_v1,True,False
miic_partial_normal_test_normal_01061__x00000_y00000_s00448,miic_partial_normal_test_normal_01061,miic_partial,default,,SEM,validation,good,data/dataverse_files_recovered/miic_partial_clean/normal/test_normal_01061.jpg,,0,0,448,448,rgb_repeat_v1,False,False
miic_partial_normal_test_normal_01062__x00000_y00000_s00448,miic_partial_normal_test_normal_01062,miic_partial,default,,SEM,test,good,data/dataverse_files_recovered/miic_partial_clean/normal/test_normal_01062.jpg,,0,0,448,448,rgb_repeat_v1,False,False
miic_partial_normal_test_normal_01063__x00000_y00000_s00448,miic_partial_normal_test_normal_01063,miic_partial,default,,SEM,validation,good,data/dataverse_files_recovered/miic_partial_clean/normal/test_normal_01063.jpg,,0,0,448,448,rgb_repeat_v1,False,False
miic_partial_normal_test_normal_01064__x00000_y00000_s00448,miic_partial_normal_test_normal_01064,miic_partial,default,,SEM,test,good,data/dataverse_files_recovered/miic_partial_clean/normal/test_normal_01064.jpg,,0,0,448,448,rgb_repeat_v1,False,False
miic_partial_normal_test_normal_01065__x00000_y00000_s00448,miic_partial_normal_test_normal_01065,miic_partial,default,,SEM,train,good,data/dataverse_files_recovered/miic_partial_clean/normal/test_normal_01065.jpg,,0,0,448,448,rgb_repeat_v1,True,False
miic_partial_normal_test_normal_01066__x00000_y00000_s00448,miic_partial_normal_test_normal_01066,miic_partial,default,,SEM,test,good,data/dataverse_files_recovered/miic_partial_clean/normal/test_normal_01066.jpg,,0,0,448,448,rgb_repeat_v1,False,False
miic_partial_normal_test_normal_01067__x00000_y00000_s00448,miic_partial_normal_test_normal_01067,miic_partial,default,,SEM,train,good,data/dataverse_files_recovered/miic_partial_clean/normal/test_normal_01067.jpg,,0,0,448,448,rgb_repeat_v1,True,False
miic_partial_normal_test_normal_01068__x00000_y00000_s00448,miic_partial_normal_test_normal_01068,miic_partial,default,,SEM,train,good,data/dataverse_files_recovered/miic_partial_clean/normal/test_normal_01068.jpg,,0,0,448,448,rgb_repeat_v1,True,False
miic_partial_normal_test_normal_01069__x00000_y00000_s00448,miic_partial_normal_test_normal_01069,miic_partial,default,,SEM,validation,good,data/dataverse_files_recovered/miic_partial_clean/normal/test_normal_01069.jpg,,0,0,448,448,rgb_repeat_v1,False,False
miic_partial_normal_test_normal_01070__x00000_y00000_s00448,miic_partial_normal_test_normal_01070,miic_partial,default,,SEM,train,good,data/dataverse_files_recovered/miic_partial_clean/normal/test_normal_01070.jpg,,0,0,448,448,rgb_repeat_v1,True,False
miic_partial_normal_test_normal_01071__x00000_y00000_s00448,miic_partial_normal_test_normal_01071,miic_partial,default,,SEM,test,good,data/dataverse_files_recovered/miic_partial_clean/normal/test_normal_01071.jpg,,0,0,448,448,rgb_repeat_v1,False,False
miic_partial_normal_test_normal_01072__x00000_y00000_s00448,miic_partial_normal_test_normal_01072,miic_partial,default,,SEM,train,good,data/dataverse_files_recovered/miic_partial_clean/normal/test_normal_01072.jpg,,0,0,448,448,rgb_repeat_v1,True,False
miic_partial_normal_test_normal_01073__x00000_y00000_s00448,miic_partial_normal_test_normal_01073,miic_partial,default,,SEM,test,good,data/dataverse_files_recovered/miic_partial_clean/normal/test_normal_01073.jpg,,0,0,448,448,rgb_repeat_v1,False,False
miic_partial_normal_test_normal_01074__x00000_y00000_s00448,miic_partial_normal_test_normal_01074,miic_partial,default,,SEM,test,good,data/dataverse_files_recovered/miic_partial_clean/normal/test_normal_01074.jpg,,0,0,448,448,rgb_repeat_v1,False,False
miic_partial_normal_test_normal_01075__x00000_y00000_s00448,miic_partial_normal_test_normal_01075,miic_partial,default,,SEM,test,good,data/dataverse_files_recovered/miic_partial_clean/normal/test_normal_01075.jpg,,0,0,448,448,rgb_repeat_v1,False,False
miic_partial_normal_test_normal_01076__x00000_y00000_s00448,miic_partial_normal_test_normal_01076,miic_partial,default,,SEM,test,good,data/dataverse_files_recovered/miic_partial_clean/normal/test_normal_01076.jpg,,0,0,448,448,rgb_repeat_v1,False,False
miic_partial_normal_test_normal_01077__x00000_y00000_s00448,miic_partial_normal_test_normal_01077,miic_partial,default,,SEM,train,good,data/dataverse_files_recovered/miic_partial_clean/normal/test_normal_01077.jpg,,0,0,448,448,rgb_repeat_v1,True,False
miic_partial_normal_test_normal_01078__x00000_y00000_s00448,miic_partial_normal_test_normal_01078,miic_partial,default,,SEM,train,good,data/dataverse_files_recovered/miic_partial_clean/normal/test_normal_01078.jpg,,0,0,448,448,rgb_repeat_v1,True,False
miic_partial_normal_test_normal_01079__x00000_y00000_s00448,miic_partial_normal_test_normal_01079,miic_partial,default,,SEM,test,good,data/dataverse_files_recovered/miic_partial_clean/normal/test_normal_01079.jpg,,0,0,448,448,rgb_repeat_v1,False,False
miic_partial_normal_test_normal_01080__x00000_y00000_s00448,miic_partial_normal_test_normal_01080,miic_partial,default,,SEM,test,good,data/dataverse_files_recovered/miic_partial_clean/normal/test_normal_01080.jpg,,0,0,448,448,rgb_repeat_v1,False,False
miic_partial_normal_test_normal_01081__x00000_y00000_s00448,miic_partial_normal_test_normal_01081,miic_partial,default,,SEM,train,good,data/dataverse_files_recovered/miic_partial_clean/normal/test_normal_01081.jpg,,0,0,448,448,rgb_repeat_v1,True,False
miic_partial_normal_test_normal_01082__x00000_y00000_s00448,miic_partial_normal_test_normal_01082,miic_partial,default,,SEM,test,good,data/dataverse_files_recovered/miic_partial_clean/normal/test_normal_01082.jpg,,0,0,448,448,rgb_repeat_v1,False,False
miic_partial_normal_test_normal_01083__x00000_y00000_s00448,miic_partial_normal_test_normal_01083,miic_partial,default,,SEM,train,good,data/dataverse_files_recovered/miic_partial_clean/normal/test_normal_01083.jpg,,0,0,448,448,rgb_repeat_v1,True,False
miic_partial_normal_test_normal_01084__x00000_y00000_s00448,miic_partial_normal_test_normal_01084,miic_partial,default,,SEM,train,good,data/dataverse_files_recovered/miic_partial_clean/normal/test_normal_01084.jpg,,0,0,448,448,rgb_repeat_v1,True,False
miic_partial_normal_test_normal_01085__x00000_y00000_s00448,miic_partial_normal_test_normal_01085,miic_partial,default,,SEM,validation,good,data/dataverse_files_recovered/miic_partial_clean/normal/test_normal_01085.jpg,,0,0,448,448,rgb_repeat_v1,False,False
miic_partial_normal_test_normal_01086__x00000_y00000_s00448,miic_partial_normal_test_normal_01086,miic_partial,default,,SEM,train,good,data/dataverse_files_recovered/miic_partial_clean/normal/test_normal_01086.jpg,,0,0,448,448,rgb_repeat_v1,True,False
miic_partial_normal_test_normal_01087__x00000_y00000_s00448,miic_partial_normal_test_normal_01087,miic_partial,default,,SEM,train,good,data/dataverse_files_recovered/miic_partial_clean/normal/test_normal_01087.jpg,,0,0,448,448,rgb_repeat_v1,True,False
miic_partial_normal_test_normal_01088__x00000_y00000_s00448,miic_partial_normal_test_normal_01088,miic_partial,default,,SEM,test,good,data/dataverse_files_recovered/miic_partial_clean/normal/test_normal_01088.jpg,,0,0,448,448,rgb_repeat_v1,False,False
miic_partial_normal_test_normal_01089__x00000_y00000_s00448,miic_partial_normal_test_normal_01089,miic_partial,default,,SEM,train,good,data/dataverse_files_recovered/miic_partial_clean/normal/test_normal_01089.jpg,,0,0,448,448,rgb_repeat_v1,True,False
miic_partial_normal_test_normal_01090__x00000_y00000_s00448,miic_partial_normal_test_normal_01090,miic_partial,default,,SEM,test,good,data/dataverse_files_recovered/miic_partial_clean/normal/test_normal_01090.jpg,,0,0,448,448,rgb_repeat_v1,False,False
miic_partial_normal_test_normal_01091__x00000_y00000_s00448,miic_partial_normal_test_normal_01091,miic_partial,default,,SEM,test,good,data/dataverse_files_recovered/miic_partial_clean/normal/test_normal_01091.jpg,,0,0,448,448,rgb_repeat_v1,False,False
miic_partial_normal_test_normal_01092__x00000_y00000_s00448,miic_partial_normal_test_normal_01092,miic_partial,default,,SEM,train,good,data/dataverse_files_recovered/miic_partial_clean/normal/test_normal_01092.jpg,,0,0,448,448,rgb_repeat_v1,True,False
miic_partial_normal_test_normal_01093__x00000_y00000_s00448,miic_partial_normal_test_normal_01093,miic_partial,default,,SEM,train,good,data/dataverse_files_recovered/miic_partial_clean/normal/test_normal_01093.jpg,,0,0,448,448,rgb_repeat_v1,True,False
miic_partial_normal_test_normal_01094__x00000_y00000_s00448,miic_partial_normal_test_normal_01094,miic_partial,default,,SEM,test,good,data/dataverse_files_recovered/miic_partial_clean/normal/test_normal_01094.jpg,,0,0,448,448,rgb_repeat_v1,False,False
miic_partial_normal_test_normal_01095__x00000_y00000_s00448,miic_partial_normal_test_normal_01095,miic_partial,default,,SEM,validation,good,data/dataverse_files_recovered/miic_partial_clean/normal/test_normal_01095.jpg,,0,0,448,448,rgb_repeat_v1,False,False
miic_partial_normal_test_normal_01096__x00000_y00000_s00448,miic_partial_normal_test_normal_01096,miic_partial,default,,SEM,validation,good,data/dataverse_files_recovered/miic_partial_clean/normal/test_normal_01096.jpg,,0,0,448,448,rgb_repeat_v1,False,False
miic_partial_normal_test_normal_01097__x00000_y00000_s00448,miic_partial_normal_test_normal_01097,miic_partial,default,,SEM,train,good,data/dataverse_files_recovered/miic_partial_clean/normal/test_normal_01097.jpg,,0,0,448,448,rgb_repeat_v1,True,False
miic_partial_normal_test_normal_01098__x00000_y00000_s00448,miic_partial_normal_test_normal_01098,miic_partial,default,,SEM,validation,good,data/dataverse_files_recovered/miic_partial_clean/normal/test_normal_01098.jpg,,0,0,448,448,rgb_repeat_v1,False,False
miic_partial_normal_test_normal_01099__x00000_y00000_s00448,miic_partial_normal_test_normal_01099,miic_partial,default,,SEM,test,good,data/dataverse_files_recovered/miic_partial_clean/normal/test_normal_01099.jpg,,0,0,448,448,rgb_repeat_v1,False,False
miic_partial_normal_test_normal_01100__x00000_y00000_s00448,miic_partial_normal_test_normal_01100,miic_partial,default,,SEM,validation,good,data/dataverse_files_recovered/miic_partial_clean/normal/test_normal_01100.jpg,,0,0,448,448,rgb_repeat_v1,False,False
miic_partial_normal_test_normal_01101__x00000_y00000_s00448,miic_partial_normal_test_normal_01101,miic_partial,default,,SEM,validation,good,data/dataverse_files_recovered/miic_partial_clean/normal/test_normal_01101.jpg,,0,0,448,448,rgb_repeat_v1,False,False
miic_partial_normal_test_normal_01102__x00000_y00000_s00448,miic_partial_normal_test_normal_01102,miic_partial,default,,SEM,test,good,data/dataverse_files_recovered/miic_partial_clean/normal/test_normal_01102.jpg,,0,0,448,448,rgb_repeat_v1,False,False
miic_partial_normal_test_normal_01103__x00000_y00000_s00448,miic_partial_normal_test_normal_01103,miic_partial,default,,SEM,train,good,data/dataverse_files_recovered/miic_partial_clean/normal/test_normal_01103.jpg,,0,0,448,448,rgb_repeat_v1,True,False
miic_partial_normal_test_normal_01104__x00000_y00000_s00448,miic_partial_normal_test_normal_01104,miic_partial,default,,SEM,train,good,data/dataverse_files_recovered/miic_partial_clean/normal/test_normal_01104.jpg,,0,0,448,448,rgb_repeat_v1,True,False
miic_partial_normal_test_normal_01105__x00000_y00000_s00448,miic_partial_normal_test_normal_01105,miic_partial,default,,SEM,train,good,data/dataverse_files_recovered/miic_partial_clean/normal/test_normal_01105.jpg,,0,0,448,448,rgb_repeat_v1,True,False
miic_partial_normal_test_normal_01106__x00000_y00000_s00448,miic_partial_normal_test_normal_01106,miic_partial,default,,SEM,train,good,data/dataverse_files_recovered/miic_partial_clean/normal/test_normal_01106.jpg,,0,0,448,448,rgb_repeat_v1,True,False
miic_partial_normal_test_normal_01107__x00000_y00000_s00448,miic_partial_normal_test_normal_01107,miic_partial,default,,SEM,test,good,data/dataverse_files_recovered/miic_partial_clean/normal/test_normal_01107.jpg,,0,0,448,448,rgb_repeat_v1,False,False
miic_partial_normal_test_normal_01108__x00000_y00000_s00448,miic_partial_normal_test_normal_01108,miic_partial,default,,SEM,train,good,data/dataverse_files_recovered/miic_partial_clean/normal/test_normal_01108.jpg,,0,0,448,448,rgb_repeat_v1,True,False
miic_partial_normal_test_normal_01109__x00000_y00000_s00448,miic_partial_normal_test_normal_01109,miic_partial,default,,SEM,validation,good,data/dataverse_files_recovered/miic_partial_clean/normal/test_normal_01109.jpg,,0,0,448,448,rgb_repeat_v1,False,False
miic_partial_normal_test_normal_01110__x00000_y00000_s00448,miic_partial_normal_test_normal_01110,miic_partial,default,,SEM,train,good,data/dataverse_files_recovered/miic_partial_clean/normal/test_normal_01110.jpg,,0,0,448,448,rgb_repeat_v1,True,False
miic_partial_normal_test_normal_01111__x00000_y00000_s00448,miic_partial_normal_test_normal_01111,miic_partial,default,,SEM,train,good,data/dataverse_files_recovered/miic_partial_clean/normal/test_normal_01111.jpg,,0,0,448,448,rgb_repeat_v1,True,False
miic_partial_normal_test_normal_01112__x00000_y00000_s00448,miic_partial_normal_test_normal_01112,miic_partial,default,,SEM,train,good,data/dataverse_files_recovered/miic_partial_clean/normal/test_normal_01112.jpg,,0,0,448,448,rgb_repeat_v1,True,False
miic_partial_normal_test_normal_01113__x00000_y00000_s00448,miic_partial_normal_test_normal_01113,miic_partial,default,,SEM,train,good,data/dataverse_files_recovered/miic_partial_clean/normal/test_normal_01113.jpg,,0,0,448,448,rgb_repeat_v1,True,False
miic_partial_normal_test_normal_01114__x00000_y00000_s00448,miic_partial_normal_test_normal_01114,miic_partial,default,,SEM,train,good,data/dataverse_files_recovered/miic_partial_clean/normal/test_normal_01114.jpg,,0,0,448,448,rgb_repeat_v1,True,False
miic_partial_normal_test_normal_01115__x00000_y00000_s00448,miic_partial_normal_test_normal_01115,miic_partial,default,,SEM,train,good,data/dataverse_files_recovered/miic_partial_clean/normal/test_normal_01115.jpg,,0,0,448,448,rgb_repeat_v1,True,False
miic_partial_normal_test_normal_01116__x00000_y00000_s00448,miic_partial_normal_test_normal_01116,miic_partial,default,,SEM,validation,good,data/dataverse_files_recovered/miic_partial_clean/normal/test_normal_01116.jpg,,0,0,448,448,rgb_repeat_v1,False,False
miic_partial_normal_test_normal_01117__x00000_y00000_s00448,miic_partial_normal_test_normal_01117,miic_partial,default,,SEM,test,good,data/dataverse_files_recovered/miic_partial_clean/normal/test_normal_01117.jpg,,0,0,448,448,rgb_repeat_v1,False,False
miic_partial_normal_test_normal_01118__x00000_y00000_s00448,miic_partial_normal_test_normal_01118,miic_partial,default,,SEM,train,good,data/dataverse_files_recovered/miic_partial_clean/normal/test_normal_01118.jpg,,0,0,448,448,rgb_repeat_v1,True,False
miic_partial_normal_test_normal_01119__x00000_y00000_s00448,miic_partial_normal_test_normal_01119,miic_partial,default,,SEM,train,good,data/dataverse_files_recovered/miic_partial_clean/normal/test_normal_01119.jpg,,0,0,448,448,rgb_repeat_v1,True,False
miic_partial_normal_test_normal_01120__x00000_y00000_s00448,miic_partial_normal_test_normal_01120,miic_partial,default,,SEM,test,good,data/dataverse_files_recovered/miic_partial_clean/normal/test_normal_01120.jpg,,0,0,448,448,rgb_repeat_v1,False,False
miic_partial_normal_test_normal_01121__x00000_y00000_s00448,miic_partial_normal_test_normal_01121,miic_partial,default,,SEM,test,good,data/dataverse_files_recovered/miic_partial_clean/normal/test_normal_01121.jpg,,0,0,448,448,rgb_repeat_v1,False,False
miic_partial_normal_test_normal_01122__x00000_y00000_s00448,miic_partial_normal_test_normal_01122,miic_partial,default,,SEM,train,good,data/dataverse_files_recovered/miic_partial_clean/normal/test_normal_01122.jpg,,0,0,448,448,rgb_repeat_v1,True,False
miic_partial_normal_test_normal_01123__x00000_y00000_s00448,miic_partial_normal_test_normal_01123,miic_partial,default,,SEM,validation,good,data/dataverse_files_recovered/miic_partial_clean/normal/test_normal_01123.jpg,,0,0,448,448,rgb_repeat_v1,False,False
miic_partial_normal_test_normal_01124__x00000_y00000_s00448,miic_partial_normal_test_normal_01124,miic_partial,default,,SEM,train,good,data/dataverse_files_recovered/miic_partial_clean/normal/test_normal_01124.jpg,,0,0,448,448,rgb_repeat_v1,True,False
miic_partial_normal_test_normal_01125__x00000_y00000_s00448,miic_partial_normal_test_normal_01125,miic_partial,default,,SEM,test,good,data/dataverse_files_recovered/miic_partial_clean/normal/test_normal_01125.jpg,,0,0,448,448,rgb_repeat_v1,False,False
miic_partial_normal_test_normal_01126__x00000_y00000_s00448,miic_partial_normal_test_normal_01126,miic_partial,default,,SEM,train,good,data/dataverse_files_recovered/miic_partial_clean/normal/test_normal_01126.jpg,,0,0,448,448,rgb_repeat_v1,True,False
miic_partial_normal_test_normal_01127__x00000_y00000_s00448,miic_partial_normal_test_normal_01127,miic_partial,default,,SEM,test,good,data/dataverse_files_recovered/miic_partial_clean/normal/test_normal_01127.jpg,,0,0,448,448,rgb_repeat_v1,False,False
miic_partial_normal_test_normal_01128__x00000_y00000_s00448,miic_partial_normal_test_normal_01128,miic_partial,default,,SEM,validation,good,data/dataverse_files_recovered/miic_partial_clean/normal/test_normal_01128.jpg,,0,0,448,448,rgb_repeat_v1,False,False
miic_partial_normal_test_normal_01129__x00000_y00000_s00448,miic_partial_normal_test_normal_01129,miic_partial,default,,SEM,validation,good,data/dataverse_files_recovered/miic_partial_clean/normal/test_normal_01129.jpg,,0,0,448,448,rgb_repeat_v1,False,False
miic_partial_normal_test_normal_01130__x00000_y00000_s00448,miic_partial_normal_test_normal_01130,miic_partial,default,,SEM,train,good,data/dataverse_files_recovered/miic_partial_clean/normal/test_normal_01130.jpg,,0,0,448,448,rgb_repeat_v1,True,False
miic_partial_normal_test_normal_01131__x00000_y00000_s00448,miic_partial_normal_test_normal_01131,miic_partial,default,,SEM,validation,good,data/dataverse_files_recovered/miic_partial_clean/normal/test_normal_01131.jpg,,0,0,448,448,rgb_repeat_v1,False,False
miic_partial_normal_test_normal_01132__x00000_y00000_s00448,miic_partial_normal_test_normal_01132,miic_partial,default,,SEM,train,good,data/dataverse_files_recovered/miic_partial_clean/normal/test_normal_01132.jpg,,0,0,448,448,rgb_repeat_v1,True,False
miic_partial_normal_test_normal_01133__x00000_y00000_s00448,miic_partial_normal_test_normal_01133,miic_partial,default,,SEM,train,good,data/dataverse_files_recovered/miic_partial_clean/normal/test_normal_01133.jpg,,0,0,448,448,rgb_repeat_v1,True,False
miic_partial_normal_test_normal_01134__x00000_y00000_s00448,miic_partial_normal_test_normal_01134,miic_partial,default,,SEM,test,good,data/dataverse_files_recovered/miic_partial_clean/normal/test_normal_01134.jpg,,0,0,448,448,rgb_repeat_v1,False,False
miic_partial_normal_test_normal_01135__x00000_y00000_s00448,miic_partial_normal_test_normal_01135,miic_partial,default,,SEM,validation,good,data/dataverse_files_recovered/miic_partial_clean/normal/test_normal_01135.jpg,,0,0,448,448,rgb_repeat_v1,False,False
miic_partial_normal_test_normal_01136__x00000_y00000_s00448,miic_partial_normal_test_normal_01136,miic_partial,default,,SEM,train,good,data/dataverse_files_recovered/miic_partial_clean/normal/test_normal_01136.jpg,,0,0,448,448,rgb_repeat_v1,True,False
miic_partial_normal_test_normal_01137__x00000_y00000_s00448,miic_partial_normal_test_normal_01137,miic_partial,default,,SEM,test,good,data/dataverse_files_recovered/miic_partial_clean/normal/test_normal_01137.jpg,,0,0,448,448,rgb_repeat_v1,False,False
miic_partial_normal_test_normal_01138__x00000_y00000_s00448,miic_partial_normal_test_normal_01138,miic_partial,default,,SEM,validation,good,data/dataverse_files_recovered/miic_partial_clean/normal/test_normal_01138.jpg,,0,0,448,448,rgb_repeat_v1,False,False
miic_partial_normal_test_normal_01139__x00000_y00000_s00448,miic_partial_normal_test_normal_01139,miic_partial,default,,SEM,train,good,data/dataverse_files_recovered/miic_partial_clean/normal/test_normal_01139.jpg,,0,0,448,448,rgb_repeat_v1,True,False
miic_partial_normal_test_normal_01140__x00000_y00000_s00448,miic_partial_normal_test_normal_01140,miic_partial,default,,SEM,test,good,data/dataverse_files_recovered/miic_partial_clean/normal/test_normal_01140.jpg,,0,0,448,448,rgb_repeat_v1,False,False
miic_partial_normal_test_normal_01141__x00000_y00000_s00448,miic_partial_normal_test_normal_01141,miic_partial,default,,SEM,train,good,data/dataverse_files_recovered/miic_partial_clean/normal/test_normal_01141.jpg,,0,0,448,448,rgb_repeat_v1,True,False
miic_partial_normal_test_normal_01142__x00000_y00000_s00448,miic_partial_normal_test_normal_01142,miic_partial,default,,SEM,train,good,data/dataverse_files_recovered/miic_partial_clean/normal/test_normal_01142.jpg,,0,0,448,448,rgb_repeat_v1,True,False
miic_partial_normal_test_normal_01143__x00000_y00000_s00448,miic_partial_normal_test_normal_01143,miic_partial,default,,SEM,validation,good,data/dataverse_files_recovered/miic_partial_clean/normal/test_normal_01143.jpg,,0,0,448,448,rgb_repeat_v1,False,False
miic_partial_normal_test_normal_01144__x00000_y00000_s00448,miic_partial_normal_test_normal_01144,miic_partial,default,,SEM,validation,good,data/dataverse_files_recovered/miic_partial_clean/normal/test_normal_01144.jpg,,0,0,448,448,rgb_repeat_v1,False,False
miic_partial_normal_test_normal_01145__x00000_y00000_s00448,miic_partial_normal_test_normal_01145,miic_partial,default,,SEM,test,good,data/dataverse_files_recovered/miic_partial_clean/normal/test_normal_01145.jpg,,0,0,448,448,rgb_repeat_v1,False,False
miic_partial_normal_test_normal_01146__x00000_y00000_s00448,miic_partial_normal_test_normal_01146,miic_partial,default,,SEM,validation,good,data/dataverse_files_recovered/miic_partial_clean/normal/test_normal_01146.jpg,,0,0,448,448,rgb_repeat_v1,False,False
miic_partial_normal_test_normal_01147__x00000_y00000_s00448,miic_partial_normal_test_normal_01147,miic_partial,default,,SEM,train,good,data/dataverse_files_recovered/miic_partial_clean/normal/test_normal_01147.jpg,,0,0,448,448,rgb_repeat_v1,True,False
miic_partial_normal_test_normal_01148__x00000_y00000_s00448,miic_partial_normal_test_normal_01148,miic_partial,default,,SEM,test,good,data/dataverse_files_recovered/miic_partial_clean/normal/test_normal_01148.jpg,,0,0,448,448,rgb_repeat_v1,False,False
miic_partial_normal_test_normal_01149__x00000_y00000_s00448,miic_partial_normal_test_normal_01149,miic_partial,default,,SEM,train,good,data/dataverse_files_recovered/miic_partial_clean/normal/test_normal_01149.jpg,,0,0,448,448,rgb_repeat_v1,True,False
miic_partial_normal_test_normal_01150__x00000_y00000_s00448,miic_partial_normal_test_normal_01150,miic_partial,default,,SEM,train,good,data/dataverse_files_recovered/miic_partial_clean/normal/test_normal_01150.jpg,,0,0,448,448,rgb_repeat_v1,True,False
miic_partial_normal_test_normal_01151__x00000_y00000_s00448,miic_partial_normal_test_normal_01151,miic_partial,default,,SEM,validation,good,data/dataverse_files_recovered/miic_partial_clean/normal/test_normal_01151.jpg,,0,0,448,448,rgb_repeat_v1,False,False
miic_partial_normal_test_normal_01152__x00000_y00000_s00448,miic_partial_normal_test_normal_01152,miic_partial,default,,SEM,train,good,data/dataverse_files_recovered/miic_partial_clean/normal/test_normal_01152.jpg,,0,0,448,448,rgb_repeat_v1,True,False
miic_partial_normal_test_normal_01153__x00000_y00000_s00448,miic_partial_normal_test_normal_01153,miic_partial,default,,SEM,validation,good,data/dataverse_files_recovered/miic_partial_clean/normal/test_normal_01153.jpg,,0,0,448,448,rgb_repeat_v1,False,False
miic_partial_normal_test_normal_01154__x00000_y00000_s00448,miic_partial_normal_test_normal_01154,miic_partial,default,,SEM,test,good,data/dataverse_files_recovered/miic_partial_clean/normal/test_normal_01154.jpg,,0,0,448,448,rgb_repeat_v1,False,False
miic_partial_normal_test_normal_01155__x00000_y00000_s00448,miic_partial_normal_test_normal_01155,miic_partial,default,,SEM,validation,good,data/dataverse_files_recovered/miic_partial_clean/normal/test_normal_01155.jpg,,0,0,448,448,rgb_repeat_v1,False,False
miic_partial_normal_test_normal_01156__x00000_y00000_s00448,miic_partial_normal_test_normal_01156,miic_partial,default,,SEM,train,good,data/dataverse_files_recovered/miic_partial_clean/normal/test_normal_01156.jpg,,0,0,448,448,rgb_repeat_v1,True,False
miic_partial_normal_test_normal_01157__x00000_y00000_s00448,miic_partial_normal_test_normal_01157,miic_partial,default,,SEM,train,good,data/dataverse_files_recovered/miic_partial_clean/normal/test_normal_01157.jpg,,0,0,448,448,rgb_repeat_v1,True,False
miic_partial_normal_test_normal_01158__x00000_y00000_s00448,miic_partial_normal_test_normal_01158,miic_partial,default,,SEM,train,good,data/dataverse_files_recovered/miic_partial_clean/normal/test_normal_01158.jpg,,0,0,448,448,rgb_repeat_v1,True,False
miic_partial_normal_test_normal_01159__x00000_y00000_s00448,miic_partial_normal_test_normal_01159,miic_partial,default,,SEM,train,good,data/dataverse_files_recovered/miic_partial_clean/normal/test_normal_01159.jpg,,0,0,448,448,rgb_repeat_v1,True,False
miic_partial_normal_test_normal_01160__x00000_y00000_s00448,miic_partial_normal_test_normal_01160,miic_partial,default,,SEM,train,good,data/dataverse_files_recovered/miic_partial_clean/normal/test_normal_01160.jpg,,0,0,448,448,rgb_repeat_v1,True,False
miic_partial_normal_test_normal_01161__x00000_y00000_s00448,miic_partial_normal_test_normal_01161,miic_partial,default,,SEM,validation,good,data/dataverse_files_recovered/miic_partial_clean/normal/test_normal_01161.jpg,,0,0,448,448,rgb_repeat_v1,False,False
miic_partial_normal_test_normal_01162__x00000_y00000_s00448,miic_partial_normal_test_normal_01162,miic_partial,default,,SEM,train,good,data/dataverse_files_recovered/miic_partial_clean/normal/test_normal_01162.jpg,,0,0,448,448,rgb_repeat_v1,True,False
miic_partial_normal_test_normal_01163__x00000_y00000_s00448,miic_partial_normal_test_normal_01163,miic_partial,default,,SEM,test,good,data/dataverse_files_recovered/miic_partial_clean/normal/test_normal_01163.jpg,,0,0,448,448,rgb_repeat_v1,False,False
miic_partial_normal_test_normal_01164__x00000_y00000_s00448,miic_partial_normal_test_normal_01164,miic_partial,default,,SEM,validation,good,data/dataverse_files_recovered/miic_partial_clean/normal/test_normal_01164.jpg,,0,0,448,448,rgb_repeat_v1,False,False
miic_partial_normal_test_normal_01165__x00000_y00000_s00448,miic_partial_normal_test_normal_01165,miic_partial,default,,SEM,train,good,data/dataverse_files_recovered/miic_partial_clean/normal/test_normal_01165.jpg,,0,0,448,448,rgb_repeat_v1,True,False
miic_partial_normal_test_normal_01166__x00000_y00000_s00448,miic_partial_normal_test_normal_01166,miic_partial,default,,SEM,train,good,data/dataverse_files_recovered/miic_partial_clean/normal/test_normal_01166.jpg,,0,0,448,448,rgb_repeat_v1,True,False
miic_partial_normal_test_normal_01167__x00000_y00000_s00448,miic_partial_normal_test_normal_01167,miic_partial,default,,SEM,train,good,data/dataverse_files_recovered/miic_partial_clean/normal/test_normal_01167.jpg,,0,0,448,448,rgb_repeat_v1,True,False
miic_partial_normal_test_normal_01168__x00000_y00000_s00448,miic_partial_normal_test_normal_01168,miic_partial,default,,SEM,validation,good,data/dataverse_files_recovered/miic_partial_clean/normal/test_normal_01168.jpg,,0,0,448,448,rgb_repeat_v1,False,False
miic_partial_normal_test_normal_01169__x00000_y00000_s00448,miic_partial_normal_test_normal_01169,miic_partial,default,,SEM,train,good,data/dataverse_files_recovered/miic_partial_clean/normal/test_normal_01169.jpg,,0,0,448,448,rgb_repeat_v1,True,False
miic_partial_normal_test_normal_01170__x00000_y00000_s00448,miic_partial_normal_test_normal_01170,miic_partial,default,,SEM,train,good,data/dataverse_files_recovered/miic_partial_clean/normal/test_normal_01170.jpg,,0,0,448,448,rgb_repeat_v1,True,False
miic_partial_normal_test_normal_01171__x00000_y00000_s00448,miic_partial_normal_test_normal_01171,miic_partial,default,,SEM,train,good,data/dataverse_files_recovered/miic_partial_clean/normal/test_normal_01171.jpg,,0,0,448,448,rgb_repeat_v1,True,False
miic_partial_normal_test_normal_01172__x00000_y00000_s00448,miic_partial_normal_test_normal_01172,miic_partial,default,,SEM,validation,good,data/dataverse_files_recovered/miic_partial_clean/normal/test_normal_01172.jpg,,0,0,448,448,rgb_repeat_v1,False,False
miic_partial_normal_test_normal_01173__x00000_y00000_s00448,miic_partial_normal_test_normal_01173,miic_partial,default,,SEM,train,good,data/dataverse_files_recovered/miic_partial_clean/normal/test_normal_01173.jpg,,0,0,448,448,rgb_repeat_v1,True,False
miic_partial_normal_test_normal_01174__x00000_y00000_s00448,miic_partial_normal_test_normal_01174,miic_partial,default,,SEM,train,good,data/dataverse_files_recovered/miic_partial_clean/normal/test_normal_01174.jpg,,0,0,448,448,rgb_repeat_v1,True,False
miic_partial_normal_test_normal_01175__x00000_y00000_s00448,miic_partial_normal_test_normal_01175,miic_partial,default,,SEM,test,good,data/dataverse_files_recovered/miic_partial_clean/normal/test_normal_01175.jpg,,0,0,448,448,rgb_repeat_v1,False,False
miic_partial_normal_test_normal_01176__x00000_y00000_s00448,miic_partial_normal_test_normal_01176,miic_partial,default,,SEM,validation,good,data/dataverse_files_recovered/miic_partial_clean/normal/test_normal_01176.jpg,,0,0,448,448,rgb_repeat_v1,False,False
miic_partial_normal_test_normal_01177__x00000_y00000_s00448,miic_partial_normal_test_normal_01177,miic_partial,default,,SEM,test,good,data/dataverse_files_recovered/miic_partial_clean/normal/test_normal_01177.jpg,,0,0,448,448,rgb_repeat_v1,False,False
miic_partial_normal_test_normal_01178__x00000_y00000_s00448,miic_partial_normal_test_normal_01178,miic_partial,default,,SEM,validation,good,data/dataverse_files_recovered/miic_partial_clean/normal/test_normal_01178.jpg,,0,0,448,448,rgb_repeat_v1,False,False
miic_partial_normal_test_normal_01179__x00000_y00000_s00448,miic_partial_normal_test_normal_01179,miic_partial,default,,SEM,train,good,data/dataverse_files_recovered/miic_partial_clean/normal/test_normal_01179.jpg,,0,0,448,448,rgb_repeat_v1,True,False
miic_partial_normal_test_normal_01180__x00000_y00000_s00448,miic_partial_normal_test_normal_01180,miic_partial,default,,SEM,test,good,data/dataverse_files_recovered/miic_partial_clean/normal/test_normal_01180.jpg,,0,0,448,448,rgb_repeat_v1,False,False
miic_partial_normal_test_normal_01181__x00000_y00000_s00448,miic_partial_normal_test_normal_01181,miic_partial,default,,SEM,test,good,data/dataverse_files_recovered/miic_partial_clean/normal/test_normal_01181.jpg,,0,0,448,448,rgb_repeat_v1,False,False
miic_partial_normal_test_normal_01182__x00000_y00000_s00448,miic_partial_normal_test_normal_01182,miic_partial,default,,SEM,train,good,data/dataverse_files_recovered/miic_partial_clean/normal/test_normal_01182.jpg,,0,0,448,448,rgb_repeat_v1,True,False
miic_partial_normal_test_normal_01183__x00000_y00000_s00448,miic_partial_normal_test_normal_01183,miic_partial,default,,SEM,train,good,data/dataverse_files_recovered/miic_partial_clean/normal/test_normal_01183.jpg,,0,0,448,448,rgb_repeat_v1,True,False
miic_partial_normal_test_normal_01184__x00000_y00000_s00448,miic_partial_normal_test_normal_01184,miic_partial,default,,SEM,test,good,data/dataverse_files_recovered/miic_partial_clean/normal/test_normal_01184.jpg,,0,0,448,448,rgb_repeat_v1,False,False
miic_partial_normal_test_normal_01185__x00000_y00000_s00448,miic_partial_normal_test_normal_01185,miic_partial,default,,SEM,validation,good,data/dataverse_files_recovered/miic_partial_clean/normal/test_normal_01185.jpg,,0,0,448,448,rgb_repeat_v1,False,False
miic_partial_normal_test_normal_01186__x00000_y00000_s00448,miic_partial_normal_test_normal_01186,miic_partial,default,,SEM,validation,good,data/dataverse_files_recovered/miic_partial_clean/normal/test_normal_01186.jpg,,0,0,448,448,rgb_repeat_v1,False,False
miic_partial_normal_test_normal_01187__x00000_y00000_s00448,miic_partial_normal_test_normal_01187,miic_partial,default,,SEM,validation,good,data/dataverse_files_recovered/miic_partial_clean/normal/test_normal_01187.jpg,,0,0,448,448,rgb_repeat_v1,False,False
miic_partial_normal_test_normal_01188__x00000_y00000_s00448,miic_partial_normal_test_normal_01188,miic_partial,default,,SEM,test,good,data/dataverse_files_recovered/miic_partial_clean/normal/test_normal_01188.jpg,,0,0,448,448,rgb_repeat_v1,False,False
miic_partial_normal_test_normal_01189__x00000_y00000_s00448,miic_partial_normal_test_normal_01189,miic_partial,default,,SEM,train,good,data/dataverse_files_recovered/miic_partial_clean/normal/test_normal_01189.jpg,,0,0,448,448,rgb_repeat_v1,True,False
miic_partial_normal_test_normal_01190__x00000_y00000_s00448,miic_partial_normal_test_normal_01190,miic_partial,default,,SEM,train,good,data/dataverse_files_recovered/miic_partial_clean/normal/test_normal_01190.jpg,,0,0,448,448,rgb_repeat_v1,True,False
miic_partial_normal_test_normal_01191__x00000_y00000_s00448,miic_partial_normal_test_normal_01191,miic_partial,default,,SEM,train,good,data/dataverse_files_recovered/miic_partial_clean/normal/test_normal_01191.jpg,,0,0,448,448,rgb_repeat_v1,True,False
miic_partial_normal_test_normal_01192__x00000_y00000_s00448,miic_partial_normal_test_normal_01192,miic_partial,default,,SEM,test,good,data/dataverse_files_recovered/miic_partial_clean/normal/test_normal_01192.jpg,,0,0,448,448,rgb_repeat_v1,False,False
miic_partial_normal_test_normal_01193__x00000_y00000_s00448,miic_partial_normal_test_normal_01193,miic_partial,default,,SEM,train,good,data/dataverse_files_recovered/miic_partial_clean/normal/test_normal_01193.jpg,,0,0,448,448,rgb_repeat_v1,True,False
miic_partial_normal_test_normal_01194__x00000_y00000_s00448,miic_partial_normal_test_normal_01194,miic_partial,default,,SEM,test,good,data/dataverse_files_recovered/miic_partial_clean/normal/test_normal_01194.jpg,,0,0,448,448,rgb_repeat_v1,False,False
miic_partial_normal_test_normal_01195__x00000_y00000_s00448,miic_partial_normal_test_normal_01195,miic_partial,default,,SEM,test,good,data/dataverse_files_recovered/miic_partial_clean/normal/test_normal_01195.jpg,,0,0,448,448,rgb_repeat_v1,False,False
miic_partial_normal_test_normal_01196__x00000_y00000_s00448,miic_partial_normal_test_normal_01196,miic_partial,default,,SEM,test,good,data/dataverse_files_recovered/miic_partial_clean/normal/test_normal_01196.jpg,,0,0,448,448,rgb_repeat_v1,False,False
miic_partial_normal_test_normal_01197__x00000_y00000_s00448,miic_partial_normal_test_normal_01197,miic_partial,default,,SEM,train,good,data/dataverse_files_recovered/miic_partial_clean/normal/test_normal_01197.jpg,,0,0,448,448,rgb_repeat_v1,True,False
miic_partial_normal_test_normal_01198__x00000_y00000_s00448,miic_partial_normal_test_normal_01198,miic_partial,default,,SEM,test,good,data/dataverse_files_recovered/miic_partial_clean/normal/test_normal_01198.jpg,,0,0,448,448,rgb_repeat_v1,False,False
miic_partial_normal_test_normal_01199__x00000_y00000_s00448,miic_partial_normal_test_normal_01199,miic_partial,default,,SEM,train,good,data/dataverse_files_recovered/miic_partial_clean/normal/test_normal_01199.jpg,,0,0,448,448,rgb_repeat_v1,True,False
miic_partial_normal_test_normal_01200__x00000_y00000_s00448,miic_partial_normal_test_normal_01200,miic_partial,default,,SEM,train,good,data/dataverse_files_recovered/miic_partial_clean/normal/test_normal_01200.jpg,,0,0,448,448,rgb_repeat_v1,True,False
miic_partial_normal_test_normal_01201__x00000_y00000_s00448,miic_partial_normal_test_normal_01201,miic_partial,default,,SEM,test,good,data/dataverse_files_recovered/miic_partial_clean/normal/test_normal_01201.jpg,,0,0,448,448,rgb_repeat_v1,False,False
miic_partial_normal_test_normal_01202__x00000_y00000_s00448,miic_partial_normal_test_normal_01202,miic_partial,default,,SEM,train,good,data/dataverse_files_recovered/miic_partial_clean/normal/test_normal_01202.jpg,,0,0,448,448,rgb_repeat_v1,True,False
miic_partial_normal_test_normal_01203__x00000_y00000_s00448,miic_partial_normal_test_normal_01203,miic_partial,default,,SEM,train,good,data/dataverse_files_recovered/miic_partial_clean/normal/test_normal_01203.jpg,,0,0,448,448,rgb_repeat_v1,True,False
miic_partial_normal_test_normal_01204__x00000_y00000_s00448,miic_partial_normal_test_normal_01204,miic_partial,default,,SEM,test,good,data/dataverse_files_recovered/miic_partial_clean/normal/test_normal_01204.jpg,,0,0,448,448,rgb_repeat_v1,False,False
miic_partial_normal_test_normal_01205__x00000_y00000_s00448,miic_partial_normal_test_normal_01205,miic_partial,default,,SEM,train,good,data/dataverse_files_recovered/miic_partial_clean/normal/test_normal_01205.jpg,,0,0,448,448,rgb_repeat_v1,True,False
miic_partial_normal_test_normal_01206__x00000_y00000_s00448,miic_partial_normal_test_normal_01206,miic_partial,default,,SEM,validation,good,data/dataverse_files_recovered/miic_partial_clean/normal/test_normal_01206.jpg,,0,0,448,448,rgb_repeat_v1,False,False
miic_partial_normal_test_normal_01207__x00000_y00000_s00448,miic_partial_normal_test_normal_01207,miic_partial,default,,SEM,train,good,data/dataverse_files_recovered/miic_partial_clean/normal/test_normal_01207.jpg,,0,0,448,448,rgb_repeat_v1,True,False
miic_partial_normal_test_normal_01208__x00000_y00000_s00448,miic_partial_normal_test_normal_01208,miic_partial,default,,SEM,test,good,data/dataverse_files_recovered/miic_partial_clean/normal/test_normal_01208.jpg,,0,0,448,448,rgb_repeat_v1,False,False
miic_partial_normal_test_normal_01209__x00000_y00000_s00448,miic_partial_normal_test_normal_01209,miic_partial,default,,SEM,train,good,data/dataverse_files_recovered/miic_partial_clean/normal/test_normal_01209.jpg,,0,0,448,448,rgb_repeat_v1,True,False
miic_partial_normal_test_normal_01210__x00000_y00000_s00448,miic_partial_normal_test_normal_01210,miic_partial,default,,SEM,train,good,data/dataverse_files_recovered/miic_partial_clean/normal/test_normal_01210.jpg,,0,0,448,448,rgb_repeat_v1,True,False
miic_partial_normal_test_normal_01211__x00000_y00000_s00448,miic_partial_normal_test_normal_01211,miic_partial,default,,SEM,train,good,data/dataverse_files_recovered/miic_partial_clean/normal/test_normal_01211.jpg,,0,0,448,448,rgb_repeat_v1,True,False
miic_partial_normal_test_normal_01212__x00000_y00000_s00448,miic_partial_normal_test_normal_01212,miic_partial,default,,SEM,train,good,data/dataverse_files_recovered/miic_partial_clean/normal/test_normal_01212.jpg,,0,0,448,448,rgb_repeat_v1,True,False
miic_partial_normal_test_normal_01213__x00000_y00000_s00448,miic_partial_normal_test_normal_01213,miic_partial,default,,SEM,train,good,data/dataverse_files_recovered/miic_partial_clean/normal/test_normal_01213.jpg,,0,0,448,448,rgb_repeat_v1,True,False
miic_partial_normal_test_normal_01214__x00000_y00000_s00448,miic_partial_normal_test_normal_01214,miic_partial,default,,SEM,train,good,data/dataverse_files_recovered/miic_partial_clean/normal/test_normal_01214.jpg,,0,0,448,448,rgb_repeat_v1,True,False
miic_partial_normal_test_normal_01215__x00000_y00000_s00448,miic_partial_normal_test_normal_01215,miic_partial,default,,SEM,validation,good,data/dataverse_files_recovered/miic_partial_clean/normal/test_normal_01215.jpg,,0,0,448,448,rgb_repeat_v1,False,False
miic_partial_normal_test_normal_01216__x00000_y00000_s00448,miic_partial_normal_test_normal_01216,miic_partial,default,,SEM,validation,good,data/dataverse_files_recovered/miic_partial_clean/normal/test_normal_01216.jpg,,0,0,448,448,rgb_repeat_v1,False,False
miic_partial_normal_test_normal_01217__x00000_y00000_s00448,miic_partial_normal_test_normal_01217,miic_partial,default,,SEM,test,good,data/dataverse_files_recovered/miic_partial_clean/normal/test_normal_01217.jpg,,0,0,448,448,rgb_repeat_v1,False,False
miic_partial_normal_test_normal_01218__x00000_y00000_s00448,miic_partial_normal_test_normal_01218,miic_partial,default,,SEM,train,good,data/dataverse_files_recovered/miic_partial_clean/normal/test_normal_01218.jpg,,0,0,448,448,rgb_repeat_v1,True,False
miic_partial_normal_test_normal_01219__x00000_y00000_s00448,miic_partial_normal_test_normal_01219,miic_partial,default,,SEM,test,good,data/dataverse_files_recovered/miic_partial_clean/normal/test_normal_01219.jpg,,0,0,448,448,rgb_repeat_v1,False,False
miic_partial_normal_test_normal_01220__x00000_y00000_s00448,miic_partial_normal_test_normal_01220,miic_partial,default,,SEM,train,good,data/dataverse_files_recovered/miic_partial_clean/normal/test_normal_01220.jpg,,0,0,448,448,rgb_repeat_v1,True,False
miic_partial_normal_test_normal_01221__x00000_y00000_s00448,miic_partial_normal_test_normal_01221,miic_partial,default,,SEM,test,good,data/dataverse_files_recovered/miic_partial_clean/normal/test_normal_01221.jpg,,0,0,448,448,rgb_repeat_v1,False,False
miic_partial_normal_test_normal_01222__x00000_y00000_s00448,miic_partial_normal_test_normal_01222,miic_partial,default,,SEM,validation,good,data/dataverse_files_recovered/miic_partial_clean/normal/test_normal_01222.jpg,,0,0,448,448,rgb_repeat_v1,False,False
miic_partial_normal_test_normal_01223__x00000_y00000_s00448,miic_partial_normal_test_normal_01223,miic_partial,default,,SEM,train,good,data/dataverse_files_recovered/miic_partial_clean/normal/test_normal_01223.jpg,,0,0,448,448,rgb_repeat_v1,True,False
miic_partial_normal_test_normal_01224__x00000_y00000_s00448,miic_partial_normal_test_normal_01224,miic_partial,default,,SEM,train,good,data/dataverse_files_recovered/miic_partial_clean/normal/test_normal_01224.jpg,,0,0,448,448,rgb_repeat_v1,True,False
miic_partial_normal_test_normal_01225__x00000_y00000_s00448,miic_partial_normal_test_normal_01225,miic_partial,default,,SEM,test,good,data/dataverse_files_recovered/miic_partial_clean/normal/test_normal_01225.jpg,,0,0,448,448,rgb_repeat_v1,False,False
miic_partial_normal_test_normal_01226__x00000_y00000_s00448,miic_partial_normal_test_normal_01226,miic_partial,default,,SEM,validation,good,data/dataverse_files_recovered/miic_partial_clean/normal/test_normal_01226.jpg,,0,0,448,448,rgb_repeat_v1,False,False
miic_partial_normal_test_normal_01227__x00000_y00000_s00448,miic_partial_normal_test_normal_01227,miic_partial,default,,SEM,train,good,data/dataverse_files_recovered/miic_partial_clean/normal/test_normal_01227.jpg,,0,0,448,448,rgb_repeat_v1,True,False
miic_partial_normal_test_normal_01228__x00000_y00000_s00448,miic_partial_normal_test_normal_01228,miic_partial,default,,SEM,train,good,data/dataverse_files_recovered/miic_partial_clean/normal/test_normal_01228.jpg,,0,0,448,448,rgb_repeat_v1,True,False
miic_partial_normal_test_normal_01229__x00000_y00000_s00448,miic_partial_normal_test_normal_01229,miic_partial,default,,SEM,validation,good,data/dataverse_files_recovered/miic_partial_clean/normal/test_normal_01229.jpg,,0,0,448,448,rgb_repeat_v1,False,False
miic_partial_normal_test_normal_01230__x00000_y00000_s00448,miic_partial_normal_test_normal_01230,miic_partial,default,,SEM,train,good,data/dataverse_files_recovered/miic_partial_clean/normal/test_normal_01230.jpg,,0,0,448,448,rgb_repeat_v1,True,False
miic_partial_normal_test_normal_01231__x00000_y00000_s00448,miic_partial_normal_test_normal_01231,miic_partial,default,,SEM,test,good,data/dataverse_files_recovered/miic_partial_clean/normal/test_normal_01231.jpg,,0,0,448,448,rgb_repeat_v1,False,False
miic_partial_normal_test_normal_01232__x00000_y00000_s00448,miic_partial_normal_test_normal_01232,miic_partial,default,,SEM,validation,good,data/dataverse_files_recovered/miic_partial_clean/normal/test_normal_01232.jpg,,0,0,448,448,rgb_repeat_v1,False,False
miic_partial_normal_test_normal_01233__x00000_y00000_s00448,miic_partial_normal_test_normal_01233,miic_partial,default,,SEM,train,good,data/dataverse_files_recovered/miic_partial_clean/normal/test_normal_01233.jpg,,0,0,448,448,rgb_repeat_v1,True,False
miic_partial_normal_test_normal_01234__x00000_y00000_s00448,miic_partial_normal_test_normal_01234,miic_partial,default,,SEM,test,good,data/dataverse_files_recovered/miic_partial_clean/normal/test_normal_01234.jpg,,0,0,448,448,rgb_repeat_v1,False,False
miic_partial_normal_test_normal_01235__x00000_y00000_s00448,miic_partial_normal_test_normal_01235,miic_partial,default,,SEM,train,good,data/dataverse_files_recovered/miic_partial_clean/normal/test_normal_01235.jpg,,0,0,448,448,rgb_repeat_v1,True,False
miic_partial_normal_test_normal_01236__x00000_y00000_s00448,miic_partial_normal_test_normal_01236,miic_partial,default,,SEM,validation,good,data/dataverse_files_recovered/miic_partial_clean/normal/test_normal_01236.jpg,,0,0,448,448,rgb_repeat_v1,False,False
miic_partial_normal_test_normal_01237__x00000_y00000_s00448,miic_partial_normal_test_normal_01237,miic_partial,default,,SEM,test,good,data/dataverse_files_recovered/miic_partial_clean/normal/test_normal_01237.jpg,,0,0,448,448,rgb_repeat_v1,False,False
miic_partial_normal_test_normal_01238__x00000_y00000_s00448,miic_partial_normal_test_normal_01238,miic_partial,default,,SEM,train,good,data/dataverse_files_recovered/miic_partial_clean/normal/test_normal_01238.jpg,,0,0,448,448,rgb_repeat_v1,True,False
miic_partial_normal_test_normal_01239__x00000_y00000_s00448,miic_partial_normal_test_normal_01239,miic_partial,default,,SEM,test,good,data/dataverse_files_recovered/miic_partial_clean/normal/test_normal_01239.jpg,,0,0,448,448,rgb_repeat_v1,False,False
miic_partial_normal_test_normal_01240__x00000_y00000_s00448,miic_partial_normal_test_normal_01240,miic_partial,default,,SEM,validation,good,data/dataverse_files_recovered/miic_partial_clean/normal/test_normal_01240.jpg,,0,0,448,448,rgb_repeat_v1,False,False
miic_partial_normal_test_normal_01241__x00000_y00000_s00448,miic_partial_normal_test_normal_01241,miic_partial,default,,SEM,validation,good,data/dataverse_files_recovered/miic_partial_clean/normal/test_normal_01241.jpg,,0,0,448,448,rgb_repeat_v1,False,False
miic_partial_normal_test_normal_01242__x00000_y00000_s00448,miic_partial_normal_test_normal_01242,miic_partial,default,,SEM,train,good,data/dataverse_files_recovered/miic_partial_clean/normal/test_normal_01242.jpg,,0,0,448,448,rgb_repeat_v1,True,False
miic_partial_normal_test_normal_01243__x00000_y00000_s00448,miic_partial_normal_test_normal_01243,miic_partial,default,,SEM,test,good,data/dataverse_files_recovered/miic_partial_clean/normal/test_normal_01243.jpg,,0,0,448,448,rgb_repeat_v1,False,False
miic_partial_normal_test_normal_01244__x00000_y00000_s00448,miic_partial_normal_test_normal_01244,miic_partial,default,,SEM,validation,good,data/dataverse_files_recovered/miic_partial_clean/normal/test_normal_01244.jpg,,0,0,448,448,rgb_repeat_v1,False,False
miic_partial_normal_test_normal_01245__x00000_y00000_s00448,miic_partial_normal_test_normal_01245,miic_partial,default,,SEM,train,good,data/dataverse_files_recovered/miic_partial_clean/normal/test_normal_01245.jpg,,0,0,448,448,rgb_repeat_v1,True,False
miic_partial_normal_test_normal_01246__x00000_y00000_s00448,miic_partial_normal_test_normal_01246,miic_partial,default,,SEM,test,good,data/dataverse_files_recovered/miic_partial_clean/normal/test_normal_01246.jpg,,0,0,448,448,rgb_repeat_v1,False,False
miic_partial_normal_test_normal_01247__x00000_y00000_s00448,miic_partial_normal_test_normal_01247,miic_partial,default,,SEM,validation,good,data/dataverse_files_recovered/miic_partial_clean/normal/test_normal_01247.jpg,,0,0,448,448,rgb_repeat_v1,False,False
miic_partial_normal_test_normal_01248__x00000_y00000_s00448,miic_partial_normal_test_normal_01248,miic_partial,default,,SEM,train,good,data/dataverse_files_recovered/miic_partial_clean/normal/test_normal_01248.jpg,,0,0,448,448,rgb_repeat_v1,True,False
miic_partial_normal_test_normal_01249__x00000_y00000_s00448,miic_partial_normal_test_normal_01249,miic_partial,default,,SEM,validation,good,data/dataverse_files_recovered/miic_partial_clean/normal/test_normal_01249.jpg,,0,0,448,448,rgb_repeat_v1,False,False
miic_partial_normal_test_normal_01250__x00000_y00000_s00448,miic_partial_normal_test_normal_01250,miic_partial,default,,SEM,train,good,data/dataverse_files_recovered/miic_partial_clean/normal/test_normal_01250.jpg,,0,0,448,448,rgb_repeat_v1,True,False
miic_partial_normal_test_normal_01251__x00000_y00000_s00448,miic_partial_normal_test_normal_01251,miic_partial,default,,SEM,validation,good,data/dataverse_files_recovered/miic_partial_clean/normal/test_normal_01251.jpg,,0,0,448,448,rgb_repeat_v1,False,False
miic_partial_normal_test_normal_01252__x00000_y00000_s00448,miic_partial_normal_test_normal_01252,miic_partial,default,,SEM,test,good,data/dataverse_files_recovered/miic_partial_clean/normal/test_normal_01252.jpg,,0,0,448,448,rgb_repeat_v1,False,False
miic_partial_normal_test_normal_01253__x00000_y00000_s00448,miic_partial_normal_test_normal_01253,miic_partial,default,,SEM,test,good,data/dataverse_files_recovered/miic_partial_clean/normal/test_normal_01253.jpg,,0,0,448,448,rgb_repeat_v1,False,False
miic_partial_normal_test_normal_01254__x00000_y00000_s00448,miic_partial_normal_test_normal_01254,miic_partial,default,,SEM,train,good,data/dataverse_files_recovered/miic_partial_clean/normal/test_normal_01254.jpg,,0,0,448,448,rgb_repeat_v1,True,False
miic_partial_normal_test_normal_01255__x00000_y00000_s00448,miic_partial_normal_test_normal_01255,miic_partial,default,,SEM,validation,good,data/dataverse_files_recovered/miic_partial_clean/normal/test_normal_01255.jpg,,0,0,448,448,rgb_repeat_v1,False,False
miic_partial_normal_test_normal_01256__x00000_y00000_s00448,miic_partial_normal_test_normal_01256,miic_partial,default,,SEM,train,good,data/dataverse_files_recovered/miic_partial_clean/normal/test_normal_01256.jpg,,0,0,448,448,rgb_repeat_v1,True,False
miic_partial_normal_test_normal_01257__x00000_y00000_s00448,miic_partial_normal_test_normal_01257,miic_partial,default,,SEM,test,good,data/dataverse_files_recovered/miic_partial_clean/normal/test_normal_01257.jpg,,0,0,448,448,rgb_repeat_v1,False,False
miic_partial_normal_test_normal_01258__x00000_y00000_s00448,miic_partial_normal_test_normal_01258,miic_partial,default,,SEM,validation,good,data/dataverse_files_recovered/miic_partial_clean/normal/test_normal_01258.jpg,,0,0,448,448,rgb_repeat_v1,False,False
miic_partial_normal_test_normal_01259__x00000_y00000_s00448,miic_partial_normal_test_normal_01259,miic_partial,default,,SEM,train,good,data/dataverse_files_recovered/miic_partial_clean/normal/test_normal_01259.jpg,,0,0,448,448,rgb_repeat_v1,True,False
miic_partial_normal_test_normal_01260__x00000_y00000_s00448,miic_partial_normal_test_normal_01260,miic_partial,default,,SEM,validation,good,data/dataverse_files_recovered/miic_partial_clean/normal/test_normal_01260.jpg,,0,0,448,448,rgb_repeat_v1,False,False
miic_partial_normal_test_normal_01261__x00000_y00000_s00448,miic_partial_normal_test_normal_01261,miic_partial,default,,SEM,test,good,data/dataverse_files_recovered/miic_partial_clean/normal/test_normal_01261.jpg,,0,0,448,448,rgb_repeat_v1,False,False
miic_partial_normal_test_normal_01262__x00000_y00000_s00448,miic_partial_normal_test_normal_01262,miic_partial,default,,SEM,train,good,data/dataverse_files_recovered/miic_partial_clean/normal/test_normal_01262.jpg,,0,0,448,448,rgb_repeat_v1,True,False
miic_partial_normal_test_normal_01263__x00000_y00000_s00448,miic_partial_normal_test_normal_01263,miic_partial,default,,SEM,validation,good,data/dataverse_files_recovered/miic_partial_clean/normal/test_normal_01263.jpg,,0,0,448,448,rgb_repeat_v1,False,False
miic_partial_normal_test_normal_01264__x00000_y00000_s00448,miic_partial_normal_test_normal_01264,miic_partial,default,,SEM,train,good,data/dataverse_files_recovered/miic_partial_clean/normal/test_normal_01264.jpg,,0,0,448,448,rgb_repeat_v1,True,False
miic_partial_normal_test_normal_01265__x00000_y00000_s00448,miic_partial_normal_test_normal_01265,miic_partial,default,,SEM,validation,good,data/dataverse_files_recovered/miic_partial_clean/normal/test_normal_01265.jpg,,0,0,448,448,rgb_repeat_v1,False,False
miic_partial_normal_test_normal_01266__x00000_y00000_s00448,miic_partial_normal_test_normal_01266,miic_partial,default,,SEM,train,good,data/dataverse_files_recovered/miic_partial_clean/normal/test_normal_01266.jpg,,0,0,448,448,rgb_repeat_v1,True,False
miic_partial_normal_test_normal_01267__x00000_y00000_s00448,miic_partial_normal_test_normal_01267,miic_partial,default,,SEM,train,good,data/dataverse_files_recovered/miic_partial_clean/normal/test_normal_01267.jpg,,0,0,448,448,rgb_repeat_v1,True,False
miic_partial_normal_test_normal_01268__x00000_y00000_s00448,miic_partial_normal_test_normal_01268,miic_partial,default,,SEM,train,good,data/dataverse_files_recovered/miic_partial_clean/normal/test_normal_01268.jpg,,0,0,448,448,rgb_repeat_v1,True,False
miic_partial_normal_test_normal_01269__x00000_y00000_s00448,miic_partial_normal_test_normal_01269,miic_partial,default,,SEM,train,good,data/dataverse_files_recovered/miic_partial_clean/normal/test_normal_01269.jpg,,0,0,448,448,rgb_repeat_v1,True,False
miic_partial_normal_test_normal_01270__x00000_y00000_s00448,miic_partial_normal_test_normal_01270,miic_partial,default,,SEM,validation,good,data/dataverse_files_recovered/miic_partial_clean/normal/test_normal_01270.jpg,,0,0,448,448,rgb_repeat_v1,False,False
miic_partial_normal_test_normal_01271__x00000_y00000_s00448,miic_partial_normal_test_normal_01271,miic_partial,default,,SEM,validation,good,data/dataverse_files_recovered/miic_partial_clean/normal/test_normal_01271.jpg,,0,0,448,448,rgb_repeat_v1,False,False
miic_partial_normal_test_normal_01272__x00000_y00000_s00448,miic_partial_normal_test_normal_01272,miic_partial,default,,SEM,train,good,data/dataverse_files_recovered/miic_partial_clean/normal/test_normal_01272.jpg,,0,0,448,448,rgb_repeat_v1,True,False
miic_partial_normal_train_normal_00001__x00000_y00000_s00448,miic_partial_normal_train_normal_00001,miic_partial,default,,SEM,train,good,data/dataverse_files_recovered/miic_partial_clean/normal/train_normal_00001.jpg,,0,0,448,448,rgb_repeat_v1,True,False
miic_partial_normal_train_normal_00002__x00000_y00000_s00448,miic_partial_normal_train_normal_00002,miic_partial,default,,SEM,train,good,data/dataverse_files_recovered/miic_partial_clean/normal/train_normal_00002.jpg,,0,0,448,448,rgb_repeat_v1,True,False
miic_partial_normal_train_normal_00003__x00000_y00000_s00448,miic_partial_normal_train_normal_00003,miic_partial,default,,SEM,train,good,data/dataverse_files_recovered/miic_partial_clean/normal/train_normal_00003.jpg,,0,0,448,448,rgb_repeat_v1,True,False
miic_partial_normal_train_normal_00004__x00000_y00000_s00448,miic_partial_normal_train_normal_00004,miic_partial,default,,SEM,validation,good,data/dataverse_files_recovered/miic_partial_clean/normal/train_normal_00004.jpg,,0,0,448,448,rgb_repeat_v1,False,False
miic_partial_normal_train_normal_00005__x00000_y00000_s00448,miic_partial_normal_train_normal_00005,miic_partial,default,,SEM,test,good,data/dataverse_files_recovered/miic_partial_clean/normal/train_normal_00005.jpg,,0,0,448,448,rgb_repeat_v1,False,False
miic_partial_normal_train_normal_00006__x00000_y00000_s00448,miic_partial_normal_train_normal_00006,miic_partial,default,,SEM,test,good,data/dataverse_files_recovered/miic_partial_clean/normal/train_normal_00006.jpg,,0,0,448,448,rgb_repeat_v1,False,False
miic_partial_normal_train_normal_00007__x00000_y00000_s00448,miic_partial_normal_train_normal_00007,miic_partial,default,,SEM,train,good,data/dataverse_files_recovered/miic_partial_clean/normal/train_normal_00007.jpg,,0,0,448,448,rgb_repeat_v1,True,False
miic_partial_normal_train_normal_00008__x00000_y00000_s00448,miic_partial_normal_train_normal_00008,miic_partial,default,,SEM,validation,good,data/dataverse_files_recovered/miic_partial_clean/normal/train_normal_00008.jpg,,0,0,448,448,rgb_repeat_v1,False,False
miic_partial_normal_train_normal_00009__x00000_y00000_s00448,miic_partial_normal_train_normal_00009,miic_partial,default,,SEM,train,good,data/dataverse_files_recovered/miic_partial_clean/normal/train_normal_00009.jpg,,0,0,448,448,rgb_repeat_v1,True,False
miic_partial_normal_train_normal_00010__x00000_y00000_s00448,miic_partial_normal_train_normal_00010,miic_partial,default,,SEM,train,good,data/dataverse_files_recovered/miic_partial_clean/normal/train_normal_00010.jpg,,0,0,448,448,rgb_repeat_v1,True,False
miic_partial_normal_train_normal_00011__x00000_y00000_s00448,miic_partial_normal_train_normal_00011,miic_partial,default,,SEM,train,good,data/dataverse_files_recovered/miic_partial_clean/normal/train_normal_00011.jpg,,0,0,448,448,rgb_repeat_v1,True,False
miic_partial_normal_train_normal_00012__x00000_y00000_s00448,miic_partial_normal_train_normal_00012,miic_partial,default,,SEM,validation,good,data/dataverse_files_recovered/miic_partial_clean/normal/train_normal_00012.jpg,,0,0,448,448,rgb_repeat_v1,False,False
miic_partial_normal_train_normal_00013__x00000_y00000_s00448,miic_partial_normal_train_normal_00013,miic_partial,default,,SEM,train,good,data/dataverse_files_recovered/miic_partial_clean/normal/train_normal_00013.jpg,,0,0,448,448,rgb_repeat_v1,True,False
miic_partial_normal_train_normal_00014__x00000_y00000_s00448,miic_partial_normal_train_normal_00014,miic_partial,default,,SEM,test,good,data/dataverse_files_recovered/miic_partial_clean/normal/train_normal_00014.jpg,,0,0,448,448,rgb_repeat_v1,False,False
miic_partial_normal_train_normal_00015__x00000_y00000_s00448,miic_partial_normal_train_normal_00015,miic_partial,default,,SEM,train,good,data/dataverse_files_recovered/miic_partial_clean/normal/train_normal_00015.jpg,,0,0,448,448,rgb_repeat_v1,True,False
miic_partial_normal_train_normal_00016__x00000_y00000_s00448,miic_partial_normal_train_normal_00016,miic_partial,default,,SEM,test,good,data/dataverse_files_recovered/miic_partial_clean/normal/train_normal_00016.jpg,,0,0,448,448,rgb_repeat_v1,False,False
miic_partial_normal_train_normal_00017__x00000_y00000_s00448,miic_partial_normal_train_normal_00017,miic_partial,default,,SEM,validation,good,data/dataverse_files_recovered/miic_partial_clean/normal/train_normal_00017.jpg,,0,0,448,448,rgb_repeat_v1,False,False
miic_partial_normal_train_normal_00018__x00000_y00000_s00448,miic_partial_normal_train_normal_00018,miic_partial,default,,SEM,train,good,data/dataverse_files_recovered/miic_partial_clean/normal/train_normal_00018.jpg,,0,0,448,448,rgb_repeat_v1,True,False
miic_partial_normal_train_normal_00019__x00000_y00000_s00448,miic_partial_normal_train_normal_00019,miic_partial,default,,SEM,test,good,data/dataverse_files_recovered/miic_partial_clean/normal/train_normal_00019.jpg,,0,0,448,448,rgb_repeat_v1,False,False
miic_partial_normal_train_normal_00020__x00000_y00000_s00448,miic_partial_normal_train_normal_00020,miic_partial,default,,SEM,train,good,data/dataverse_files_recovered/miic_partial_clean/normal/train_normal_00020.jpg,,0,0,448,448,rgb_repeat_v1,True,False
miic_partial_normal_train_normal_00021__x00000_y00000_s00448,miic_partial_normal_train_normal_00021,miic_partial,default,,SEM,test,good,data/dataverse_files_recovered/miic_partial_clean/normal/train_normal_00021.jpg,,0,0,448,448,rgb_repeat_v1,False,False
miic_partial_normal_train_normal_00022__x00000_y00000_s00448,miic_partial_normal_train_normal_00022,miic_partial,default,,SEM,test,good,data/dataverse_files_recovered/miic_partial_clean/normal/train_normal_00022.jpg,,0,0,448,448,rgb_repeat_v1,False,False
miic_partial_normal_train_normal_00023__x00000_y00000_s00448,miic_partial_normal_train_normal_00023,miic_partial,default,,SEM,train,good,data/dataverse_files_recovered/miic_partial_clean/normal/train_normal_00023.jpg,,0,0,448,448,rgb_repeat_v1,True,False
miic_partial_normal_train_normal_00024__x00000_y00000_s00448,miic_partial_normal_train_normal_00024,miic_partial,default,,SEM,train,good,data/dataverse_files_recovered/miic_partial_clean/normal/train_normal_00024.jpg,,0,0,448,448,rgb_repeat_v1,True,False
miic_partial_normal_train_normal_00025__x00000_y00000_s00448,miic_partial_normal_train_normal_00025,miic_partial,default,,SEM,train,good,data/dataverse_files_recovered/miic_partial_clean/normal/train_normal_00025.jpg,,0,0,448,448,rgb_repeat_v1,True,False
miic_partial_normal_train_normal_00026__x00000_y00000_s00448,miic_partial_normal_train_normal_00026,miic_partial,default,,SEM,test,good,data/dataverse_files_recovered/miic_partial_clean/normal/train_normal_00026.jpg,,0,0,448,448,rgb_repeat_v1,False,False
miic_partial_normal_train_normal_00027__x00000_y00000_s00448,miic_partial_normal_train_normal_00027,miic_partial,default,,SEM,validation,good,data/dataverse_files_recovered/miic_partial_clean/normal/train_normal_00027.jpg,,0,0,448,448,rgb_repeat_v1,False,False
miic_partial_normal_train_normal_00028__x00000_y00000_s00448,miic_partial_normal_train_normal_00028,miic_partial,default,,SEM,test,good,data/dataverse_files_recovered/miic_partial_clean/normal/train_normal_00028.jpg,,0,0,448,448,rgb_repeat_v1,False,False
miic_partial_normal_train_normal_00029__x00000_y00000_s00448,miic_partial_normal_train_normal_00029,miic_partial,default,,SEM,train,good,data/dataverse_files_recovered/miic_partial_clean/normal/train_normal_00029.jpg,,0,0,448,448,rgb_repeat_v1,True,False
miic_partial_normal_train_normal_00030__x00000_y00000_s00448,miic_partial_normal_train_normal_00030,miic_partial,default,,SEM,train,good,data/dataverse_files_recovered/miic_partial_clean/normal/train_normal_00030.jpg,,0,0,448,448,rgb_repeat_v1,True,False
miic_partial_normal_train_normal_00031__x00000_y00000_s00448,miic_partial_normal_train_normal_00031,miic_partial,default,,SEM,test,good,data/dataverse_files_recovered/miic_partial_clean/normal/train_normal_00031.jpg,,0,0,448,448,rgb_repeat_v1,False,False
miic_partial_normal_train_normal_00032__x00000_y00000_s00448,miic_partial_normal_train_normal_00032,miic_partial,default,,SEM,validation,good,data/dataverse_files_recovered/miic_partial_clean/normal/train_normal_00032.jpg,,0,0,448,448,rgb_repeat_v1,False,False
miic_partial_normal_train_normal_00033__x00000_y00000_s00448,miic_partial_normal_train_normal_00033,miic_partial,default,,SEM,validation,good,data/dataverse_files_recovered/miic_partial_clean/normal/train_normal_00033.jpg,,0,0,448,448,rgb_repeat_v1,False,False
miic_partial_normal_train_normal_00034__x00000_y00000_s00448,miic_partial_normal_train_normal_00034,miic_partial,default,,SEM,test,good,data/dataverse_files_recovered/miic_partial_clean/normal/train_normal_00034.jpg,,0,0,448,448,rgb_repeat_v1,False,False
miic_partial_normal_train_normal_00035__x00000_y00000_s00448,miic_partial_normal_train_normal_00035,miic_partial,default,,SEM,validation,good,data/dataverse_files_recovered/miic_partial_clean/normal/train_normal_00035.jpg,,0,0,448,448,rgb_repeat_v1,False,False
miic_partial_normal_train_normal_00036__x00000_y00000_s00448,miic_partial_normal_train_normal_00036,miic_partial,default,,SEM,train,good,data/dataverse_files_recovered/miic_partial_clean/normal/train_normal_00036.jpg,,0,0,448,448,rgb_repeat_v1,True,False
miic_partial_normal_train_normal_00037__x00000_y00000_s00448,miic_partial_normal_train_normal_00037,miic_partial,default,,SEM,train,good,data/dataverse_files_recovered/miic_partial_clean/normal/train_normal_00037.jpg,,0,0,448,448,rgb_repeat_v1,True,False
miic_partial_normal_train_normal_00038__x00000_y00000_s00448,miic_partial_normal_train_normal_00038,miic_partial,default,,SEM,train,good,data/dataverse_files_recovered/miic_partial_clean/normal/train_normal_00038.jpg,,0,0,448,448,rgb_repeat_v1,True,False
miic_partial_normal_train_normal_00039__x00000_y00000_s00448,miic_partial_normal_train_normal_00039,miic_partial,default,,SEM,test,good,data/dataverse_files_recovered/miic_partial_clean/normal/train_normal_00039.jpg,,0,0,448,448,rgb_repeat_v1,False,False
miic_partial_normal_train_normal_00040__x00000_y00000_s00448,miic_partial_normal_train_normal_00040,miic_partial,default,,SEM,test,good,data/dataverse_files_recovered/miic_partial_clean/normal/train_normal_00040.jpg,,0,0,448,448,rgb_repeat_v1,False,False
miic_partial_normal_train_normal_00041__x00000_y00000_s00448,miic_partial_normal_train_normal_00041,miic_partial,default,,SEM,train,good,data/dataverse_files_recovered/miic_partial_clean/normal/train_normal_00041.jpg,,0,0,448,448,rgb_repeat_v1,True,False
miic_partial_normal_train_normal_00042__x00000_y00000_s00448,miic_partial_normal_train_normal_00042,miic_partial,default,,SEM,train,good,data/dataverse_files_recovered/miic_partial_clean/normal/train_normal_00042.jpg,,0,0,448,448,rgb_repeat_v1,True,False
miic_partial_normal_train_normal_00043__x00000_y00000_s00448,miic_partial_normal_train_normal_00043,miic_partial,default,,SEM,validation,good,data/dataverse_files_recovered/miic_partial_clean/normal/train_normal_00043.jpg,,0,0,448,448,rgb_repeat_v1,False,False
miic_partial_normal_train_normal_00044__x00000_y00000_s00448,miic_partial_normal_train_normal_00044,miic_partial,default,,SEM,train,good,data/dataverse_files_recovered/miic_partial_clean/normal/train_normal_00044.jpg,,0,0,448,448,rgb_repeat_v1,True,False
miic_partial_normal_train_normal_00045__x00000_y00000_s00448,miic_partial_normal_train_normal_00045,miic_partial,default,,SEM,train,good,data/dataverse_files_recovered/miic_partial_clean/normal/train_normal_00045.jpg,,0,0,448,448,rgb_repeat_v1,True,False
miic_partial_normal_train_normal_00046__x00000_y00000_s00448,miic_partial_normal_train_normal_00046,miic_partial,default,,SEM,train,good,data/dataverse_files_recovered/miic_partial_clean/normal/train_normal_00046.jpg,,0,0,448,448,rgb_repeat_v1,True,False
miic_partial_normal_train_normal_00047__x00000_y00000_s00448,miic_partial_normal_train_normal_00047,miic_partial,default,,SEM,test,good,data/dataverse_files_recovered/miic_partial_clean/normal/train_normal_00047.jpg,,0,0,448,448,rgb_repeat_v1,False,False
miic_partial_normal_train_normal_00048__x00000_y00000_s00448,miic_partial_normal_train_normal_00048,miic_partial,default,,SEM,train,good,data/dataverse_files_recovered/miic_partial_clean/normal/train_normal_00048.jpg,,0,0,448,448,rgb_repeat_v1,True,False
miic_partial_normal_train_normal_00049__x00000_y00000_s00448,miic_partial_normal_train_normal_00049,miic_partial,default,,SEM,test,good,data/dataverse_files_recovered/miic_partial_clean/normal/train_normal_00049.jpg,,0,0,448,448,rgb_repeat_v1,False,False
miic_partial_normal_train_normal_00050__x00000_y00000_s00448,miic_partial_normal_train_normal_00050,miic_partial,default,,SEM,train,good,data/dataverse_files_recovered/miic_partial_clean/normal/train_normal_00050.jpg,,0,0,448,448,rgb_repeat_v1,True,False
miic_partial_normal_train_normal_00051__x00000_y00000_s00448,miic_partial_normal_train_normal_00051,miic_partial,default,,SEM,validation,good,data/dataverse_files_recovered/miic_partial_clean/normal/train_normal_00051.jpg,,0,0,448,448,rgb_repeat_v1,False,False
miic_partial_normal_train_normal_00052__x00000_y00000_s00448,miic_partial_normal_train_normal_00052,miic_partial,default,,SEM,train,good,data/dataverse_files_recovered/miic_partial_clean/normal/train_normal_00052.jpg,,0,0,448,448,rgb_repeat_v1,True,False
miic_partial_normal_train_normal_00053__x00000_y00000_s00448,miic_partial_normal_train_normal_00053,miic_partial,default,,SEM,train,good,data/dataverse_files_recovered/miic_partial_clean/normal/train_normal_00053.jpg,,0,0,448,448,rgb_repeat_v1,True,False
miic_partial_normal_train_normal_00054__x00000_y00000_s00448,miic_partial_normal_train_normal_00054,miic_partial,default,,SEM,validation,good,data/dataverse_files_recovered/miic_partial_clean/normal/train_normal_00054.jpg,,0,0,448,448,rgb_repeat_v1,False,False
miic_partial_normal_train_normal_00055__x00000_y00000_s00448,miic_partial_normal_train_normal_00055,miic_partial,default,,SEM,test,good,data/dataverse_files_recovered/miic_partial_clean/normal/train_normal_00055.jpg,,0,0,448,448,rgb_repeat_v1,False,False
miic_partial_normal_train_normal_00056__x00000_y00000_s00448,miic_partial_normal_train_normal_00056,miic_partial,default,,SEM,test,good,data/dataverse_files_recovered/miic_partial_clean/normal/train_normal_00056.jpg,,0,0,448,448,rgb_repeat_v1,False,False
miic_partial_normal_train_normal_00057__x00000_y00000_s00448,miic_partial_normal_train_normal_00057,miic_partial,default,,SEM,test,good,data/dataverse_files_recovered/miic_partial_clean/normal/train_normal_00057.jpg,,0,0,448,448,rgb_repeat_v1,False,False
miic_partial_normal_train_normal_00058__x00000_y00000_s00448,miic_partial_normal_train_normal_00058,miic_partial,default,,SEM,train,good,data/dataverse_files_recovered/miic_partial_clean/normal/train_normal_00058.jpg,,0,0,448,448,rgb_repeat_v1,True,False
miic_partial_normal_train_normal_00059__x00000_y00000_s00448,miic_partial_normal_train_normal_00059,miic_partial,default,,SEM,validation,good,data/dataverse_files_recovered/miic_partial_clean/normal/train_normal_00059.jpg,,0,0,448,448,rgb_repeat_v1,False,False
miic_partial_normal_train_normal_00060__x00000_y00000_s00448,miic_partial_normal_train_normal_00060,miic_partial,default,,SEM,train,good,data/dataverse_files_recovered/miic_partial_clean/normal/train_normal_00060.jpg,,0,0,448,448,rgb_repeat_v1,True,False
miic_partial_normal_train_normal_00061__x00000_y00000_s00448,miic_partial_normal_train_normal_00061,miic_partial,default,,SEM,validation,good,data/dataverse_files_recovered/miic_partial_clean/normal/train_normal_00061.jpg,,0,0,448,448,rgb_repeat_v1,False,False
miic_partial_normal_train_normal_00062__x00000_y00000_s00448,miic_partial_normal_train_normal_00062,miic_partial,default,,SEM,train,good,data/dataverse_files_recovered/miic_partial_clean/normal/train_normal_00062.jpg,,0,0,448,448,rgb_repeat_v1,True,False
miic_partial_normal_train_normal_00063__x00000_y00000_s00448,miic_partial_normal_train_normal_00063,miic_partial,default,,SEM,validation,good,data/dataverse_files_recovered/miic_partial_clean/normal/train_normal_00063.jpg,,0,0,448,448,rgb_repeat_v1,False,False
miic_partial_normal_train_normal_00064__x00000_y00000_s00448,miic_partial_normal_train_normal_00064,miic_partial,default,,SEM,train,good,data/dataverse_files_recovered/miic_partial_clean/normal/train_normal_00064.jpg,,0,0,448,448,rgb_repeat_v1,True,False
miic_partial_normal_train_normal_00065__x00000_y00000_s00448,miic_partial_normal_train_normal_00065,miic_partial,default,,SEM,train,good,data/dataverse_files_recovered/miic_partial_clean/normal/train_normal_00065.jpg,,0,0,448,448,rgb_repeat_v1,True,False
miic_partial_normal_train_normal_00066__x00000_y00000_s00448,miic_partial_normal_train_normal_00066,miic_partial,default,,SEM,validation,good,data/dataverse_files_recovered/miic_partial_clean/normal/train_normal_00066.jpg,,0,0,448,448,rgb_repeat_v1,False,False
miic_partial_normal_train_normal_00067__x00000_y00000_s00448,miic_partial_normal_train_normal_00067,miic_partial,default,,SEM,validation,good,data/dataverse_files_recovered/miic_partial_clean/normal/train_normal_00067.jpg,,0,0,448,448,rgb_repeat_v1,False,False
miic_partial_normal_train_normal_00068__x00000_y00000_s00448,miic_partial_normal_train_normal_00068,miic_partial,default,,SEM,train,good,data/dataverse_files_recovered/miic_partial_clean/normal/train_normal_00068.jpg,,0,0,448,448,rgb_repeat_v1,True,False
miic_partial_normal_train_normal_00069__x00000_y00000_s00448,miic_partial_normal_train_normal_00069,miic_partial,default,,SEM,train,good,data/dataverse_files_recovered/miic_partial_clean/normal/train_normal_00069.jpg,,0,0,448,448,rgb_repeat_v1,True,False
miic_partial_normal_train_normal_00070__x00000_y00000_s00448,miic_partial_normal_train_normal_00070,miic_partial,default,,SEM,train,good,data/dataverse_files_recovered/miic_partial_clean/normal/train_normal_00070.jpg,,0,0,448,448,rgb_repeat_v1,True,False
miic_partial_normal_train_normal_00071__x00000_y00000_s00448,miic_partial_normal_train_normal_00071,miic_partial,default,,SEM,test,good,data/dataverse_files_recovered/miic_partial_clean/normal/train_normal_00071.jpg,,0,0,448,448,rgb_repeat_v1,False,False
miic_partial_normal_train_normal_00072__x00000_y00000_s00448,miic_partial_normal_train_normal_00072,miic_partial,default,,SEM,test,good,data/dataverse_files_recovered/miic_partial_clean/normal/train_normal_00072.jpg,,0,0,448,448,rgb_repeat_v1,False,False
miic_partial_normal_train_normal_00073__x00000_y00000_s00448,miic_partial_normal_train_normal_00073,miic_partial,default,,SEM,train,good,data/dataverse_files_recovered/miic_partial_clean/normal/train_normal_00073.jpg,,0,0,448,448,rgb_repeat_v1,True,False
miic_partial_normal_train_normal_00074__x00000_y00000_s00448,miic_partial_normal_train_normal_00074,miic_partial,default,,SEM,train,good,data/dataverse_files_recovered/miic_partial_clean/normal/train_normal_00074.jpg,,0,0,448,448,rgb_repeat_v1,True,False
miic_partial_normal_train_normal_00075__x00000_y00000_s00448,miic_partial_normal_train_normal_00075,miic_partial,default,,SEM,train,good,data/dataverse_files_recovered/miic_partial_clean/normal/train_normal_00075.jpg,,0,0,448,448,rgb_repeat_v1,True,False
miic_partial_normal_train_normal_00076__x00000_y00000_s00448,miic_partial_normal_train_normal_00076,miic_partial,default,,SEM,train,good,data/dataverse_files_recovered/miic_partial_clean/normal/train_normal_00076.jpg,,0,0,448,448,rgb_repeat_v1,True,False
miic_partial_normal_train_normal_00077__x00000_y00000_s00448,miic_partial_normal_train_normal_00077,miic_partial,default,,SEM,validation,good,data/dataverse_files_recovered/miic_partial_clean/normal/train_normal_00077.jpg,,0,0,448,448,rgb_repeat_v1,False,False
miic_partial_normal_train_normal_00078__x00000_y00000_s00448,miic_partial_normal_train_normal_00078,miic_partial,default,,SEM,validation,good,data/dataverse_files_recovered/miic_partial_clean/normal/train_normal_00078.jpg,,0,0,448,448,rgb_repeat_v1,False,False
miic_partial_normal_train_normal_00079__x00000_y00000_s00448,miic_partial_normal_train_normal_00079,miic_partial,default,,SEM,test,good,data/dataverse_files_recovered/miic_partial_clean/normal/train_normal_00079.jpg,,0,0,448,448,rgb_repeat_v1,False,False
miic_partial_normal_train_normal_00080__x00000_y00000_s00448,miic_partial_normal_train_normal_00080,miic_partial,default,,SEM,train,good,data/dataverse_files_recovered/miic_partial_clean/normal/train_normal_00080.jpg,,0,0,448,448,rgb_repeat_v1,True,False
miic_partial_normal_train_normal_00081__x00000_y00000_s00448,miic_partial_normal_train_normal_00081,miic_partial,default,,SEM,train,good,data/dataverse_files_recovered/miic_partial_clean/normal/train_normal_00081.jpg,,0,0,448,448,rgb_repeat_v1,True,False
miic_partial_normal_train_normal_00082__x00000_y00000_s00448,miic_partial_normal_train_normal_00082,miic_partial,default,,SEM,train,good,data/dataverse_files_recovered/miic_partial_clean/normal/train_normal_00082.jpg,,0,0,448,448,rgb_repeat_v1,True,False
miic_partial_normal_train_normal_00083__x00000_y00000_s00448,miic_partial_normal_train_normal_00083,miic_partial,default,,SEM,train,good,data/dataverse_files_recovered/miic_partial_clean/normal/train_normal_00083.jpg,,0,0,448,448,rgb_repeat_v1,True,False
miic_partial_normal_train_normal_00084__x00000_y00000_s00448,miic_partial_normal_train_normal_00084,miic_partial,default,,SEM,test,good,data/dataverse_files_recovered/miic_partial_clean/normal/train_normal_00084.jpg,,0,0,448,448,rgb_repeat_v1,False,False
miic_partial_normal_train_normal_00085__x00000_y00000_s00448,miic_partial_normal_train_normal_00085,miic_partial,default,,SEM,train,good,data/dataverse_files_recovered/miic_partial_clean/normal/train_normal_00085.jpg,,0,0,448,448,rgb_repeat_v1,True,False
miic_partial_normal_train_normal_00086__x00000_y00000_s00448,miic_partial_normal_train_normal_00086,miic_partial,default,,SEM,train,good,data/dataverse_files_recovered/miic_partial_clean/normal/train_normal_00086.jpg,,0,0,448,448,rgb_repeat_v1,True,False
miic_partial_normal_train_normal_00087__x00000_y00000_s00448,miic_partial_normal_train_normal_00087,miic_partial,default,,SEM,train,good,data/dataverse_files_recovered/miic_partial_clean/normal/train_normal_00087.jpg,,0,0,448,448,rgb_repeat_v1,True,False
miic_partial_normal_train_normal_00088__x00000_y00000_s00448,miic_partial_normal_train_normal_00088,miic_partial,default,,SEM,test,good,data/dataverse_files_recovered/miic_partial_clean/normal/train_normal_00088.jpg,,0,0,448,448,rgb_repeat_v1,False,False
miic_partial_normal_train_normal_00089__x00000_y00000_s00448,miic_partial_normal_train_normal_00089,miic_partial,default,,SEM,train,good,data/dataverse_files_recovered/miic_partial_clean/normal/train_normal_00089.jpg,,0,0,448,448,rgb_repeat_v1,True,False
miic_partial_normal_train_normal_00090__x00000_y00000_s00448,miic_partial_normal_train_normal_00090,miic_partial,default,,SEM,train,good,data/dataverse_files_recovered/miic_partial_clean/normal/train_normal_00090.jpg,,0,0,448,448,rgb_repeat_v1,True,False
miic_partial_normal_train_normal_00091__x00000_y00000_s00448,miic_partial_normal_train_normal_00091,miic_partial,default,,SEM,validation,good,data/dataverse_files_recovered/miic_partial_clean/normal/train_normal_00091.jpg,,0,0,448,448,rgb_repeat_v1,False,False
miic_partial_normal_train_normal_00092__x00000_y00000_s00448,miic_partial_normal_train_normal_00092,miic_partial,default,,SEM,train,good,data/dataverse_files_recovered/miic_partial_clean/normal/train_normal_00092.jpg,,0,0,448,448,rgb_repeat_v1,True,False
miic_partial_normal_train_normal_00093__x00000_y00000_s00448,miic_partial_normal_train_normal_00093,miic_partial,default,,SEM,train,good,data/dataverse_files_recovered/miic_partial_clean/normal/train_normal_00093.jpg,,0,0,448,448,rgb_repeat_v1,True,False
miic_partial_normal_train_normal_00094__x00000_y00000_s00448,miic_partial_normal_train_normal_00094,miic_partial,default,,SEM,test,good,data/dataverse_files_recovered/miic_partial_clean/normal/train_normal_00094.jpg,,0,0,448,448,rgb_repeat_v1,False,False
miic_partial_normal_train_normal_00095__x00000_y00000_s00448,miic_partial_normal_train_normal_00095,miic_partial,default,,SEM,validation,good,data/dataverse_files_recovered/miic_partial_clean/normal/train_normal_00095.jpg,,0,0,448,448,rgb_repeat_v1,False,False
miic_partial_normal_train_normal_00096__x00000_y00000_s00448,miic_partial_normal_train_normal_00096,miic_partial,default,,SEM,train,good,data/dataverse_files_recovered/miic_partial_clean/normal/train_normal_00096.jpg,,0,0,448,448,rgb_repeat_v1,True,False
miic_partial_normal_train_normal_00097__x00000_y00000_s00448,miic_partial_normal_train_normal_00097,miic_partial,default,,SEM,validation,good,data/dataverse_files_recovered/miic_partial_clean/normal/train_normal_00097.jpg,,0,0,448,448,rgb_repeat_v1,False,False
miic_partial_normal_train_normal_00098__x00000_y00000_s00448,miic_partial_normal_train_normal_00098,miic_partial,default,,SEM,train,good,data/dataverse_files_recovered/miic_partial_clean/normal/train_normal_00098.jpg,,0,0,448,448,rgb_repeat_v1,True,False
miic_partial_normal_train_normal_00099__x00000_y00000_s00448,miic_partial_normal_train_normal_00099,miic_partial,default,,SEM,validation,good,data/dataverse_files_recovered/miic_partial_clean/normal/train_normal_00099.jpg,,0,0,448,448,rgb_repeat_v1,False,False
miic_partial_normal_train_normal_00100__x00000_y00000_s00448,miic_partial_normal_train_normal_00100,miic_partial,default,,SEM,train,good,data/dataverse_files_recovered/miic_partial_clean/normal/train_normal_00100.jpg,,0,0,448,448,rgb_repeat_v1,True,False
miic_partial_normal_train_normal_00101__x00000_y00000_s00448,miic_partial_normal_train_normal_00101,miic_partial,default,,SEM,test,good,data/dataverse_files_recovered/miic_partial_clean/normal/train_normal_00101.jpg,,0,0,448,448,rgb_repeat_v1,False,False
miic_partial_normal_train_normal_00102__x00000_y00000_s00448,miic_partial_normal_train_normal_00102,miic_partial,default,,SEM,train,good,data/dataverse_files_recovered/miic_partial_clean/normal/train_normal_00102.jpg,,0,0,448,448,rgb_repeat_v1,True,False
miic_partial_normal_train_normal_00103__x00000_y00000_s00448,miic_partial_normal_train_normal_00103,miic_partial,default,,SEM,validation,good,data/dataverse_files_recovered/miic_partial_clean/normal/train_normal_00103.jpg,,0,0,448,448,rgb_repeat_v1,False,False
miic_partial_normal_train_normal_00104__x00000_y00000_s00448,miic_partial_normal_train_normal_00104,miic_partial,default,,SEM,train,good,data/dataverse_files_recovered/miic_partial_clean/normal/train_normal_00104.jpg,,0,0,448,448,rgb_repeat_v1,True,False
miic_partial_normal_train_normal_00105__x00000_y00000_s00448,miic_partial_normal_train_normal_00105,miic_partial,default,,SEM,test,good,data/dataverse_files_recovered/miic_partial_clean/normal/train_normal_00105.jpg,,0,0,448,448,rgb_repeat_v1,False,False
miic_partial_normal_train_normal_00106__x00000_y00000_s00448,miic_partial_normal_train_normal_00106,miic_partial,default,,SEM,test,good,data/dataverse_files_recovered/miic_partial_clean/normal/train_normal_00106.jpg,,0,0,448,448,rgb_repeat_v1,False,False
miic_partial_normal_train_normal_00107__x00000_y00000_s00448,miic_partial_normal_train_normal_00107,miic_partial,default,,SEM,train,good,data/dataverse_files_recovered/miic_partial_clean/normal/train_normal_00107.jpg,,0,0,448,448,rgb_repeat_v1,True,False
miic_partial_normal_train_normal_00108__x00000_y00000_s00448,miic_partial_normal_train_normal_00108,miic_partial,default,,SEM,test,good,data/dataverse_files_recovered/miic_partial_clean/normal/train_normal_00108.jpg,,0,0,448,448,rgb_repeat_v1,False,False
miic_partial_normal_train_normal_00109__x00000_y00000_s00448,miic_partial_normal_train_normal_00109,miic_partial,default,,SEM,train,good,data/dataverse_files_recovered/miic_partial_clean/normal/train_normal_00109.jpg,,0,0,448,448,rgb_repeat_v1,True,False
miic_partial_normal_train_normal_00110__x00000_y00000_s00448,miic_partial_normal_train_normal_00110,miic_partial,default,,SEM,test,good,data/dataverse_files_recovered/miic_partial_clean/normal/train_normal_00110.jpg,,0,0,448,448,rgb_repeat_v1,False,False
miic_partial_normal_train_normal_00111__x00000_y00000_s00448,miic_partial_normal_train_normal_00111,miic_partial,default,,SEM,train,good,data/dataverse_files_recovered/miic_partial_clean/normal/train_normal_00111.jpg,,0,0,448,448,rgb_repeat_v1,True,False
miic_partial_normal_train_normal_00112__x00000_y00000_s00448,miic_partial_normal_train_normal_00112,miic_partial,default,,SEM,test,good,data/dataverse_files_recovered/miic_partial_clean/normal/train_normal_00112.jpg,,0,0,448,448,rgb_repeat_v1,False,False
miic_partial_normal_train_normal_00113__x00000_y00000_s00448,miic_partial_normal_train_normal_00113,miic_partial,default,,SEM,train,good,data/dataverse_files_recovered/miic_partial_clean/normal/train_normal_00113.jpg,,0,0,448,448,rgb_repeat_v1,True,False
miic_partial_anomaly_test_abnormal_00001__x00000_y00000_s00448,miic_partial_anomaly_test_abnormal_00001,miic_partial,default,,SEM,test,anomaly,data/dataverse_files_recovered/miic_partial_clean/anomaly/test_abnormal_00001.jpg,,0,0,448,448,rgb_repeat_v1,False,False
miic_partial_anomaly_test_abnormal_00002__x00000_y00000_s00448,miic_partial_anomaly_test_abnormal_00002,miic_partial,default,,SEM,test,anomaly,data/dataverse_files_recovered/miic_partial_clean/anomaly/test_abnormal_00002.jpg,,0,0,448,448,rgb_repeat_v1,False,False
miic_partial_anomaly_test_abnormal_00003__x00000_y00000_s00448,miic_partial_anomaly_test_abnormal_00003,miic_partial,default,,SEM,test,anomaly,data/dataverse_files_recovered/miic_partial_clean/anomaly/test_abnormal_00003.jpg,,0,0,448,448,rgb_repeat_v1,False,False
miic_partial_anomaly_test_abnormal_00004__x00000_y00000_s00448,miic_partial_anomaly_test_abnormal_00004,miic_partial,default,,SEM,test,anomaly,data/dataverse_files_recovered/miic_partial_clean/anomaly/test_abnormal_00004.jpg,,0,0,448,448,rgb_repeat_v1,False,False
miic_partial_anomaly_test_abnormal_00005__x00000_y00000_s00448,miic_partial_anomaly_test_abnormal_00005,miic_partial,default,,SEM,test,anomaly,data/dataverse_files_recovered/miic_partial_clean/anomaly/test_abnormal_00005.jpg,,0,0,448,448,rgb_repeat_v1,False,False
miic_partial_anomaly_test_abnormal_00006__x00000_y00000_s00448,miic_partial_anomaly_test_abnormal_00006,miic_partial,default,,SEM,test,anomaly,data/dataverse_files_recovered/miic_partial_clean/anomaly/test_abnormal_00006.jpg,,0,0,448,448,rgb_repeat_v1,False,False
miic_partial_anomaly_test_abnormal_00007__x00000_y00000_s00448,miic_partial_anomaly_test_abnormal_00007,miic_partial,default,,SEM,test,anomaly,data/dataverse_files_recovered/miic_partial_clean/anomaly/test_abnormal_00007.jpg,,0,0,448,448,rgb_repeat_v1,False,False
miic_partial_anomaly_test_abnormal_00008__x00000_y00000_s00448,miic_partial_anomaly_test_abnormal_00008,miic_partial,default,,SEM,test,anomaly,data/dataverse_files_recovered/miic_partial_clean/anomaly/test_abnormal_00008.jpg,,0,0,448,448,rgb_repeat_v1,False,False
miic_partial_anomaly_test_abnormal_00009__x00000_y00000_s00448,miic_partial_anomaly_test_abnormal_00009,miic_partial,default,,SEM,test,anomaly,data/dataverse_files_recovered/miic_partial_clean/anomaly/test_abnormal_00009.jpg,,0,0,448,448,rgb_repeat_v1,False,False
miic_partial_anomaly_test_abnormal_00010__x00000_y00000_s00448,miic_partial_anomaly_test_abnormal_00010,miic_partial,default,,SEM,test,anomaly,data/dataverse_files_recovered/miic_partial_clean/anomaly/test_abnormal_00010.jpg,,0,0,448,448,rgb_repeat_v1,False,False
miic_partial_anomaly_test_abnormal_00011__x00000_y00000_s00448,miic_partial_anomaly_test_abnormal_00011,miic_partial,default,,SEM,test,anomaly,data/dataverse_files_recovered/miic_partial_clean/anomaly/test_abnormal_00011.jpg,,0,0,448,448,rgb_repeat_v1,False,False
miic_partial_anomaly_test_abnormal_00012__x00000_y00000_s00448,miic_partial_anomaly_test_abnormal_00012,miic_partial,default,,SEM,test,anomaly,data/dataverse_files_recovered/miic_partial_clean/anomaly/test_abnormal_00012.jpg,,0,0,448,448,rgb_repeat_v1,False,False
miic_partial_anomaly_test_abnormal_00013__x00000_y00000_s00448,miic_partial_anomaly_test_abnormal_00013,miic_partial,default,,SEM,test,anomaly,data/dataverse_files_recovered/miic_partial_clean/anomaly/test_abnormal_00013.jpg,,0,0,448,448,rgb_repeat_v1,False,False
miic_partial_anomaly_test_abnormal_00014__x00000_y00000_s00448,miic_partial_anomaly_test_abnormal_00014,miic_partial,default,,SEM,test,anomaly,data/dataverse_files_recovered/miic_partial_clean/anomaly/test_abnormal_00014.jpg,,0,0,448,448,rgb_repeat_v1,False,False
miic_partial_anomaly_test_abnormal_00015__x00000_y00000_s00448,miic_partial_anomaly_test_abnormal_00015,miic_partial,default,,SEM,test,anomaly,data/dataverse_files_recovered/miic_partial_clean/anomaly/test_abnormal_00015.jpg,,0,0,448,448,rgb_repeat_v1,False,False
miic_partial_anomaly_test_abnormal_00016__x00000_y00000_s00448,miic_partial_anomaly_test_abnormal_00016,miic_partial,default,,SEM,test,anomaly,data/dataverse_files_recovered/miic_partial_clean/anomaly/test_abnormal_00016.jpg,,0,0,448,448,rgb_repeat_v1,False,False
miic_partial_anomaly_test_abnormal_00017__x00000_y00000_s00448,miic_partial_anomaly_test_abnormal_00017,miic_partial,default,,SEM,test,anomaly,data/dataverse_files_recovered/miic_partial_clean/anomaly/test_abnormal_00017.jpg,,0,0,448,448,rgb_repeat_v1,False,False
miic_partial_anomaly_test_abnormal_00018__x00000_y00000_s00448,miic_partial_anomaly_test_abnormal_00018,miic_partial,default,,SEM,test,anomaly,data/dataverse_files_recovered/miic_partial_clean/anomaly/test_abnormal_00018.jpg,,0,0,448,448,rgb_repeat_v1,False,False
miic_partial_anomaly_test_abnormal_00019__x00000_y00000_s00448,miic_partial_anomaly_test_abnormal_00019,miic_partial,default,,SEM,test,anomaly,data/dataverse_files_recovered/miic_partial_clean/anomaly/test_abnormal_00019.jpg,,0,0,448,448,rgb_repeat_v1,False,False
miic_partial_anomaly_test_abnormal_00020__x00000_y00000_s00448,miic_partial_anomaly_test_abnormal_00020,miic_partial,default,,SEM,test,anomaly,data/dataverse_files_recovered/miic_partial_clean/anomaly/test_abnormal_00020.jpg,,0,0,448,448,rgb_repeat_v1,False,False
miic_partial_anomaly_test_abnormal_00021__x00000_y00000_s00448,miic_partial_anomaly_test_abnormal_00021,miic_partial,default,,SEM,test,anomaly,data/dataverse_files_recovered/miic_partial_clean/anomaly/test_abnormal_00021.jpg,,0,0,448,448,rgb_repeat_v1,False,False
miic_partial_anomaly_test_abnormal_00022__x00000_y00000_s00448,miic_partial_anomaly_test_abnormal_00022,miic_partial,default,,SEM,test,anomaly,data/dataverse_files_recovered/miic_partial_clean/anomaly/test_abnormal_00022.jpg,,0,0,448,448,rgb_repeat_v1,False,False
miic_partial_anomaly_test_abnormal_00023__x00000_y00000_s00448,miic_partial_anomaly_test_abnormal_00023,miic_partial,default,,SEM,test,anomaly,data/dataverse_files_recovered/miic_partial_clean/anomaly/test_abnormal_00023.jpg,,0,0,448,448,rgb_repeat_v1,False,False
miic_partial_anomaly_test_abnormal_00024__x00000_y00000_s00448,miic_partial_anomaly_test_abnormal_00024,miic_partial,default,,SEM,test,anomaly,data/dataverse_files_recovered/miic_partial_clean/anomaly/test_abnormal_00024.jpg,,0,0,448,448,rgb_repeat_v1,False,False
miic_partial_anomaly_test_abnormal_00025__x00000_y00000_s00448,miic_partial_anomaly_test_abnormal_00025,miic_partial,default,,SEM,test,anomaly,data/dataverse_files_recovered/miic_partial_clean/anomaly/test_abnormal_00025.jpg,,0,0,448,448,rgb_repeat_v1,False,False
miic_partial_anomaly_test_abnormal_00026__x00000_y00000_s00448,miic_partial_anomaly_test_abnormal_00026,miic_partial,default,,SEM,test,anomaly,data/dataverse_files_recovered/miic_partial_clean/anomaly/test_abnormal_00026.jpg,,0,0,448,448,rgb_repeat_v1,False,False
miic_partial_anomaly_test_abnormal_00027__x00000_y00000_s00448,miic_partial_anomaly_test_abnormal_00027,miic_partial,default,,SEM,test,anomaly,data/dataverse_files_recovered/miic_partial_clean/anomaly/test_abnormal_00027.jpg,,0,0,448,448,rgb_repeat_v1,False,False
miic_partial_anomaly_test_abnormal_00028__x00000_y00000_s00448,miic_partial_anomaly_test_abnormal_00028,miic_partial,default,,SEM,test,anomaly,data/dataverse_files_recovered/miic_partial_clean/anomaly/test_abnormal_00028.jpg,,0,0,448,448,rgb_repeat_v1,False,False
miic_partial_anomaly_test_abnormal_00029__x00000_y00000_s00448,miic_partial_anomaly_test_abnormal_00029,miic_partial,default,,SEM,test,anomaly,data/dataverse_files_recovered/miic_partial_clean/anomaly/test_abnormal_00029.jpg,,0,0,448,448,rgb_repeat_v1,False,False
miic_partial_anomaly_test_abnormal_00030__x00000_y00000_s00448,miic_partial_anomaly_test_abnormal_00030,miic_partial,default,,SEM,test,anomaly,data/dataverse_files_recovered/miic_partial_clean/anomaly/test_abnormal_00030.jpg,,0,0,448,448,rgb_repeat_v1,False,False
miic_partial_anomaly_test_abnormal_00031__x00000_y00000_s00448,miic_partial_anomaly_test_abnormal_00031,miic_partial,default,,SEM,test,anomaly,data/dataverse_files_recovered/miic_partial_clean/anomaly/test_abnormal_00031.jpg,,0,0,448,448,rgb_repeat_v1,False,False
miic_partial_anomaly_test_abnormal_00032__x00000_y00000_s00448,miic_partial_anomaly_test_abnormal_00032,miic_partial,default,,SEM,test,anomaly,data/dataverse_files_recovered/miic_partial_clean/anomaly/test_abnormal_00032.jpg,,0,0,448,448,rgb_repeat_v1,False,False
miic_partial_anomaly_test_abnormal_00033__x00000_y00000_s00448,miic_partial_anomaly_test_abnormal_00033,miic_partial,default,,SEM,test,anomaly,data/dataverse_files_recovered/miic_partial_clean/anomaly/test_abnormal_00033.jpg,,0,0,448,448,rgb_repeat_v1,False,False
miic_partial_anomaly_test_abnormal_00034__x00000_y00000_s00448,miic_partial_anomaly_test_abnormal_00034,miic_partial,default,,SEM,test,anomaly,data/dataverse_files_recovered/miic_partial_clean/anomaly/test_abnormal_00034.jpg,,0,0,448,448,rgb_repeat_v1,False,False
miic_partial_anomaly_test_abnormal_00035__x00000_y00000_s00448,miic_partial_anomaly_test_abnormal_00035,miic_partial,default,,SEM,test,anomaly,data/dataverse_files_recovered/miic_partial_clean/anomaly/test_abnormal_00035.jpg,,0,0,448,448,rgb_repeat_v1,False,False
miic_partial_anomaly_test_abnormal_00036__x00000_y00000_s00448,miic_partial_anomaly_test_abnormal_00036,miic_partial,default,,SEM,test,anomaly,data/dataverse_files_recovered/miic_partial_clean/anomaly/test_abnormal_00036.jpg,,0,0,448,448,rgb_repeat_v1,False,False
miic_partial_anomaly_test_abnormal_00037__x00000_y00000_s00448,miic_partial_anomaly_test_abnormal_00037,miic_partial,default,,SEM,test,anomaly,data/dataverse_files_recovered/miic_partial_clean/anomaly/test_abnormal_00037.jpg,,0,0,448,448,rgb_repeat_v1,False,False
miic_partial_anomaly_test_abnormal_00038__x00000_y00000_s00448,miic_partial_anomaly_test_abnormal_00038,miic_partial,default,,SEM,test,anomaly,data/dataverse_files_recovered/miic_partial_clean/anomaly/test_abnormal_00038.jpg,,0,0,448,448,rgb_repeat_v1,False,False
miic_partial_anomaly_test_abnormal_00039__x00000_y00000_s00448,miic_partial_anomaly_test_abnormal_00039,miic_partial,default,,SEM,test,anomaly,data/dataverse_files_recovered/miic_partial_clean/anomaly/test_abnormal_00039.jpg,,0,0,448,448,rgb_repeat_v1,False,False
miic_partial_anomaly_test_abnormal_00040__x00000_y00000_s00448,miic_partial_anomaly_test_abnormal_00040,miic_partial,default,,SEM,test,anomaly,data/dataverse_files_recovered/miic_partial_clean/anomaly/test_abnormal_00040.jpg,,0,0,448,448,rgb_repeat_v1,False,False
miic_partial_anomaly_test_abnormal_00041__x00000_y00000_s00448,miic_partial_anomaly_test_abnormal_00041,miic_partial,default,,SEM,test,anomaly,data/dataverse_files_recovered/miic_partial_clean/anomaly/test_abnormal_00041.jpg,,0,0,448,448,rgb_repeat_v1,False,False
miic_partial_anomaly_test_abnormal_00042__x00000_y00000_s00448,miic_partial_anomaly_test_abnormal_00042,miic_partial,default,,SEM,test,anomaly,data/dataverse_files_recovered/miic_partial_clean/anomaly/test_abnormal_00042.jpg,,0,0,448,448,rgb_repeat_v1,False,False
miic_partial_anomaly_test_abnormal_00043__x00000_y00000_s00448,miic_partial_anomaly_test_abnormal_00043,miic_partial,default,,SEM,test,anomaly,data/dataverse_files_recovered/miic_partial_clean/anomaly/test_abnormal_00043.jpg,,0,0,448,448,rgb_repeat_v1,False,False
miic_partial_anomaly_test_abnormal_00044__x00000_y00000_s00448,miic_partial_anomaly_test_abnormal_00044,miic_partial,default,,SEM,test,anomaly,data/dataverse_files_recovered/miic_partial_clean/anomaly/test_abnormal_00044.jpg,,0,0,448,448,rgb_repeat_v1,False,False
miic_partial_anomaly_test_abnormal_00045__x00000_y00000_s00448,miic_partial_anomaly_test_abnormal_00045,miic_partial,default,,SEM,test,anomaly,data/dataverse_files_recovered/miic_partial_clean/anomaly/test_abnormal_00045.jpg,,0,0,448,448,rgb_repeat_v1,False,False
miic_partial_anomaly_test_abnormal_00046__x00000_y00000_s00448,miic_partial_anomaly_test_abnormal_00046,miic_partial,default,,SEM,test,anomaly,data/dataverse_files_recovered/miic_partial_clean/anomaly/test_abnormal_00046.jpg,,0,0,448,448,rgb_repeat_v1,False,False
miic_partial_anomaly_test_abnormal_00047__x00000_y00000_s00448,miic_partial_anomaly_test_abnormal_00047,miic_partial,default,,SEM,test,anomaly,data/dataverse_files_recovered/miic_partial_clean/anomaly/test_abnormal_00047.jpg,,0,0,448,448,rgb_repeat_v1,False,False
miic_partial_anomaly_test_abnormal_00048__x00000_y00000_s00448,miic_partial_anomaly_test_abnormal_00048,miic_partial,default,,SEM,test,anomaly,data/dataverse_files_recovered/miic_partial_clean/anomaly/test_abnormal_00048.jpg,,0,0,448,448,rgb_repeat_v1,False,False
miic_partial_anomaly_test_abnormal_00049__x00000_y00000_s00448,miic_partial_anomaly_test_abnormal_00049,miic_partial,default,,SEM,test,anomaly,data/dataverse_files_recovered/miic_partial_clean/anomaly/test_abnormal_00049.jpg,,0,0,448,448,rgb_repeat_v1,False,False
miic_partial_anomaly_test_abnormal_00050__x00000_y00000_s00448,miic_partial_anomaly_test_abnormal_00050,miic_partial,default,,SEM,test,anomaly,data/dataverse_files_recovered/miic_partial_clean/anomaly/test_abnormal_00050.jpg,,0,0,448,448,rgb_repeat_v1,False,False
miic_partial_anomaly_test_abnormal_00051__x00000_y00000_s00448,miic_partial_anomaly_test_abnormal_00051,miic_partial,default,,SEM,test,anomaly,data/dataverse_files_recovered/miic_partial_clean/anomaly/test_abnormal_00051.jpg,,0,0,448,448,rgb_repeat_v1,False,False
miic_partial_anomaly_test_abnormal_00052__x00000_y00000_s00448,miic_partial_anomaly_test_abnormal_00052,miic_partial,default,,SEM,test,anomaly,data/dataverse_files_recovered/miic_partial_clean/anomaly/test_abnormal_00052.jpg,,0,0,448,448,rgb_repeat_v1,False,False
miic_partial_anomaly_test_abnormal_00053__x00000_y00000_s00448,miic_partial_anomaly_test_abnormal_00053,miic_partial,default,,SEM,test,anomaly,data/dataverse_files_recovered/miic_partial_clean/anomaly/test_abnormal_00053.jpg,,0,0,448,448,rgb_repeat_v1,False,False
miic_partial_anomaly_test_abnormal_00054__x00000_y00000_s00448,miic_partial_anomaly_test_abnormal_00054,miic_partial,default,,SEM,test,anomaly,data/dataverse_files_recovered/miic_partial_clean/anomaly/test_abnormal_00054.jpg,,0,0,448,448,rgb_repeat_v1,False,False
miic_partial_anomaly_test_abnormal_00055__x00000_y00000_s00448,miic_partial_anomaly_test_abnormal_00055,miic_partial,default,,SEM,test,anomaly,data/dataverse_files_recovered/miic_partial_clean/anomaly/test_abnormal_00055.jpg,,0,0,448,448,rgb_repeat_v1,False,False
miic_partial_anomaly_test_abnormal_00056__x00000_y00000_s00448,miic_partial_anomaly_test_abnormal_00056,miic_partial,default,,SEM,test,anomaly,data/dataverse_files_recovered/miic_partial_clean/anomaly/test_abnormal_00056.jpg,,0,0,448,448,rgb_repeat_v1,False,False
miic_partial_anomaly_test_abnormal_00057__x00000_y00000_s00448,miic_partial_anomaly_test_abnormal_00057,miic_partial,default,,SEM,test,anomaly,data/dataverse_files_recovered/miic_partial_clean/anomaly/test_abnormal_00057.jpg,,0,0,448,448,rgb_repeat_v1,False,False
miic_partial_anomaly_test_abnormal_00058__x00000_y00000_s00448,miic_partial_anomaly_test_abnormal_00058,miic_partial,default,,SEM,test,anomaly,data/dataverse_files_recovered/miic_partial_clean/anomaly/test_abnormal_00058.jpg,,0,0,448,448,rgb_repeat_v1,False,False
miic_partial_anomaly_test_abnormal_00059__x00000_y00000_s00448,miic_partial_anomaly_test_abnormal_00059,miic_partial,default,,SEM,test,anomaly,data/dataverse_files_recovered/miic_partial_clean/anomaly/test_abnormal_00059.jpg,,0,0,448,448,rgb_repeat_v1,False,False
miic_partial_anomaly_test_abnormal_00060__x00000_y00000_s00448,miic_partial_anomaly_test_abnormal_00060,miic_partial,default,,SEM,test,anomaly,data/dataverse_files_recovered/miic_partial_clean/anomaly/test_abnormal_00060.jpg,,0,0,448,448,rgb_repeat_v1,False,False
miic_partial_anomaly_test_abnormal_00061__x00000_y00000_s00448,miic_partial_anomaly_test_abnormal_00061,miic_partial,default,,SEM,test,anomaly,data/dataverse_files_recovered/miic_partial_clean/anomaly/test_abnormal_00061.jpg,,0,0,448,448,rgb_repeat_v1,False,False
miic_partial_anomaly_test_abnormal_00062__x00000_y00000_s00448,miic_partial_anomaly_test_abnormal_00062,miic_partial,default,,SEM,test,anomaly,data/dataverse_files_recovered/miic_partial_clean/anomaly/test_abnormal_00062.jpg,,0,0,448,448,rgb_repeat_v1,False,False
miic_partial_anomaly_test_abnormal_00063__x00000_y00000_s00448,miic_partial_anomaly_test_abnormal_00063,miic_partial,default,,SEM,test,anomaly,data/dataverse_files_recovered/miic_partial_clean/anomaly/test_abnormal_00063.jpg,,0,0,448,448,rgb_repeat_v1,False,False
miic_partial_anomaly_test_abnormal_00064__x00000_y00000_s00448,miic_partial_anomaly_test_abnormal_00064,miic_partial,default,,SEM,test,anomaly,data/dataverse_files_recovered/miic_partial_clean/anomaly/test_abnormal_00064.jpg,,0,0,448,448,rgb_repeat_v1,False,False
miic_partial_anomaly_test_abnormal_00065__x00000_y00000_s00448,miic_partial_anomaly_test_abnormal_00065,miic_partial,default,,SEM,test,anomaly,data/dataverse_files_recovered/miic_partial_clean/anomaly/test_abnormal_00065.jpg,,0,0,448,448,rgb_repeat_v1,False,False
miic_partial_anomaly_test_abnormal_00066__x00000_y00000_s00448,miic_partial_anomaly_test_abnormal_00066,miic_partial,default,,SEM,test,anomaly,data/dataverse_files_recovered/miic_partial_clean/anomaly/test_abnormal_00066.jpg,,0,0,448,448,rgb_repeat_v1,False,False
miic_partial_anomaly_test_abnormal_00067__x00000_y00000_s00448,miic_partial_anomaly_test_abnormal_00067,miic_partial,default,,SEM,test,anomaly,data/dataverse_files_recovered/miic_partial_clean/anomaly/test_abnormal_00067.jpg,,0,0,448,448,rgb_repeat_v1,False,False
miic_partial_anomaly_test_abnormal_00068__x00000_y00000_s00448,miic_partial_anomaly_test_abnormal_00068,miic_partial,default,,SEM,test,anomaly,data/dataverse_files_recovered/miic_partial_clean/anomaly/test_abnormal_00068.jpg,,0,0,448,448,rgb_repeat_v1,False,False
miic_partial_anomaly_test_abnormal_00069__x00000_y00000_s00448,miic_partial_anomaly_test_abnormal_00069,miic_partial,default,,SEM,test,anomaly,data/dataverse_files_recovered/miic_partial_clean/anomaly/test_abnormal_00069.jpg,,0,0,448,448,rgb_repeat_v1,False,False
miic_partial_anomaly_test_abnormal_00070__x00000_y00000_s00448,miic_partial_anomaly_test_abnormal_00070,miic_partial,default,,SEM,test,anomaly,data/dataverse_files_recovered/miic_partial_clean/anomaly/test_abnormal_00070.jpg,,0,0,448,448,rgb_repeat_v1,False,False
miic_partial_anomaly_test_abnormal_00071__x00000_y00000_s00448,miic_partial_anomaly_test_abnormal_00071,miic_partial,default,,SEM,test,anomaly,data/dataverse_files_recovered/miic_partial_clean/anomaly/test_abnormal_00071.jpg,,0,0,448,448,rgb_repeat_v1,False,False
miic_partial_anomaly_test_abnormal_00072__x00000_y00000_s00448,miic_partial_anomaly_test_abnormal_00072,miic_partial,default,,SEM,test,anomaly,data/dataverse_files_recovered/miic_partial_clean/anomaly/test_abnormal_00072.jpg,,0,0,448,448,rgb_repeat_v1,False,False
miic_partial_anomaly_test_abnormal_00073__x00000_y00000_s00448,miic_partial_anomaly_test_abnormal_00073,miic_partial,default,,SEM,test,anomaly,data/dataverse_files_recovered/miic_partial_clean/anomaly/test_abnormal_00073.jpg,,0,0,448,448,rgb_repeat_v1,False,False
miic_partial_anomaly_test_abnormal_00074__x00000_y00000_s00448,miic_partial_anomaly_test_abnormal_00074,miic_partial,default,,SEM,test,anomaly,data/dataverse_files_recovered/miic_partial_clean/anomaly/test_abnormal_00074.jpg,,0,0,448,448,rgb_repeat_v1,False,False
miic_partial_anomaly_test_abnormal_00075__x00000_y00000_s00448,miic_partial_anomaly_test_abnormal_00075,miic_partial,default,,SEM,test,anomaly,data/dataverse_files_recovered/miic_partial_clean/anomaly/test_abnormal_00075.jpg,,0,0,448,448,rgb_repeat_v1,False,False
miic_partial_anomaly_test_abnormal_00076__x00000_y00000_s00448,miic_partial_anomaly_test_abnormal_00076,miic_partial,default,,SEM,test,anomaly,data/dataverse_files_recovered/miic_partial_clean/anomaly/test_abnormal_00076.jpg,,0,0,448,448,rgb_repeat_v1,False,False
miic_partial_anomaly_test_abnormal_00077__x00000_y00000_s00448,miic_partial_anomaly_test_abnormal_00077,miic_partial,default,,SEM,test,anomaly,data/dataverse_files_recovered/miic_partial_clean/anomaly/test_abnormal_00077.jpg,,0,0,448,448,rgb_repeat_v1,False,False
miic_partial_anomaly_test_abnormal_00078__x00000_y00000_s00448,miic_partial_anomaly_test_abnormal_00078,miic_partial,default,,SEM,test,anomaly,data/dataverse_files_recovered/miic_partial_clean/anomaly/test_abnormal_00078.jpg,,0,0,448,448,rgb_repeat_v1,False,False
miic_partial_anomaly_test_abnormal_00079__x00000_y00000_s00448,miic_partial_anomaly_test_abnormal_00079,miic_partial,default,,SEM,test,anomaly,data/dataverse_files_recovered/miic_partial_clean/anomaly/test_abnormal_00079.jpg,,0,0,448,448,rgb_repeat_v1,False,False
miic_partial_anomaly_test_abnormal_00080__x00000_y00000_s00448,miic_partial_anomaly_test_abnormal_00080,miic_partial,default,,SEM,test,anomaly,data/dataverse_files_recovered/miic_partial_clean/anomaly/test_abnormal_00080.jpg,,0,0,448,448,rgb_repeat_v1,False,False
miic_partial_anomaly_test_abnormal_00081__x00000_y00000_s00448,miic_partial_anomaly_test_abnormal_00081,miic_partial,default,,SEM,test,anomaly,data/dataverse_files_recovered/miic_partial_clean/anomaly/test_abnormal_00081.jpg,,0,0,448,448,rgb_repeat_v1,False,False
miic_partial_anomaly_test_abnormal_00082__x00000_y00000_s00448,miic_partial_anomaly_test_abnormal_00082,miic_partial,default,,SEM,test,anomaly,data/dataverse_files_recovered/miic_partial_clean/anomaly/test_abnormal_00082.jpg,,0,0,448,448,rgb_repeat_v1,False,False
miic_partial_anomaly_test_abnormal_00083__x00000_y00000_s00448,miic_partial_anomaly_test_abnormal_00083,miic_partial,default,,SEM,test,anomaly,data/dataverse_files_recovered/miic_partial_clean/anomaly/test_abnormal_00083.jpg,,0,0,448,448,rgb_repeat_v1,False,False
miic_partial_anomaly_test_abnormal_00084__x00000_y00000_s00448,miic_partial_anomaly_test_abnormal_00084,miic_partial,default,,SEM,test,anomaly,data/dataverse_files_recovered/miic_partial_clean/anomaly/test_abnormal_00084.jpg,,0,0,448,448,rgb_repeat_v1,False,False
miic_partial_anomaly_test_abnormal_00085__x00000_y00000_s00448,miic_partial_anomaly_test_abnormal_00085,miic_partial,default,,SEM,test,anomaly,data/dataverse_files_recovered/miic_partial_clean/anomaly/test_abnormal_00085.jpg,,0,0,448,448,rgb_repeat_v1,False,False
miic_partial_anomaly_test_abnormal_00086__x00000_y00000_s00448,miic_partial_anomaly_test_abnormal_00086,miic_partial,default,,SEM,test,anomaly,data/dataverse_files_recovered/miic_partial_clean/anomaly/test_abnormal_00086.jpg,,0,0,448,448,rgb_repeat_v1,False,False
miic_partial_anomaly_test_abnormal_00087__x00000_y00000_s00448,miic_partial_anomaly_test_abnormal_00087,miic_partial,default,,SEM,test,anomaly,data/dataverse_files_recovered/miic_partial_clean/anomaly/test_abnormal_00087.jpg,,0,0,448,448,rgb_repeat_v1,False,False
miic_partial_anomaly_test_abnormal_00088__x00000_y00000_s00448,miic_partial_anomaly_test_abnormal_00088,miic_partial,default,,SEM,test,anomaly,data/dataverse_files_recovered/miic_partial_clean/anomaly/test_abnormal_00088.jpg,,0,0,448,448,rgb_repeat_v1,False,False
miic_partial_anomaly_test_abnormal_00089__x00000_y00000_s00448,miic_partial_anomaly_test_abnormal_00089,miic_partial,default,,SEM,test,anomaly,data/dataverse_files_recovered/miic_partial_clean/anomaly/test_abnormal_00089.jpg,,0,0,448,448,rgb_repeat_v1,False,False
miic_partial_anomaly_test_abnormal_00090__x00000_y00000_s00448,miic_partial_anomaly_test_abnormal_00090,miic_partial,default,,SEM,test,anomaly,data/dataverse_files_recovered/miic_partial_clean/anomaly/test_abnormal_00090.jpg,,0,0,448,448,rgb_repeat_v1,False,False
miic_partial_anomaly_test_abnormal_00091__x00000_y00000_s00448,miic_partial_anomaly_test_abnormal_00091,miic_partial,default,,SEM,test,anomaly,data/dataverse_files_recovered/miic_partial_clean/anomaly/test_abnormal_00091.jpg,,0,0,448,448,rgb_repeat_v1,False,False
miic_partial_anomaly_test_abnormal_00092__x00000_y00000_s00448,miic_partial_anomaly_test_abnormal_00092,miic_partial,default,,SEM,test,anomaly,data/dataverse_files_recovered/miic_partial_clean/anomaly/test_abnormal_00092.jpg,,0,0,448,448,rgb_repeat_v1,False,False
miic_partial_anomaly_test_abnormal_00093__x00000_y00000_s00448,miic_partial_anomaly_test_abnormal_00093,miic_partial,default,,SEM,test,anomaly,data/dataverse_files_recovered/miic_partial_clean/anomaly/test_abnormal_00093.jpg,,0,0,448,448,rgb_repeat_v1,False,False
miic_partial_anomaly_test_abnormal_00094__x00000_y00000_s00448,miic_partial_anomaly_test_abnormal_00094,miic_partial,default,,SEM,test,anomaly,data/dataverse_files_recovered/miic_partial_clean/anomaly/test_abnormal_00094.jpg,,0,0,448,448,rgb_repeat_v1,False,False
miic_partial_anomaly_test_abnormal_00095__x00000_y00000_s00448,miic_partial_anomaly_test_abnormal_00095,miic_partial,default,,SEM,test,anomaly,data/dataverse_files_recovered/miic_partial_clean/anomaly/test_abnormal_00095.jpg,,0,0,448,448,rgb_repeat_v1,False,False
miic_partial_anomaly_test_abnormal_00096__x00000_y00000_s00448,miic_partial_anomaly_test_abnormal_00096,miic_partial,default,,SEM,test,anomaly,data/dataverse_files_recovered/miic_partial_clean/anomaly/test_abnormal_00096.jpg,,0,0,448,448,rgb_repeat_v1,False,False
miic_partial_anomaly_test_abnormal_00097__x00000_y00000_s00448,miic_partial_anomaly_test_abnormal_00097,miic_partial,default,,SEM,test,anomaly,data/dataverse_files_recovered/miic_partial_clean/anomaly/test_abnormal_00097.jpg,,0,0,448,448,rgb_repeat_v1,False,False
miic_partial_anomaly_test_abnormal_00098__x00000_y00000_s00448,miic_partial_anomaly_test_abnormal_00098,miic_partial,default,,SEM,test,anomaly,data/dataverse_files_recovered/miic_partial_clean/anomaly/test_abnormal_00098.jpg,,0,0,448,448,rgb_repeat_v1,False,False
miic_partial_anomaly_test_abnormal_00099__x00000_y00000_s00448,miic_partial_anomaly_test_abnormal_00099,miic_partial,default,,SEM,test,anomaly,data/dataverse_files_recovered/miic_partial_clean/anomaly/test_abnormal_00099.jpg,,0,0,448,448,rgb_repeat_v1,False,False
miic_partial_anomaly_test_abnormal_00100__x00000_y00000_s00448,miic_partial_anomaly_test_abnormal_00100,miic_partial,default,,SEM,test,anomaly,data/dataverse_files_recovered/miic_partial_clean/anomaly/test_abnormal_00100.jpg,,0,0,448,448,rgb_repeat_v1,False,False
miic_partial_anomaly_test_abnormal_00101__x00000_y00000_s00448,miic_partial_anomaly_test_abnormal_00101,miic_partial,default,,SEM,test,anomaly,data/dataverse_files_recovered/miic_partial_clean/anomaly/test_abnormal_00101.jpg,,0,0,448,448,rgb_repeat_v1,False,False
miic_partial_anomaly_test_abnormal_00102__x00000_y00000_s00448,miic_partial_anomaly_test_abnormal_00102,miic_partial,default,,SEM,test,anomaly,data/dataverse_files_recovered/miic_partial_clean/anomaly/test_abnormal_00102.jpg,,0,0,448,448,rgb_repeat_v1,False,False
miic_partial_anomaly_test_abnormal_00103__x00000_y00000_s00448,miic_partial_anomaly_test_abnormal_00103,miic_partial,default,,SEM,test,anomaly,data/dataverse_files_recovered/miic_partial_clean/anomaly/test_abnormal_00103.jpg,,0,0,448,448,rgb_repeat_v1,False,False
miic_partial_anomaly_test_abnormal_00104__x00000_y00000_s00448,miic_partial_anomaly_test_abnormal_00104,miic_partial,default,,SEM,test,anomaly,data/dataverse_files_recovered/miic_partial_clean/anomaly/test_abnormal_00104.jpg,,0,0,448,448,rgb_repeat_v1,False,False
miic_partial_anomaly_test_abnormal_00105__x00000_y00000_s00448,miic_partial_anomaly_test_abnormal_00105,miic_partial,default,,SEM,test,anomaly,data/dataverse_files_recovered/miic_partial_clean/anomaly/test_abnormal_00105.jpg,,0,0,448,448,rgb_repeat_v1,False,False
miic_partial_anomaly_test_abnormal_00106__x00000_y00000_s00448,miic_partial_anomaly_test_abnormal_00106,miic_partial,default,,SEM,test,anomaly,data/dataverse_files_recovered/miic_partial_clean/anomaly/test_abnormal_00106.jpg,,0,0,448,448,rgb_repeat_v1,False,False
miic_partial_anomaly_test_abnormal_00107__x00000_y00000_s00448,miic_partial_anomaly_test_abnormal_00107,miic_partial,default,,SEM,test,anomaly,data/dataverse_files_recovered/miic_partial_clean/anomaly/test_abnormal_00107.jpg,,0,0,448,448,rgb_repeat_v1,False,False
miic_partial_anomaly_test_abnormal_00108__x00000_y00000_s00448,miic_partial_anomaly_test_abnormal_00108,miic_partial,default,,SEM,test,anomaly,data/dataverse_files_recovered/miic_partial_clean/anomaly/test_abnormal_00108.jpg,,0,0,448,448,rgb_repeat_v1,False,False
miic_partial_anomaly_test_abnormal_00109__x00000_y00000_s00448,miic_partial_anomaly_test_abnormal_00109,miic_partial,default,,SEM,test,anomaly,data/dataverse_files_recovered/miic_partial_clean/anomaly/test_abnormal_00109.jpg,,0,0,448,448,rgb_repeat_v1,False,False
miic_partial_anomaly_test_abnormal_00110__x00000_y00000_s00448,miic_partial_anomaly_test_abnormal_00110,miic_partial,default,,SEM,test,anomaly,data/dataverse_files_recovered/miic_partial_clean/anomaly/test_abnormal_00110.jpg,,0,0,448,448,rgb_repeat_v1,False,False
miic_partial_anomaly_test_abnormal_00111__x00000_y00000_s00448,miic_partial_anomaly_test_abnormal_00111,miic_partial,default,,SEM,test,anomaly,data/dataverse_files_recovered/miic_partial_clean/anomaly/test_abnormal_00111.jpg,,0,0,448,448,rgb_repeat_v1,False,False
miic_partial_anomaly_test_abnormal_00112__x00000_y00000_s00448,miic_partial_anomaly_test_abnormal_00112,miic_partial,default,,SEM,test,anomaly,data/dataverse_files_recovered/miic_partial_clean/anomaly/test_abnormal_00112.jpg,,0,0,448,448,rgb_repeat_v1,False,False
miic_partial_anomaly_test_abnormal_00113__x00000_y00000_s00448,miic_partial_anomaly_test_abnormal_00113,miic_partial,default,,SEM,test,anomaly,data/dataverse_files_recovered/miic_partial_clean/anomaly/test_abnormal_00113.jpg,,0,0,448,448,rgb_repeat_v1,False,False
miic_partial_anomaly_test_abnormal_00114__x00000_y00000_s00448,miic_partial_anomaly_test_abnormal_00114,miic_partial,default,,SEM,test,anomaly,data/dataverse_files_recovered/miic_partial_clean/anomaly/test_abnormal_00114.jpg,,0,0,448,448,rgb_repeat_v1,False,False
miic_partial_anomaly_test_abnormal_00115__x00000_y00000_s00448,miic_partial_anomaly_test_abnormal_00115,miic_partial,default,,SEM,test,anomaly,data/dataverse_files_recovered/miic_partial_clean/anomaly/test_abnormal_00115.jpg,,0,0,448,448,rgb_repeat_v1,False,False
miic_partial_anomaly_test_abnormal_00116__x00000_y00000_s00448,miic_partial_anomaly_test_abnormal_00116,miic_partial,default,,SEM,test,anomaly,data/dataverse_files_recovered/miic_partial_clean/anomaly/test_abnormal_00116.jpg,,0,0,448,448,rgb_repeat_v1,False,False
